group	accession	genotype	sequence_length	protein	start	end	strand	source
GI	MH638228	GI.1	7598	VP1	5348	6940	+	genbank
GI	MH638228	GI.1	7598	VP2	6940	7578	+	genbank
GI	MH638228	GI.1	7598	ORF1	1	5364	+	genbank
GI	MH638228	GI.1	7598	p48	1	1395	+	orf1_relative
GI	MH638228	GI.1	7598	NTPase	1396	2199	+	orf1_relative
GI	MH638228	GI.1	7598	p22	2200	2628	+	orf1_relative
GI	MH638228	GI.1	7598	VPg	2629	3057	+	orf1_relative
GI	MH638228	GI.1	7598	3CLpro	3058	3648	+	orf1_relative
GI	MH638228	GI.1	7598	RdRp	4585	5346	+	inferred_from_region_blast
GI	MH638229	GI.1	7591	VP1	5340	6932	+	genbank
GI	MH638229	GI.1	7591	VP2	6932	7570	+	genbank
GI	MH638229	GI.1	7591	ORF1	1	5356	+	genbank
GI	MH638229	GI.1	7591	p48	1	1393	+	orf1_relative
GI	MH638229	GI.1	7591	NTPase	1394	2196	+	orf1_relative
GI	MH638229	GI.1	7591	p22	2197	2624	+	orf1_relative
GI	MH638229	GI.1	7591	VPg	2625	3053	+	orf1_relative
GI	MH638229	GI.1	7591	3CLpro	3054	3642	+	orf1_relative
GI	MH638229	GI.1	7591	RdRp	4577	5338	+	inferred_from_region_blast
GI	MT008453	GI.1	7454	VP1	5201	6793	+	genbank
GI	MT008453	GI.1	7454	VP2	6793	7431	+	genbank
GI	MT008453	GI.1	7454	ORF1	1	5217	+	genbank
GI	MT008453	GI.1	7454	p48	1	1356	+	orf1_relative
GI	MT008453	GI.1	7454	NTPase	1357	2139	+	orf1_relative
GI	MT008453	GI.1	7454	p22	2140	2556	+	orf1_relative
GI	MT008453	GI.1	7454	VPg	2557	2974	+	orf1_relative
GI	MT008453	GI.1	7454	3CLpro	2975	3548	+	orf1_relative
GI	MT008453	GI.1	7454	RdRp	4438	5199	+	inferred_from_region_blast
GI	MT357991	GI.1	7654	VP1	5358	6950	+	genbank
GI	MT357991	GI.1	7654	VP2	6950	7588	+	genbank
GI	MT357991	GI.1	7654	ORF1	5	5374	+	genbank
GI	MT357991	GI.1	7654	p48	5	1400	+	orf1_relative
GI	MT357991	GI.1	7654	NTPase	1401	2206	+	orf1_relative
GI	MT357991	GI.1	7654	p22	2207	2635	+	orf1_relative
GI	MT357991	GI.1	7654	VPg	2636	3065	+	orf1_relative
GI	MT357991	GI.1	7654	3CLpro	3066	3656	+	orf1_relative
GI	MT357991	GI.1	7654	RdRp	4595	5356	+	inferred_from_region_blast
GI	MT357992	GI.1	7654	VP1	5358	6950	+	genbank
GI	MT357992	GI.1	7654	VP2	6950	7588	+	genbank
GI	MT357992	GI.1	7654	ORF1	5	5374	+	genbank
GI	MT357992	GI.1	7654	p48	5	1400	+	orf1_relative
GI	MT357992	GI.1	7654	NTPase	1401	2206	+	orf1_relative
GI	MT357992	GI.1	7654	p22	2207	2635	+	orf1_relative
GI	MT357992	GI.1	7654	VPg	2636	3065	+	orf1_relative
GI	MT357992	GI.1	7654	3CLpro	3066	3656	+	orf1_relative
GI	MT357992	GI.1	7654	RdRp	4595	5356	+	inferred_from_region_blast
GI	MT357993	GI.1	7654	VP1	5358	6950	+	genbank
GI	MT357993	GI.1	7654	VP2	6950	7588	+	genbank
GI	MT357993	GI.1	7654	ORF1	5	5374	+	genbank
GI	MT357993	GI.1	7654	p48	5	1400	+	orf1_relative
GI	MT357993	GI.1	7654	NTPase	1401	2206	+	orf1_relative
GI	MT357993	GI.1	7654	p22	2207	2635	+	orf1_relative
GI	MT357993	GI.1	7654	VPg	2636	3065	+	orf1_relative
GI	MT357993	GI.1	7654	3CLpro	3066	3656	+	orf1_relative
GI	MT357993	GI.1	7654	RdRp	4595	5356	+	inferred_from_region_blast
GI	MZ220330	GI.1	7659	VP1	5354	6946	+	genbank
GI	MZ220330	GI.1	7659	VP2	6946	7584	+	genbank
GI	MZ220330	GI.1	7659	ORF1	1	5370	+	genbank
GI	MZ220330	GI.1	7659	p48	1	1396	+	orf1_relative
GI	MZ220330	GI.1	7659	NTPase	1397	2202	+	orf1_relative
GI	MZ220330	GI.1	7659	p22	2203	2631	+	orf1_relative
GI	MZ220330	GI.1	7659	VPg	2632	3061	+	orf1_relative
GI	MZ220330	GI.1	7659	3CLpro	3062	3652	+	orf1_relative
GI	MZ220330	GI.1	7659	RdRp	4591	5351	+	inferred_from_region_blast
GI	MZ220331	GI.1	7663	VP1	5358	6950	+	genbank
GI	MZ220331	GI.1	7663	VP2	6950	7588	+	genbank
GI	MZ220331	GI.1	7663	ORF1	5	5374	+	genbank
GI	MZ220331	GI.1	7663	p48	5	1400	+	orf1_relative
GI	MZ220331	GI.1	7663	NTPase	1401	2206	+	orf1_relative
GI	MZ220331	GI.1	7663	p22	2207	2635	+	orf1_relative
GI	MZ220331	GI.1	7663	VPg	2636	3065	+	orf1_relative
GI	MZ220331	GI.1	7663	3CLpro	3066	3656	+	orf1_relative
GI	MZ220331	GI.1	7663	RdRp	4595	5355	+	inferred_from_region_blast
GI	MZ462933	GI.1	7527	VP1	5352	6944	+	genbank
GI	MZ462933	GI.1	7527	VP2	6944	7527	+	genbank
GI	MZ462933	GI.1	7527	ORF1	1	5368	+	genbank
GI	MZ462933	GI.1	7527	p48	1	1396	+	orf1_relative
GI	MZ462933	GI.1	7527	NTPase	1397	2201	+	orf1_relative
GI	MZ462933	GI.1	7527	p22	2202	2630	+	orf1_relative
GI	MZ462933	GI.1	7527	VPg	2631	3060	+	orf1_relative
GI	MZ462933	GI.1	7527	3CLpro	3061	3650	+	orf1_relative
GI	MZ462933	GI.1	7527	RdRp	4589	5350	+	inferred_from_region_blast
GI	LC646339	GI.6	7590	VP1	5339	6961	+	genbank
GI	LC646339	GI.6	7590	VP2	6961	7590	+	genbank
GI	LC646339	GI.6	7590	ORF1	1	5355	+	genbank
GI	LC646339	GI.6	7590	p48	1	1392	+	orf1_relative
GI	LC646339	GI.6	7590	NTPase	1393	2196	+	orf1_relative
GI	LC646339	GI.6	7590	p22	2197	2624	+	orf1_relative
GI	LC646339	GI.6	7590	VPg	2625	3052	+	orf1_relative
GI	LC646339	GI.6	7590	3CLpro	3053	3641	+	orf1_relative
GI	LC646339	GI.6	7590	RdRp	4575	5337	+	inferred_from_region_blast
GI	LC726060	GI.6	7667	VP1	5338	6960	+	genbank
GI	LC726060	GI.6	7667	VP2	6960	7589	+	genbank
GI	LC726060	GI.6	7667	ORF1	1	5354	+	genbank
GI	LC726060	GI.6	7667	p48	1	1392	+	orf1_relative
GI	LC726060	GI.6	7667	NTPase	1393	2195	+	orf1_relative
GI	LC726060	GI.6	7667	p22	2196	2623	+	orf1_relative
GI	LC726060	GI.6	7667	VPg	2624	3052	+	orf1_relative
GI	LC726060	GI.6	7667	3CLpro	3053	3641	+	orf1_relative
GI	LC726060	GI.6	7667	RdRp	4574	5336	+	inferred_from_region_blast
GI	LC726061	GI.6	7670	VP1	5337	6959	+	genbank
GI	LC726061	GI.6	7670	VP2	6959	7588	+	genbank
GI	LC726061	GI.6	7670	ORF1	1	5353	+	genbank
GI	LC726061	GI.6	7670	p48	1	1392	+	orf1_relative
GI	LC726061	GI.6	7670	NTPase	1393	2195	+	orf1_relative
GI	LC726061	GI.6	7670	p22	2196	2623	+	orf1_relative
GI	LC726061	GI.6	7670	VPg	2624	3051	+	orf1_relative
GI	LC726061	GI.6	7670	3CLpro	3052	3640	+	orf1_relative
GI	LC726061	GI.6	7670	RdRp	4573	5335	+	inferred_from_region_blast
GI	LC726062	GI.6	7648	VP1	5324	6946	+	genbank
GI	LC726062	GI.6	7648	VP2	6946	7575	+	genbank
GI	LC726062	GI.6	7648	ORF1	1	5340	+	genbank
GI	LC726062	GI.6	7648	p48	1	1388	+	orf1_relative
GI	LC726062	GI.6	7648	NTPase	1389	2189	+	orf1_relative
GI	LC726062	GI.6	7648	p22	2190	2617	+	orf1_relative
GI	LC726062	GI.6	7648	VPg	2618	3044	+	orf1_relative
GI	LC726062	GI.6	7648	3CLpro	3045	3631	+	orf1_relative
GI	LC726062	GI.6	7648	RdRp	4560	5322	+	inferred_from_region_blast
GI	MK236608	GI.6	7607	VP1	5308	6930	+	inferred_from_region_blast
GI	MK236608	GI.6	7607	VP2	5308	6930	+	genbank
GI	MK236608	GI.6	7607	ORF1	1	5324	+	genbank
GI	MK236608	GI.6	7607	p48	1	1384	+	orf1_relative
GI	MK236608	GI.6	7607	NTPase	1385	2183	+	orf1_relative
GI	MK236608	GI.6	7607	p22	2184	2609	+	orf1_relative
GI	MK236608	GI.6	7607	VPg	2610	3035	+	orf1_relative
GI	MK236608	GI.6	7607	3CLpro	3036	3620	+	orf1_relative
GI	MK236608	GI.6	7607	RdRp	4544	5306	+	inferred_from_region_blast
GI	MK236609	GI.6	7674	VP1	5343	6965	+	inferred_from_region_blast
GI	MK236609	GI.6	7674	VP2	5343	6965	+	genbank
GI	MK236609	GI.6	7674	ORF1	1	5359	+	genbank
GI	MK236609	GI.6	7674	p48	1	1393	+	orf1_relative
GI	MK236609	GI.6	7674	NTPase	1394	2197	+	orf1_relative
GI	MK236609	GI.6	7674	p22	2198	2626	+	orf1_relative
GI	MK236609	GI.6	7674	VPg	2627	3055	+	orf1_relative
GI	MK236609	GI.6	7674	3CLpro	3056	3644	+	orf1_relative
GI	MK236609	GI.6	7674	RdRp	4579	5341	+	inferred_from_region_blast
GI	MK236610	GI.6	7674	VP1	5335	6957	+	inferred_from_region_blast
GI	MK236610	GI.6	7674	VP2	5335	6957	+	genbank
GI	MK236610	GI.6	7674	ORF1	1	5351	+	genbank
GI	MK236610	GI.6	7674	p48	1	1391	+	orf1_relative
GI	MK236610	GI.6	7674	NTPase	1392	2194	+	orf1_relative
GI	MK236610	GI.6	7674	p22	2195	2622	+	orf1_relative
GI	MK236610	GI.6	7674	VPg	2623	3050	+	orf1_relative
GI	MK236610	GI.6	7674	3CLpro	3051	3639	+	orf1_relative
GI	MK236610	GI.6	7674	RdRp	4571	5333	+	inferred_from_region_blast
GI	MK236611	GI.6	7684	VP1	5343	6965	+	inferred_from_region_blast
GI	MK236611	GI.6	7684	VP2	5343	6965	+	genbank
GI	MK236611	GI.6	7684	ORF1	1	5359	+	genbank
GI	MK236611	GI.6	7684	p48	1	1393	+	orf1_relative
GI	MK236611	GI.6	7684	NTPase	1394	2197	+	orf1_relative
GI	MK236611	GI.6	7684	p22	2198	2626	+	orf1_relative
GI	MK236611	GI.6	7684	VPg	2627	3055	+	orf1_relative
GI	MK236611	GI.6	7684	3CLpro	3056	3644	+	orf1_relative
GI	MK236611	GI.6	7684	RdRp	4579	5341	+	inferred_from_region_blast
GI	MT357995	GI.6	7696	VP1	5355	6977	+	genbank
GI	MT357995	GI.6	7696	VP2	6977	7606	+	genbank
GI	MT357995	GI.6	7696	ORF1	5	5371	+	genbank
GI	MT357995	GI.6	7696	p48	5	1399	+	orf1_relative
GI	MT357995	GI.6	7696	NTPase	1400	2204	+	orf1_relative
GI	MT357995	GI.6	7696	p22	2205	2634	+	orf1_relative
GI	MT357995	GI.6	7696	VPg	2635	3063	+	orf1_relative
GI	MT357995	GI.6	7696	3CLpro	3064	3654	+	orf1_relative
GI	MT357995	GI.6	7696	RdRp	4591	5353	+	inferred_from_region_blast
GI	MT357996	GI.6	7696	VP1	5355	6977	+	genbank
GI	MT357996	GI.6	7696	VP2	6977	7606	+	genbank
GI	MT357996	GI.6	7696	ORF1	5	5371	+	genbank
GI	MT357996	GI.6	7696	p48	5	1399	+	orf1_relative
GI	MT357996	GI.6	7696	NTPase	1400	2204	+	orf1_relative
GI	MT357996	GI.6	7696	p22	2205	2634	+	orf1_relative
GI	MT357996	GI.6	7696	VPg	2635	3063	+	orf1_relative
GI	MT357996	GI.6	7696	3CLpro	3064	3654	+	orf1_relative
GI	MT357996	GI.6	7696	RdRp	4591	5353	+	inferred_from_region_blast
GI	MT372464	GI.2	7708	VP1	5355	6995	+	genbank
GI	MT372464	GI.2	7708	VP2	6995	7630	+	genbank
GI	MT372464	GI.2	7708	ORF1	5	5371	+	genbank
GI	MT372464	GI.2	7708	p48	5	1399	+	orf1_relative
GI	MT372464	GI.2	7708	NTPase	1400	2204	+	orf1_relative
GI	MT372464	GI.2	7708	p22	2205	2634	+	orf1_relative
GI	MT372464	GI.2	7708	VPg	2635	3063	+	orf1_relative
GI	MT372464	GI.2	7708	3CLpro	3064	3654	+	orf1_relative
GI	MT372464	GI.2	7708	RdRp	4591	5353	+	inferred_from_region_blast
GI	MT372465	GI.2	7708	VP1	5355	6995	+	genbank
GI	MT372465	GI.2	7708	VP2	6995	7630	+	genbank
GI	MT372465	GI.2	7708	ORF1	5	5371	+	genbank
GI	MT372465	GI.2	7708	p48	5	1399	+	orf1_relative
GI	MT372465	GI.2	7708	NTPase	1400	2204	+	orf1_relative
GI	MT372465	GI.2	7708	p22	2205	2634	+	orf1_relative
GI	MT372465	GI.2	7708	VPg	2635	3063	+	orf1_relative
GI	MT372465	GI.2	7708	3CLpro	3064	3654	+	orf1_relative
GI	MT372465	GI.2	7708	RdRp	4591	5353	+	inferred_from_region_blast
GI	MT372477	GI.6	7696	VP1	5355	6977	+	genbank
GI	MT372477	GI.6	7696	VP2	6977	7606	+	genbank
GI	MT372477	GI.6	7696	ORF1	5	5371	+	genbank
GI	MT372477	GI.6	7696	p48	5	1399	+	orf1_relative
GI	MT372477	GI.6	7696	NTPase	1400	2204	+	orf1_relative
GI	MT372477	GI.6	7696	p22	2205	2634	+	orf1_relative
GI	MT372477	GI.6	7696	VPg	2635	3063	+	orf1_relative
GI	MT372477	GI.6	7696	3CLpro	3064	3654	+	orf1_relative
GI	MT372477	GI.6	7696	RdRp	4591	5353	+	inferred_from_region_blast
GI	MW243609	GI.6	7684	VP1	5343	6965	+	genbank
GI	MW243609	GI.6	7684	VP2	6965	7594	+	genbank
GI	MW243609	GI.6	7684	ORF1	1	5359	+	genbank
GI	MW243609	GI.6	7684	p48	1	1393	+	orf1_relative
GI	MW243609	GI.6	7684	NTPase	1394	2197	+	orf1_relative
GI	MW243609	GI.6	7684	p22	2198	2626	+	orf1_relative
GI	MW243609	GI.6	7684	VPg	2627	3055	+	orf1_relative
GI	MW243609	GI.6	7684	3CLpro	3056	3644	+	orf1_relative
GI	MW243609	GI.6	7684	RdRp	4579	5341	+	inferred_from_region_blast
GI	MW305497	GI.6	7660	VP1	5319	6941	+	genbank
GI	MW305497	GI.6	7660	VP2	6941	7570	+	genbank
GI	MW305497	GI.6	7660	ORF1	1	5335	+	genbank
GI	MW305497	GI.6	7660	p48	1	1387	+	orf1_relative
GI	MW305497	GI.6	7660	NTPase	1388	2187	+	orf1_relative
GI	MW305497	GI.6	7660	p22	2188	2614	+	orf1_relative
GI	MW305497	GI.6	7660	VPg	2615	3041	+	orf1_relative
GI	MW305497	GI.6	7660	3CLpro	3042	3628	+	orf1_relative
GI	MW305497	GI.6	7660	RdRp	4555	5317	+	inferred_from_region_blast
GI	MW305498	GI.6	7659	VP1	5319	6941	+	genbank
GI	MW305498	GI.6	7659	VP2	6941	7570	+	genbank
GI	MW305498	GI.6	7659	ORF1	1	5335	+	genbank
GI	MW305498	GI.6	7659	p48	1	1387	+	orf1_relative
GI	MW305498	GI.6	7659	NTPase	1388	2187	+	orf1_relative
GI	MW305498	GI.6	7659	p22	2188	2614	+	orf1_relative
GI	MW305498	GI.6	7659	VPg	2615	3041	+	orf1_relative
GI	MW305498	GI.6	7659	3CLpro	3042	3628	+	orf1_relative
GI	MW305498	GI.6	7659	RdRp	4555	5317	+	inferred_from_region_blast
GI	OP162338	GI.6	7586	VP1	5332	6954	+	genbank
GI	OP162338	GI.6	7586	VP2	6954	7583	+	genbank
GI	OP162338	GI.6	7586	ORF1	1	5348	+	genbank
GI	OP162338	GI.6	7586	p48	1	1390	+	orf1_relative
GI	OP162338	GI.6	7586	NTPase	1391	2193	+	orf1_relative
GI	OP162338	GI.6	7586	p22	2194	2621	+	orf1_relative
GI	OP162338	GI.6	7586	VPg	2622	3048	+	orf1_relative
GI	OP162338	GI.6	7586	3CLpro	3049	3637	+	orf1_relative
GI	OP162338	GI.6	7586	RdRp	4568	5330	+	inferred_from_region_blast
GI	OP162339	GI.6	7597	VP1	5343	6965	+	genbank
GI	OP162339	GI.6	7597	VP2	6965	7594	+	genbank
GI	OP162339	GI.6	7597	ORF1	1	5359	+	genbank
GI	OP162339	GI.6	7597	p48	1	1393	+	orf1_relative
GI	OP162339	GI.6	7597	NTPase	1394	2197	+	orf1_relative
GI	OP162339	GI.6	7597	p22	2198	2626	+	orf1_relative
GI	OP162339	GI.6	7597	VPg	2627	3055	+	orf1_relative
GI	OP162339	GI.6	7597	3CLpro	3056	3644	+	orf1_relative
GI	OP162339	GI.6	7597	RdRp	4579	5341	+	inferred_from_region_blast
GI	OP162340	GI.6	7593	VP1	5339	6961	+	genbank
GI	OP162340	GI.6	7593	VP2	6961	7590	+	genbank
GI	OP162340	GI.6	7593	ORF1	1	5355	+	genbank
GI	OP162340	GI.6	7593	p48	1	1392	+	orf1_relative
GI	OP162340	GI.6	7593	NTPase	1393	2196	+	orf1_relative
GI	OP162340	GI.6	7593	p22	2197	2624	+	orf1_relative
GI	OP162340	GI.6	7593	VPg	2625	3052	+	orf1_relative
GI	OP162340	GI.6	7593	3CLpro	3053	3641	+	orf1_relative
GI	OP162340	GI.6	7593	RdRp	4575	5337	+	inferred_from_region_blast
GI	OR267350	GI.6	7320	VP1	5291	6913	+	genbank
GI	OR267350	GI.6	7320	VP2	6913	7320	+	genbank
GI	OR267350	GI.6	7320	ORF1	1	5307	+	genbank
GI	OR267350	GI.6	7320	p48	1	1380	+	orf1_relative
GI	OR267350	GI.6	7320	NTPase	1381	2176	+	orf1_relative
GI	OR267350	GI.6	7320	p22	2177	2600	+	orf1_relative
GI	OR267350	GI.6	7320	VPg	2601	3025	+	orf1_relative
GI	OR267350	GI.6	7320	3CLpro	3026	3609	+	orf1_relative
GI	OR267350	GI.6	7320	RdRp	4527	5289	+	inferred_from_region_blast
GI	OR267444	GI.6	7320	VP1	5291	6913	+	genbank
GI	OR267444	GI.6	7320	VP2	6913	7320	+	genbank
GI	OR267444	GI.6	7320	ORF1	1	5307	+	genbank
GI	OR267444	GI.6	7320	p48	1	1380	+	orf1_relative
GI	OR267444	GI.6	7320	NTPase	1381	2176	+	orf1_relative
GI	OR267444	GI.6	7320	p22	2177	2600	+	orf1_relative
GI	OR267444	GI.6	7320	VPg	2601	3025	+	orf1_relative
GI	OR267444	GI.6	7320	3CLpro	3026	3609	+	orf1_relative
GI	OR267444	GI.6	7320	RdRp	4527	5289	+	inferred_from_region_blast
GI	OR267445	GI.6	7320	VP1	5291	6913	+	genbank
GI	OR267445	GI.6	7320	VP2	6913	7320	+	genbank
GI	OR267445	GI.6	7320	ORF1	1	5307	+	genbank
GI	OR267445	GI.6	7320	p48	1	1380	+	orf1_relative
GI	OR267445	GI.6	7320	NTPase	1381	2176	+	orf1_relative
GI	OR267445	GI.6	7320	p22	2177	2600	+	orf1_relative
GI	OR267445	GI.6	7320	VPg	2601	3025	+	orf1_relative
GI	OR267445	GI.6	7320	3CLpro	3026	3609	+	orf1_relative
GI	OR267445	GI.6	7320	RdRp	4527	5289	+	inferred_from_region_blast
GI	OR267446	GI.6	7320	VP1	5291	6913	+	genbank
GI	OR267446	GI.6	7320	VP2	6913	7320	+	genbank
GI	OR267446	GI.6	7320	ORF1	1	5307	+	genbank
GI	OR267446	GI.6	7320	p48	1	1380	+	orf1_relative
GI	OR267446	GI.6	7320	NTPase	1381	2176	+	orf1_relative
GI	OR267446	GI.6	7320	p22	2177	2600	+	orf1_relative
GI	OR267446	GI.6	7320	VPg	2601	3025	+	orf1_relative
GI	OR267446	GI.6	7320	3CLpro	3026	3609	+	orf1_relative
GI	OR267446	GI.6	7320	RdRp	4527	5289	+	inferred_from_region_blast
GI	OR267447	GI.6	7320	VP1	5291	6913	+	genbank
GI	OR267447	GI.6	7320	VP2	6913	7320	+	genbank
GI	OR267447	GI.6	7320	ORF1	1	5307	+	genbank
GI	OR267447	GI.6	7320	p48	1	1380	+	orf1_relative
GI	OR267447	GI.6	7320	NTPase	1381	2176	+	orf1_relative
GI	OR267447	GI.6	7320	p22	2177	2600	+	orf1_relative
GI	OR267447	GI.6	7320	VPg	2601	3025	+	orf1_relative
GI	OR267447	GI.6	7320	3CLpro	3026	3609	+	orf1_relative
GI	OR267447	GI.6	7320	RdRp	4527	5289	+	inferred_from_region_blast
GI	OR268205	GI.6	7461	VP1	5276	6898	+	genbank
GI	OR268205	GI.6	7461	VP2	6898	7461	+	genbank
GI	OR268205	GI.6	7461	ORF1	1	5292	+	genbank
GI	OR268205	GI.6	7461	p48	1	1376	+	orf1_relative
GI	OR268205	GI.6	7461	NTPase	1377	2170	+	orf1_relative
GI	OR268205	GI.6	7461	p22	2171	2593	+	orf1_relative
GI	OR268205	GI.6	7461	VPg	2594	3016	+	orf1_relative
GI	OR268205	GI.6	7461	3CLpro	3017	3599	+	orf1_relative
GI	OR268205	GI.6	7461	RdRp	4512	5274	+	inferred_from_region_blast
GI	OR268206	GI.6	7461	VP1	5276	6898	+	genbank
GI	OR268206	GI.6	7461	VP2	6898	7461	+	genbank
GI	OR268206	GI.6	7461	ORF1	1	5292	+	genbank
GI	OR268206	GI.6	7461	p48	1	1376	+	orf1_relative
GI	OR268206	GI.6	7461	NTPase	1377	2170	+	orf1_relative
GI	OR268206	GI.6	7461	p22	2171	2593	+	orf1_relative
GI	OR268206	GI.6	7461	VPg	2594	3016	+	orf1_relative
GI	OR268206	GI.6	7461	3CLpro	3017	3599	+	orf1_relative
GI	OR268206	GI.6	7461	RdRp	4512	5274	+	inferred_from_region_blast
GI	OR268207	GI.6	7461	VP1	5276	6898	+	genbank
GI	OR268207	GI.6	7461	VP2	6898	7461	+	genbank
GI	OR268207	GI.6	7461	ORF1	1	5292	+	genbank
GI	OR268207	GI.6	7461	p48	1	1376	+	orf1_relative
GI	OR268207	GI.6	7461	NTPase	1377	2170	+	orf1_relative
GI	OR268207	GI.6	7461	p22	2171	2593	+	orf1_relative
GI	OR268207	GI.6	7461	VPg	2594	3016	+	orf1_relative
GI	OR268207	GI.6	7461	3CLpro	3017	3599	+	orf1_relative
GI	OR268207	GI.6	7461	RdRp	4512	5274	+	inferred_from_region_blast
GI	OR268208	GI.6	7461	VP1	5276	6898	+	genbank
GI	OR268208	GI.6	7461	VP2	6898	7461	+	genbank
GI	OR268208	GI.6	7461	ORF1	1	5292	+	genbank
GI	OR268208	GI.6	7461	p48	1	1376	+	orf1_relative
GI	OR268208	GI.6	7461	NTPase	1377	2170	+	orf1_relative
GI	OR268208	GI.6	7461	p22	2171	2593	+	orf1_relative
GI	OR268208	GI.6	7461	VPg	2594	3016	+	orf1_relative
GI	OR268208	GI.6	7461	3CLpro	3017	3599	+	orf1_relative
GI	OR268208	GI.6	7461	RdRp	4512	5274	+	inferred_from_region_blast
GI	OR268635	GI.6	7476	VP1	5291	6913	+	genbank
GI	OR268635	GI.6	7476	VP2	6913	7476	+	genbank
GI	OR268635	GI.6	7476	ORF1	1	5307	+	genbank
GI	OR268635	GI.6	7476	p48	1	1380	+	orf1_relative
GI	OR268635	GI.6	7476	NTPase	1381	2176	+	orf1_relative
GI	OR268635	GI.6	7476	p22	2177	2600	+	orf1_relative
GI	OR268635	GI.6	7476	VPg	2601	3025	+	orf1_relative
GI	OR268635	GI.6	7476	3CLpro	3026	3609	+	orf1_relative
GI	OR268635	GI.6	7476	RdRp	4527	5289	+	inferred_from_region_blast
GI	OR268636	GI.6	7476	VP1	5291	6913	+	genbank
GI	OR268636	GI.6	7476	VP2	6913	7476	+	genbank
GI	OR268636	GI.6	7476	ORF1	1	5307	+	genbank
GI	OR268636	GI.6	7476	p48	1	1380	+	orf1_relative
GI	OR268636	GI.6	7476	NTPase	1381	2176	+	orf1_relative
GI	OR268636	GI.6	7476	p22	2177	2600	+	orf1_relative
GI	OR268636	GI.6	7476	VPg	2601	3025	+	orf1_relative
GI	OR268636	GI.6	7476	3CLpro	3026	3609	+	orf1_relative
GI	OR268636	GI.6	7476	RdRp	4527	5289	+	inferred_from_region_blast
GI	LC646334	GI.7	7638	VP1	5372	6991	+	genbank
GI	LC646334	GI.7	7638	VP2	6991	7638	+	genbank
GI	LC646334	GI.7	7638	ORF1	1	5388	+	genbank
GI	LC646334	GI.7	7638	p48	1	1401	+	orf1_relative
GI	LC646334	GI.7	7638	NTPase	1402	2209	+	orf1_relative
GI	LC646334	GI.7	7638	p22	2210	2640	+	orf1_relative
GI	LC646334	GI.7	7638	VPg	2641	3071	+	orf1_relative
GI	LC646334	GI.7	7638	3CLpro	3072	3664	+	orf1_relative
GI	LC646334	GI.7	7638	RdRp	4609	5370	+	inferred_from_region_blast
GI	LC646335	GI.7	7630	VP1	5364	6983	+	genbank
GI	LC646335	GI.7	7630	VP2	6983	7630	+	genbank
GI	LC646335	GI.7	7630	ORF1	1	5380	+	genbank
GI	LC646335	GI.7	7630	p48	1	1399	+	orf1_relative
GI	LC646335	GI.7	7630	NTPase	1400	2206	+	orf1_relative
GI	LC646335	GI.7	7630	p22	2207	2636	+	orf1_relative
GI	LC646335	GI.7	7630	VPg	2637	3067	+	orf1_relative
GI	LC646335	GI.7	7630	3CLpro	3068	3658	+	orf1_relative
GI	LC646335	GI.7	7630	RdRp	4600	5362	+	inferred_from_region_blast
GI	LC769710	GI.3	7758	VP1	5389	7023	+	genbank
GI	LC769710	GI.3	7758	VP2	7023	7670	+	genbank
GI	LC769710	GI.3	7758	ORF1	1	5405	+	genbank
GI	LC769710	GI.3	7758	p48	1	1405	+	orf1_relative
GI	LC769710	GI.3	7758	NTPase	1406	2216	+	orf1_relative
GI	LC769710	GI.3	7758	p22	2217	2648	+	orf1_relative
GI	LC769710	GI.3	7758	VPg	2649	3081	+	orf1_relative
GI	LC769710	GI.3	7758	3CLpro	3082	3675	+	orf1_relative
GI	LC769710	GI.3	7758	RdRp	4625	5387	+	inferred_from_region_blast
GI	LC769711	GI.3	7815	VP1	5395	7029	+	genbank
GI	LC769711	GI.3	7815	VP2	7029	7676	+	genbank
GI	LC769711	GI.3	7815	ORF1	3	5411	+	genbank
GI	LC769711	GI.3	7815	p48	3	1408	+	orf1_relative
GI	LC769711	GI.3	7815	NTPase	1409	2220	+	orf1_relative
GI	LC769711	GI.3	7815	p22	2221	2652	+	orf1_relative
GI	LC769711	GI.3	7815	VPg	2653	3085	+	orf1_relative
GI	LC769711	GI.3	7815	3CLpro	3086	3680	+	orf1_relative
GI	LC769711	GI.3	7815	RdRp	4631	5393	+	inferred_from_region_blast
GI	MH218721	GI.3	7704	VP1	5388	7025	+	genbank
GI	MH218721	GI.3	7704	VP2	7025	7672	+	genbank
GI	MH218721	GI.3	7704	ORF1	5	5404	+	genbank
GI	MH218721	GI.3	7704	p48	5	1408	+	orf1_relative
GI	MH218721	GI.3	7704	NTPase	1409	2218	+	orf1_relative
GI	MH218721	GI.3	7704	p22	2219	2650	+	orf1_relative
GI	MH218721	GI.3	7704	VPg	2651	3082	+	orf1_relative
GI	MH218721	GI.3	7704	3CLpro	3083	3676	+	orf1_relative
GI	MH218721	GI.3	7704	RdRp	4624	5386	+	inferred_from_region_blast
GI	MH218723	GI.3	7778	VP1	5388	7025	+	genbank
GI	MH218723	GI.3	7778	VP2	7025	7672	+	genbank
GI	MH218723	GI.3	7778	ORF1	5	5404	+	genbank
GI	MH218723	GI.3	7778	p48	5	1408	+	orf1_relative
GI	MH218723	GI.3	7778	NTPase	1409	2218	+	orf1_relative
GI	MH218723	GI.3	7778	p22	2219	2650	+	orf1_relative
GI	MH218723	GI.3	7778	VPg	2651	3082	+	orf1_relative
GI	MH218723	GI.3	7778	3CLpro	3083	3676	+	orf1_relative
GI	MH218723	GI.3	7778	RdRp	4624	5386	+	inferred_from_region_blast
GI	MK073887	GI.3	7691	VP1	5388	7022	+	genbank
GI	MK073887	GI.3	7691	VP2	7022	7669	+	genbank
GI	MK073887	GI.3	7691	ORF1	89	5404	+	genbank
GI	MK073887	GI.3	7691	p48	89	1470	+	orf1_relative
GI	MK073887	GI.3	7691	NTPase	1471	2268	+	orf1_relative
GI	MK073887	GI.3	7691	p22	2269	2693	+	orf1_relative
GI	MK073887	GI.3	7691	VPg	2694	3118	+	orf1_relative
GI	MK073887	GI.3	7691	3CLpro	3119	3703	+	orf1_relative
GI	MK073887	GI.3	7691	RdRp	4624	5386	+	inferred_from_region_blast
GI	MK073892	GI.3	7692	VP1	5390	7024	+	genbank
GI	MK073892	GI.3	7692	VP2	7024	7671	+	genbank
GI	MK073892	GI.3	7692	ORF1	91	5406	+	genbank
GI	MK073892	GI.3	7692	p48	91	1472	+	orf1_relative
GI	MK073892	GI.3	7692	NTPase	1473	2270	+	orf1_relative
GI	MK073892	GI.3	7692	p22	2271	2695	+	orf1_relative
GI	MK073892	GI.3	7692	VPg	2696	3120	+	orf1_relative
GI	MK073892	GI.3	7692	3CLpro	3121	3705	+	orf1_relative
GI	MK073892	GI.3	7692	RdRp	4626	5388	+	inferred_from_region_blast
GI	MK073893	GI.3	7678	VP1	5381	7015	+	genbank
GI	MK073893	GI.3	7678	VP2	7015	7662	+	genbank
GI	MK073893	GI.3	7678	ORF1	82	5397	+	genbank
GI	MK073893	GI.3	7678	p48	82	1463	+	orf1_relative
GI	MK073893	GI.3	7678	NTPase	1464	2261	+	orf1_relative
GI	MK073893	GI.3	7678	p22	2262	2686	+	orf1_relative
GI	MK073893	GI.3	7678	VPg	2687	3111	+	orf1_relative
GI	MK073893	GI.3	7678	3CLpro	3112	3696	+	orf1_relative
GI	MK073893	GI.3	7678	RdRp	4617	5379	+	inferred_from_region_blast
GI	MT008455	GI.3	7605	VP1	5300	6934	+	genbank
GI	MT008455	GI.3	7605	VP2	6934	7581	+	genbank
GI	MT008455	GI.3	7605	ORF1	1	5316	+	genbank
GI	MT008455	GI.3	7605	p48	1	1382	+	orf1_relative
GI	MT008455	GI.3	7605	NTPase	1383	2180	+	orf1_relative
GI	MT008455	GI.3	7605	p22	2181	2605	+	orf1_relative
GI	MT008455	GI.3	7605	VPg	2606	3030	+	orf1_relative
GI	MT008455	GI.3	7605	3CLpro	3031	3615	+	orf1_relative
GI	MT008455	GI.3	7605	RdRp	4536	5298	+	inferred_from_region_blast
GI	MT008456	GI.3	7581	VP1	5300	6934	+	genbank
GI	MT008456	GI.3	7581	VP2	6934	7581	+	genbank
GI	MT008456	GI.3	7581	ORF1	1	5316	+	genbank
GI	MT008456	GI.3	7581	p48	1	1382	+	orf1_relative
GI	MT008456	GI.3	7581	NTPase	1383	2180	+	orf1_relative
GI	MT008456	GI.3	7581	p22	2181	2605	+	orf1_relative
GI	MT008456	GI.3	7581	VPg	2606	3030	+	orf1_relative
GI	MT008456	GI.3	7581	3CLpro	3031	3615	+	orf1_relative
GI	MT008456	GI.3	7581	RdRp	4536	5298	+	inferred_from_region_blast
GI	MT008457	GI.3	7573	VP1	5294	6928	+	genbank
GI	MT008457	GI.3	7573	VP2	6928	7572	+	genbank
GI	MT008457	GI.3	7573	ORF1	1	5310	+	genbank
GI	MT008457	GI.3	7573	p48	1	1381	+	orf1_relative
GI	MT008457	GI.3	7573	NTPase	1382	2177	+	orf1_relative
GI	MT008457	GI.3	7573	p22	2178	2602	+	orf1_relative
GI	MT008457	GI.3	7573	VPg	2603	3027	+	orf1_relative
GI	MT008457	GI.3	7573	3CLpro	3028	3611	+	orf1_relative
GI	MT008457	GI.3	7573	RdRp	4530	5292	+	inferred_from_region_blast
GI	MT008459	GI.7	7660	VP1	5372	6991	+	genbank
GI	MT008459	GI.7	7660	VP2	6991	7638	+	genbank
GI	MT008459	GI.7	7660	ORF1	85	5388	+	genbank
GI	MT008459	GI.7	7660	p48	85	1463	+	orf1_relative
GI	MT008459	GI.7	7660	NTPase	1464	2259	+	orf1_relative
GI	MT008459	GI.7	7660	p22	2260	2683	+	orf1_relative
GI	MT008459	GI.7	7660	VPg	2684	3107	+	orf1_relative
GI	MT008459	GI.7	7660	3CLpro	3108	3691	+	orf1_relative
GI	MT008459	GI.7	7660	RdRp	4609	5370	+	inferred_from_region_blast
GI	MT031988	GI.3	7776	VP1	5388	7025	+	genbank
GI	MT031988	GI.3	7776	VP2	7025	7672	+	genbank
GI	MT031988	GI.3	7776	ORF1	5	5404	+	genbank
GI	MT031988	GI.3	7776	p48	5	1408	+	orf1_relative
GI	MT031988	GI.3	7776	NTPase	1409	2218	+	orf1_relative
GI	MT031988	GI.3	7776	p22	2219	2650	+	orf1_relative
GI	MT031988	GI.3	7776	VPg	2651	3082	+	orf1_relative
GI	MT031988	GI.3	7776	3CLpro	3083	3676	+	orf1_relative
GI	MT031988	GI.3	7776	RdRp	4624	5386	+	inferred_from_region_blast
GI	MT089578	GI.3	7704	VP1	5377	7014	+	genbank
GI	MT089578	GI.3	7704	VP2	7014	7661	+	genbank
GI	MT089578	GI.3	7704	ORF1	1	5393	+	genbank
GI	MT089578	GI.3	7704	p48	1	1402	+	orf1_relative
GI	MT089578	GI.3	7704	NTPase	1403	2211	+	orf1_relative
GI	MT089578	GI.3	7704	p22	2212	2643	+	orf1_relative
GI	MT089578	GI.3	7704	VPg	2644	3074	+	orf1_relative
GI	MT089578	GI.3	7704	3CLpro	3075	3667	+	orf1_relative
GI	MT089578	GI.3	7704	RdRp	4613	5375	+	inferred_from_region_blast
GI	MT089579	GI.3	7762	VP1	5388	7025	+	genbank
GI	MT089579	GI.3	7762	VP2	7025	7672	+	genbank
GI	MT089579	GI.3	7762	ORF1	5	5404	+	genbank
GI	MT089579	GI.3	7762	p48	5	1408	+	orf1_relative
GI	MT089579	GI.3	7762	NTPase	1409	2218	+	orf1_relative
GI	MT089579	GI.3	7762	p22	2219	2650	+	orf1_relative
GI	MT089579	GI.3	7762	VPg	2651	3082	+	orf1_relative
GI	MT089579	GI.3	7762	3CLpro	3083	3676	+	orf1_relative
GI	MT089579	GI.3	7762	RdRp	4624	5386	+	inferred_from_region_blast
GI	MT089580	GI.3	7735	VP1	5378	7015	+	genbank
GI	MT089580	GI.3	7735	VP2	7015	7662	+	genbank
GI	MT089580	GI.3	7735	ORF1	1	5394	+	genbank
GI	MT089580	GI.3	7735	p48	1	1402	+	orf1_relative
GI	MT089580	GI.3	7735	NTPase	1403	2212	+	orf1_relative
GI	MT089580	GI.3	7735	p22	2213	2643	+	orf1_relative
GI	MT089580	GI.3	7735	VPg	2644	3075	+	orf1_relative
GI	MT089580	GI.3	7735	3CLpro	3076	3668	+	orf1_relative
GI	MT089580	GI.3	7735	RdRp	4614	5376	+	inferred_from_region_blast
GI	MT357897	GI.7	7658	VP1	5372	6991	+	genbank
GI	MT357897	GI.7	7658	VP2	6991	7638	+	genbank
GI	MT357897	GI.7	7658	ORF1	1	5388	+	genbank
GI	MT357897	GI.7	7658	p48	1	1401	+	orf1_relative
GI	MT357897	GI.7	7658	NTPase	1402	2209	+	orf1_relative
GI	MT357897	GI.7	7658	p22	2210	2640	+	orf1_relative
GI	MT357897	GI.7	7658	VPg	2641	3071	+	orf1_relative
GI	MT357897	GI.7	7658	3CLpro	3072	3664	+	orf1_relative
GI	MT357897	GI.7	7658	RdRp	4608	5370	+	inferred_from_region_blast
GI	MT357898	GI.7	7732	VP1	5381	7000	+	genbank
GI	MT357898	GI.7	7732	VP2	7000	7647	+	genbank
GI	MT357898	GI.7	7732	ORF1	1	5397	+	genbank
GI	MT357898	GI.7	7732	p48	1	1403	+	orf1_relative
GI	MT357898	GI.7	7732	NTPase	1404	2213	+	orf1_relative
GI	MT357898	GI.7	7732	p22	2214	2645	+	orf1_relative
GI	MT357898	GI.7	7732	VPg	2646	3076	+	orf1_relative
GI	MT357898	GI.7	7732	3CLpro	3077	3670	+	orf1_relative
GI	MT357898	GI.7	7732	RdRp	4617	5379	+	inferred_from_region_blast
GI	MT357899	GI.7	7664	VP1	5381	6997	+	genbank
GI	MT357899	GI.7	7664	VP2	6997	7644	+	genbank
GI	MT357899	GI.7	7664	ORF1	1	5397	+	genbank
GI	MT357899	GI.7	7664	p48	1	1403	+	orf1_relative
GI	MT357899	GI.7	7664	NTPase	1404	2213	+	orf1_relative
GI	MT357899	GI.7	7664	p22	2214	2645	+	orf1_relative
GI	MT357899	GI.7	7664	VPg	2646	3076	+	orf1_relative
GI	MT357899	GI.7	7664	3CLpro	3077	3670	+	orf1_relative
GI	MT357899	GI.7	7664	RdRp	4617	5379	+	inferred_from_region_blast
GI	MT357994	GI.7	7651	VP1	5385	7004	+	genbank
GI	MT357994	GI.7	7651	VP2	7004	7651	+	genbank
GI	MT357994	GI.7	7651	ORF1	5	5401	+	genbank
GI	MT357994	GI.7	7651	p48	5	1407	+	orf1_relative
GI	MT357994	GI.7	7651	NTPase	1408	2217	+	orf1_relative
GI	MT357994	GI.7	7651	p22	2218	2649	+	orf1_relative
GI	MT357994	GI.7	7651	VPg	2650	3080	+	orf1_relative
GI	MT357994	GI.7	7651	3CLpro	3081	3674	+	orf1_relative
GI	MT357994	GI.7	7651	RdRp	4621	5383	+	inferred_from_region_blast
GI	MT451991	GI.3	7668	VP1	5371	7005	+	genbank
GI	MT451991	GI.3	7668	VP2	7005	7652	+	genbank
GI	MT451991	GI.3	7668	ORF1	72	5387	+	genbank
GI	MT451991	GI.3	7668	p48	72	1453	+	orf1_relative
GI	MT451991	GI.3	7668	NTPase	1454	2251	+	orf1_relative
GI	MT451991	GI.3	7668	p22	2252	2676	+	orf1_relative
GI	MT451991	GI.3	7668	VPg	2677	3101	+	orf1_relative
GI	MT451991	GI.3	7668	3CLpro	3102	3686	+	orf1_relative
GI	MT451991	GI.3	7668	RdRp	4607	5369	+	inferred_from_region_blast
GI	MT526276	GI.3	7684	VP1	5384	7018	+	genbank
GI	MT526276	GI.3	7684	VP2	7018	7665	+	genbank
GI	MT526276	GI.3	7684	ORF1	1	5400	+	genbank
GI	MT526276	GI.3	7684	p48	1	1404	+	orf1_relative
GI	MT526276	GI.3	7684	NTPase	1405	2214	+	orf1_relative
GI	MT526276	GI.3	7684	p22	2215	2646	+	orf1_relative
GI	MT526276	GI.3	7684	VPg	2647	3078	+	orf1_relative
GI	MT526276	GI.3	7684	3CLpro	3079	3672	+	orf1_relative
GI	MT526276	GI.3	7684	RdRp	4620	5382	+	inferred_from_region_blast
GI	MT526277	GI.3	7680	VP1	5383	7017	+	genbank
GI	MT526277	GI.3	7680	VP2	7017	7664	+	genbank
GI	MT526277	GI.3	7680	ORF1	1	5399	+	genbank
GI	MT526277	GI.3	7680	p48	1	1404	+	orf1_relative
GI	MT526277	GI.3	7680	NTPase	1405	2214	+	orf1_relative
GI	MT526277	GI.3	7680	p22	2215	2646	+	orf1_relative
GI	MT526277	GI.3	7680	VPg	2647	3077	+	orf1_relative
GI	MT526277	GI.3	7680	3CLpro	3078	3671	+	orf1_relative
GI	MT526277	GI.3	7680	RdRp	4619	5381	+	inferred_from_region_blast
GI	MW445537	GI.3	7684	VP1	5383	7017	+	genbank
GI	MW445537	GI.3	7684	VP2	7017	7664	+	genbank
GI	MW445537	GI.3	7684	ORF1	1	5399	+	genbank
GI	MW445537	GI.3	7684	p48	1	1404	+	orf1_relative
GI	MW445537	GI.3	7684	NTPase	1405	2214	+	orf1_relative
GI	MW445537	GI.3	7684	p22	2215	2646	+	orf1_relative
GI	MW445537	GI.3	7684	VPg	2647	3077	+	orf1_relative
GI	MW445537	GI.3	7684	3CLpro	3078	3671	+	orf1_relative
GI	MW445537	GI.3	7684	RdRp	4619	5381	+	inferred_from_region_blast
GI	MZ462929	GI.3	7541	VP1	5238	6872	+	genbank
GI	MZ462929	GI.3	7541	VP2	6872	7519	+	genbank
GI	MZ462929	GI.3	7541	ORF1	1	5254	+	genbank
GI	MZ462929	GI.3	7541	p48	1	1366	+	orf1_relative
GI	MZ462929	GI.3	7541	NTPase	1367	2154	+	orf1_relative
GI	MZ462929	GI.3	7541	p22	2155	2574	+	orf1_relative
GI	MZ462929	GI.3	7541	VPg	2575	2995	+	orf1_relative
GI	MZ462929	GI.3	7541	3CLpro	2996	3573	+	orf1_relative
GI	MZ462929	GI.3	7541	RdRp	4474	5236	+	inferred_from_region_blast
GI	MZ462930	GI.3	7691	VP1	5388	7022	+	genbank
GI	MZ462930	GI.3	7691	VP2	7022	7669	+	genbank
GI	MZ462930	GI.3	7691	ORF1	1	5404	+	genbank
GI	MZ462930	GI.3	7691	p48	1	1405	+	orf1_relative
GI	MZ462930	GI.3	7691	NTPase	1406	2216	+	orf1_relative
GI	MZ462930	GI.3	7691	p22	2217	2648	+	orf1_relative
GI	MZ462930	GI.3	7691	VPg	2649	3080	+	orf1_relative
GI	MZ462930	GI.3	7691	3CLpro	3081	3675	+	orf1_relative
GI	MZ462930	GI.3	7691	RdRp	4624	5386	+	inferred_from_region_blast
GI	MZ462931	GI.3	7299	VP1	5064	6698	+	genbank
GI	MZ462931	GI.3	7299	VP2	6698	7299	+	genbank
GI	MZ462931	GI.3	7299	ORF1	1	5080	+	genbank
GI	MZ462931	GI.3	7299	p48	1	1321	+	orf1_relative
GI	MZ462931	GI.3	7299	NTPase	1322	2083	+	orf1_relative
GI	MZ462931	GI.3	7299	p22	2084	2489	+	orf1_relative
GI	MZ462931	GI.3	7299	VPg	2490	2896	+	orf1_relative
GI	MZ462931	GI.3	7299	3CLpro	2897	3454	+	orf1_relative
GI	MZ462931	GI.3	7299	RdRp	4724	5062	+	inferred_from_region_blast
GI	MZ462932	GI.3	7691	VP1	5388	7022	+	genbank
GI	MZ462932	GI.3	7691	VP2	7022	7669	+	genbank
GI	MZ462932	GI.3	7691	ORF1	1	5404	+	genbank
GI	MZ462932	GI.3	7691	p48	1	1405	+	orf1_relative
GI	MZ462932	GI.3	7691	NTPase	1406	2216	+	orf1_relative
GI	MZ462932	GI.3	7691	p22	2217	2648	+	orf1_relative
GI	MZ462932	GI.3	7691	VPg	2649	3080	+	orf1_relative
GI	MZ462932	GI.3	7691	3CLpro	3081	3675	+	orf1_relative
GI	MZ462932	GI.3	7691	RdRp	4624	5386	+	inferred_from_region_blast
GI	OP162334	GI.3	7667	VP1	5386	7020	+	genbank
GI	OP162334	GI.3	7667	VP2	7020	7667	+	genbank
GI	OP162334	GI.3	7667	ORF1	1	5402	+	genbank
GI	OP162334	GI.3	7667	p48	1	1405	+	orf1_relative
GI	OP162334	GI.3	7667	NTPase	1406	2215	+	orf1_relative
GI	OP162334	GI.3	7667	p22	2216	2647	+	orf1_relative
GI	OP162334	GI.3	7667	VPg	2648	3079	+	orf1_relative
GI	OP162334	GI.3	7667	3CLpro	3080	3673	+	orf1_relative
GI	OP162334	GI.3	7667	RdRp	4622	5384	+	inferred_from_region_blast
GI	OR065043	GI.7	7732	VP1	5381	7000	+	genbank
GI	OR065043	GI.7	7732	VP2	7000	7647	+	genbank
GI	OR065043	GI.7	7732	ORF1	1	5397	+	genbank
GI	OR065043	GI.7	7732	p48	1	1403	+	orf1_relative
GI	OR065043	GI.7	7732	NTPase	1404	2213	+	orf1_relative
GI	OR065043	GI.7	7732	p22	2214	2645	+	orf1_relative
GI	OR065043	GI.7	7732	VPg	2646	3076	+	orf1_relative
GI	OR065043	GI.7	7732	3CLpro	3077	3670	+	orf1_relative
GI	OR065043	GI.7	7732	RdRp	4617	5379	+	inferred_from_region_blast
GI	OR084254	GI.3	7731	VP1	5395	7029	+	genbank
GI	OR084254	GI.3	7731	VP2	7029	7676	+	genbank
GI	OR084254	GI.3	7731	ORF1	6	5411	+	genbank
GI	OR084254	GI.3	7731	p48	6	1411	+	orf1_relative
GI	OR084254	GI.3	7731	NTPase	1412	2221	+	orf1_relative
GI	OR084254	GI.3	7731	p22	2222	2654	+	orf1_relative
GI	OR084254	GI.3	7731	VPg	2655	3086	+	orf1_relative
GI	OR084254	GI.3	7731	3CLpro	3087	3681	+	orf1_relative
GI	OR084254	GI.3	7731	RdRp	4631	5393	+	inferred_from_region_blast
GI	OR084255	GI.3	7708	VP1	5368	7002	+	genbank
GI	OR084255	GI.3	7708	VP2	7002	7649	+	genbank
GI	OR084255	GI.3	7708	ORF1	1	5384	+	genbank
GI	OR084255	GI.3	7708	p48	1	1400	+	orf1_relative
GI	OR084255	GI.3	7708	NTPase	1401	2207	+	orf1_relative
GI	OR084255	GI.3	7708	p22	2208	2638	+	orf1_relative
GI	OR084255	GI.3	7708	VPg	2639	3069	+	orf1_relative
GI	OR084255	GI.3	7708	3CLpro	3070	3661	+	orf1_relative
GI	OR084255	GI.3	7708	RdRp	4604	5366	+	inferred_from_region_blast
GI	OR648469	GI.3	7659	VP1	5381	7015	+	genbank
GI	OR648469	GI.3	7659	VP2	7015	7659	+	genbank
GI	OR648469	GI.3	7659	ORF1	1	5397	+	genbank
GI	OR648469	GI.3	7659	p48	1	1403	+	orf1_relative
GI	OR648469	GI.3	7659	NTPase	1404	2213	+	orf1_relative
GI	OR648469	GI.3	7659	p22	2214	2645	+	orf1_relative
GI	OR648469	GI.3	7659	VPg	2646	3076	+	orf1_relative
GI	OR648469	GI.3	7659	3CLpro	3077	3670	+	orf1_relative
GI	OR648469	GI.3	7659	RdRp	4617	5379	+	inferred_from_region_blast
GI	OR792774	GI.3	7706	VP1	5394	7028	+	genbank
GI	OR792774	GI.3	7706	VP2	7028	7675	+	genbank
GI	OR792774	GI.3	7706	ORF1	5	5410	+	genbank
GI	OR792774	GI.3	7706	p48	5	1410	+	orf1_relative
GI	OR792774	GI.3	7706	NTPase	1411	2220	+	orf1_relative
GI	OR792774	GI.3	7706	p22	2221	2653	+	orf1_relative
GI	OR792774	GI.3	7706	VPg	2654	3085	+	orf1_relative
GI	OR792774	GI.3	7706	3CLpro	3086	3680	+	orf1_relative
GI	OR792774	GI.3	7706	RdRp	4630	5392	+	inferred_from_region_blast
GI	OR792775	GI.3	7665	VP1	5387	7021	+	genbank
GI	OR792775	GI.3	7665	VP2	7021	7665	+	genbank
GI	OR792775	GI.3	7665	ORF1	1	5403	+	genbank
GI	OR792775	GI.3	7665	p48	1	1405	+	orf1_relative
GI	OR792775	GI.3	7665	NTPase	1406	2215	+	orf1_relative
GI	OR792775	GI.3	7665	p22	2216	2647	+	orf1_relative
GI	OR792775	GI.3	7665	VPg	2648	3080	+	orf1_relative
GI	OR792775	GI.3	7665	3CLpro	3081	3674	+	orf1_relative
GI	OR792775	GI.3	7665	RdRp	4623	5385	+	inferred_from_region_blast
GI	PP564824	GI.3	7727	VP1	5394	7028	+	genbank
GI	PP564824	GI.3	7727	VP2	7028	7675	+	genbank
GI	PP564824	GI.3	7727	ORF1	2	5410	+	genbank
GI	PP564824	GI.3	7727	p48	2	1407	+	orf1_relative
GI	PP564824	GI.3	7727	NTPase	1408	2219	+	orf1_relative
GI	PP564824	GI.3	7727	p22	2220	2651	+	orf1_relative
GI	PP564824	GI.3	7727	VPg	2652	3084	+	orf1_relative
GI	PP564824	GI.3	7727	3CLpro	3085	3679	+	orf1_relative
GI	PP564824	GI.3	7727	RdRp	4630	5392	+	inferred_from_region_blast
GI	PP584624	GI.3	7461	VP1	5159	6793	+	genbank
GI	PP584624	GI.3	7461	VP2	6793	7440	+	genbank
GI	PP584624	GI.3	7461	ORF1	1	5175	+	genbank
GI	PP584624	GI.3	7461	p48	1	1346	+	orf1_relative
GI	PP584624	GI.3	7461	NTPase	1347	2122	+	orf1_relative
GI	PP584624	GI.3	7461	p22	2123	2536	+	orf1_relative
GI	PP584624	GI.3	7461	VPg	2537	2950	+	orf1_relative
GI	PP584624	GI.3	7461	3CLpro	2951	3519	+	orf1_relative
GI	PP584624	GI.3	7461	RdRp	4395	5157	+	inferred_from_region_blast
GI	PP594195	GI.3	7705	VP1	5321	6958	+	genbank
GI	PP594195	GI.3	7705	VP2	6958	7605	+	genbank
GI	PP594195	GI.3	7705	ORF1	1	5337	+	genbank
GI	PP594195	GI.3	7705	p48	1	1388	+	orf1_relative
GI	PP594195	GI.3	7705	NTPase	1389	2188	+	orf1_relative
GI	PP594195	GI.3	7705	p22	2189	2615	+	orf1_relative
GI	PP594195	GI.3	7705	VPg	2616	3042	+	orf1_relative
GI	PP594195	GI.3	7705	3CLpro	3043	3629	+	orf1_relative
GI	PP594195	GI.3	7705	RdRp	4557	5319	+	inferred_from_region_blast
GI	MN938460	GI.4	7602	VP1	5342	6976	+	genbank
GI	MN938460	GI.4	7602	VP2	6976	7602	+	genbank
GI	MN938460	GI.4	7602	ORF1	1	5358	+	genbank
GI	MN938460	GI.4	7602	p48	1	1393	+	orf1_relative
GI	MN938460	GI.4	7602	NTPase	1394	2197	+	orf1_relative
GI	MN938460	GI.4	7602	p22	2198	2625	+	orf1_relative
GI	MN938460	GI.4	7602	VPg	2626	3054	+	orf1_relative
GI	MN938460	GI.4	7602	3CLpro	3055	3643	+	orf1_relative
GI	MN938460	GI.4	7602	RdRp	4578	5340	+	inferred_from_region_blast
GI	MN938461	GI.4	7602	VP1	5342	6976	+	genbank
GI	MN938461	GI.4	7602	VP2	6976	7602	+	genbank
GI	MN938461	GI.4	7602	ORF1	1	5358	+	genbank
GI	MN938461	GI.4	7602	p48	1	1393	+	orf1_relative
GI	MN938461	GI.4	7602	NTPase	1394	2197	+	orf1_relative
GI	MN938461	GI.4	7602	p22	2198	2625	+	orf1_relative
GI	MN938461	GI.4	7602	VPg	2626	3054	+	orf1_relative
GI	MN938461	GI.4	7602	3CLpro	3055	3643	+	orf1_relative
GI	MN938461	GI.4	7602	RdRp	4578	5340	+	inferred_from_region_blast
GI	OK562729	GI.5	7622	VP1	5268	6899	+	genbank
GI	OK562729	GI.5	7622	VP2	6899	7531	+	genbank
GI	OK562729	GI.5	7622	ORF1	1	5284	+	genbank
GI	OK562729	GI.5	7622	p48	1	1374	+	orf1_relative
GI	OK562729	GI.5	7622	NTPase	1375	2166	+	orf1_relative
GI	OK562729	GI.5	7622	p22	2167	2589	+	orf1_relative
GI	OK562729	GI.5	7622	VPg	2590	3012	+	orf1_relative
GI	OK562729	GI.5	7622	3CLpro	3013	3593	+	orf1_relative
GI	OK562729	GI.5	7622	RdRp	4504	5266	+	inferred_from_region_blast
GI	OP162341	GI.5	7586	VP1	5323	6954	+	genbank
GI	OP162341	GI.5	7586	VP2	6954	7586	+	genbank
GI	OP162341	GI.5	7586	ORF1	1	5339	+	genbank
GI	OP162341	GI.5	7586	p48	1	1388	+	orf1_relative
GI	OP162341	GI.5	7586	NTPase	1389	2189	+	orf1_relative
GI	OP162341	GI.5	7586	p22	2190	2616	+	orf1_relative
GI	OP162341	GI.5	7586	VPg	2617	3043	+	orf1_relative
GI	OP162341	GI.5	7586	3CLpro	3044	3631	+	orf1_relative
GI	OP162341	GI.5	7586	RdRp	4559	5321	+	inferred_from_region_blast
GI	OP669384	GI.5	7708	VP1	5346	6977	+	genbank
GI	OP669384	GI.5	7708	VP2	6977	7609	+	genbank
GI	OP669384	GI.5	7708	ORF1	5	5362	+	genbank
GI	OP669384	GI.5	7708	p48	5	1397	+	orf1_relative
GI	OP669384	GI.5	7708	NTPase	1398	2201	+	orf1_relative
GI	OP669384	GI.5	7708	p22	2202	2629	+	orf1_relative
GI	OP669384	GI.5	7708	VPg	2630	3058	+	orf1_relative
GI	OP669384	GI.5	7708	3CLpro	3059	3647	+	orf1_relative
GI	OP669384	GI.5	7708	RdRp	4582	5344	+	inferred_from_region_blast
GI	OP723153	GI.5	7592	VP1	5268	6899	+	genbank
GI	OP723153	GI.5	7592	VP2	6899	7531	+	genbank
GI	OP723153	GI.5	7592	ORF1	1	5284	+	genbank
GI	OP723153	GI.5	7592	p48	1	1374	+	orf1_relative
GI	OP723153	GI.5	7592	NTPase	1375	2166	+	orf1_relative
GI	OP723153	GI.5	7592	p22	2167	2589	+	orf1_relative
GI	OP723153	GI.5	7592	VPg	2590	3012	+	orf1_relative
GI	OP723153	GI.5	7592	3CLpro	3013	3593	+	orf1_relative
GI	OP723153	GI.5	7592	RdRp	4504	5266	+	inferred_from_region_blast
GI	OP723154	GI.5	7584	VP1	5268	6899	+	genbank
GI	OP723154	GI.5	7584	VP2	6899	7531	+	genbank
GI	OP723154	GI.5	7584	ORF1	1	5284	+	genbank
GI	OP723154	GI.5	7584	p48	1	1374	+	orf1_relative
GI	OP723154	GI.5	7584	NTPase	1375	2166	+	orf1_relative
GI	OP723154	GI.5	7584	p22	2167	2589	+	orf1_relative
GI	OP723154	GI.5	7584	VPg	2590	3012	+	orf1_relative
GI	OP723154	GI.5	7584	3CLpro	3013	3593	+	orf1_relative
GI	OP723154	GI.5	7584	RdRp	4504	5266	+	inferred_from_region_blast
GI	OP723155	GI.5	7616	VP1	5268	6899	+	genbank
GI	OP723155	GI.5	7616	VP2	6899	7531	+	genbank
GI	OP723155	GI.5	7616	ORF1	1	5284	+	genbank
GI	OP723155	GI.5	7616	p48	1	1374	+	orf1_relative
GI	OP723155	GI.5	7616	NTPase	1375	2166	+	orf1_relative
GI	OP723155	GI.5	7616	p22	2167	2589	+	orf1_relative
GI	OP723155	GI.5	7616	VPg	2590	3012	+	orf1_relative
GI	OP723155	GI.5	7616	3CLpro	3013	3593	+	orf1_relative
GI	OP723155	GI.5	7616	RdRp	4504	5266	+	inferred_from_region_blast
GI	OP723156	GI.5	7605	VP1	5268	6899	+	genbank
GI	OP723156	GI.5	7605	VP2	6899	7531	+	genbank
GI	OP723156	GI.5	7605	ORF1	1	5284	+	genbank
GI	OP723156	GI.5	7605	p48	1	1374	+	orf1_relative
GI	OP723156	GI.5	7605	NTPase	1375	2166	+	orf1_relative
GI	OP723156	GI.5	7605	p22	2167	2589	+	orf1_relative
GI	OP723156	GI.5	7605	VPg	2590	3012	+	orf1_relative
GI	OP723156	GI.5	7605	3CLpro	3013	3593	+	orf1_relative
GI	OP723156	GI.5	7605	RdRp	4504	5266	+	inferred_from_region_blast
GI	OR463403	GI.5	7689	VP1	5339	6970	+	genbank
GI	OR463403	GI.5	7689	VP2	6970	7602	+	genbank
GI	OR463403	GI.5	7689	ORF1	1	5355	+	genbank
GI	OR463403	GI.5	7689	p48	1	1392	+	orf1_relative
GI	OR463403	GI.5	7689	NTPase	1393	2196	+	orf1_relative
GI	OR463403	GI.5	7689	p22	2197	2624	+	orf1_relative
GI	OR463403	GI.5	7689	VPg	2625	3052	+	orf1_relative
GI	OR463403	GI.5	7689	3CLpro	3053	3641	+	orf1_relative
GI	OR463403	GI.5	7689	RdRp	4575	5337	+	inferred_from_region_blast
GI	OR463404	GI.5	7689	VP1	5339	6970	+	genbank
GI	OR463404	GI.5	7689	VP2	6970	7602	+	genbank
GI	OR463404	GI.5	7689	ORF1	1	5355	+	genbank
GI	OR463404	GI.5	7689	p48	1	1392	+	orf1_relative
GI	OR463404	GI.5	7689	NTPase	1393	2196	+	orf1_relative
GI	OR463404	GI.5	7689	p22	2197	2624	+	orf1_relative
GI	OR463404	GI.5	7689	VPg	2625	3052	+	orf1_relative
GI	OR463404	GI.5	7689	3CLpro	3053	3641	+	orf1_relative
GI	OR463404	GI.5	7689	RdRp	4575	5337	+	inferred_from_region_blast
GI	OR685281	GI.5	7602	VP1	5339	6970	+	genbank
GI	OR685281	GI.5	7602	VP2	6970	7602	+	genbank
GI	OR685281	GI.5	7602	ORF1	1	5355	+	genbank
GI	OR685281	GI.5	7602	p48	1	1392	+	orf1_relative
GI	OR685281	GI.5	7602	NTPase	1393	2196	+	orf1_relative
GI	OR685281	GI.5	7602	p22	2197	2624	+	orf1_relative
GI	OR685281	GI.5	7602	VPg	2625	3052	+	orf1_relative
GI	OR685281	GI.5	7602	3CLpro	3053	3641	+	orf1_relative
GI	OR685281	GI.5	7602	RdRp	4575	5337	+	inferred_from_region_blast
GI	MH443711	GI.5	7508	VP1	5179	6810	+	genbank
GI	MH443711	GI.5	7508	VP2	6810	7448	+	genbank
GI	MH443711	GI.5	7508	ORF1	1	5195	+	genbank
GI	MH443711	GI.5	7508	p48	1	1351	+	orf1_relative
GI	MH443711	GI.5	7508	NTPase	1352	2130	+	orf1_relative
GI	MH443711	GI.5	7508	p22	2131	2546	+	orf1_relative
GI	MH443711	GI.5	7508	VPg	2547	2961	+	orf1_relative
GI	MH443711	GI.5	7508	3CLpro	2962	3533	+	orf1_relative
GI	MH443711	GI.5	7508	RdRp	4415	5177	+	inferred_from_region_blast
GI	MT008454	GI.5	7492	VP1	5201	6832	+	genbank
GI	MT008454	GI.5	7492	VP2	6832	7470	+	genbank
GI	MT008454	GI.5	7492	ORF1	1	5217	+	genbank
GI	MT008454	GI.5	7492	p48	1	1356	+	orf1_relative
GI	MT008454	GI.5	7492	NTPase	1357	2139	+	orf1_relative
GI	MT008454	GI.5	7492	p22	2140	2556	+	orf1_relative
GI	MT008454	GI.5	7492	VPg	2557	2974	+	orf1_relative
GI	MT008454	GI.5	7492	3CLpro	2975	3548	+	orf1_relative
GI	MT008454	GI.5	7492	RdRp	4437	5199	+	inferred_from_region_blast
GI	MT008458	GI.5	7613	VP1	5344	6975	+	genbank
GI	MT008458	GI.5	7613	VP2	6975	7613	+	genbank
GI	MT008458	GI.5	7613	ORF1	1	5360	+	genbank
GI	MT008458	GI.5	7613	p48	1	1394	+	orf1_relative
GI	MT008458	GI.5	7613	NTPase	1395	2198	+	orf1_relative
GI	MT008458	GI.5	7613	p22	2199	2626	+	orf1_relative
GI	MT008458	GI.5	7613	VPg	2627	3055	+	orf1_relative
GI	MT008458	GI.5	7613	3CLpro	3056	3645	+	orf1_relative
GI	MT008458	GI.5	7613	RdRp	4580	5342	+	inferred_from_region_blast
GI	MT008460	GI.5	7467	VP1	5198	6829	+	genbank
GI	MT008460	GI.5	7467	VP2	6829	7467	+	genbank
GI	MT008460	GI.5	7467	ORF1	1	5214	+	genbank
GI	MT008460	GI.5	7467	p48	1	1356	+	orf1_relative
GI	MT008460	GI.5	7467	NTPase	1357	2138	+	orf1_relative
GI	MT008460	GI.5	7467	p22	2139	2555	+	orf1_relative
GI	MT008460	GI.5	7467	VPg	2556	2972	+	orf1_relative
GI	MT008460	GI.5	7467	3CLpro	2973	3546	+	orf1_relative
GI	MT008460	GI.5	7467	RdRp	4434	5196	+	inferred_from_region_blast
GI	OP649636	GI.6	7727	VP1	5352	6974	+	genbank
GI	OP649636	GI.6	7727	VP2	6974	7603	+	genbank
GI	OP649636	GI.6	7727	ORF1	5	5368	+	genbank
GI	OP649636	GI.6	7727	p48	5	1399	+	orf1_relative
GI	OP649636	GI.6	7727	NTPase	1400	2203	+	orf1_relative
GI	OP649636	GI.6	7727	p22	2204	2632	+	orf1_relative
GI	OP649636	GI.6	7727	VPg	2633	3061	+	orf1_relative
GI	OP649636	GI.6	7727	3CLpro	3062	3652	+	orf1_relative
GI	OP649636	GI.6	7727	RdRp	4588	5350	+	inferred_from_region_blast
GI	OP649637	GI.6	7727	VP1	5352	6974	+	genbank
GI	OP649637	GI.6	7727	VP2	6974	7603	+	genbank
GI	OP649637	GI.6	7727	ORF1	5	5368	+	genbank
GI	OP649637	GI.6	7727	p48	5	1399	+	orf1_relative
GI	OP649637	GI.6	7727	NTPase	1400	2203	+	orf1_relative
GI	OP649637	GI.6	7727	p22	2204	2632	+	orf1_relative
GI	OP649637	GI.6	7727	VPg	2633	3061	+	orf1_relative
GI	OP649637	GI.6	7727	3CLpro	3062	3652	+	orf1_relative
GI	OP649637	GI.6	7727	RdRp	4588	5350	+	inferred_from_region_blast
GI	MG557649	GI.7	6427	VP1	5006	6427	+	genbank
GI	MG557649	GI.7	6427	ORF1	1	5022	+	genbank
GI	MG557649	GI.7	6427	p48	1	1306	+	orf1_relative
GI	MG557649	GI.7	6427	NTPase	1307	2059	+	orf1_relative
GI	MG557649	GI.7	6427	p22	2060	2461	+	orf1_relative
GI	MG557649	GI.7	6427	VPg	2462	2863	+	orf1_relative
GI	MG557649	GI.7	6427	3CLpro	2864	3415	+	orf1_relative
GI	MG557649	GI.7	6427	RdRp	4513	4770	+	inferred_from_region_blast
GI	MG557651	GI.7	7351	VP1	5394	7013	+	genbank
GI	MG557651	GI.7	7351	VP2	7013	7351	+	genbank
GI	MG557651	GI.7	7351	ORF1	14	5410	+	genbank
GI	MG557651	GI.7	7351	p48	14	1416	+	orf1_relative
GI	MG557651	GI.7	7351	NTPase	1417	2226	+	orf1_relative
GI	MG557651	GI.7	7351	p22	2227	2658	+	orf1_relative
GI	MG557651	GI.7	7351	VPg	2659	3089	+	orf1_relative
GI	MG557651	GI.7	7351	3CLpro	3090	3683	+	orf1_relative
GI	MG557651	GI.7	7351	RdRp	4630	5077	+	inferred_from_region_blast
GI	MW305482	GI.8	7703	VP1	5352	6983	+	genbank
GI	MW305482	GI.8	7703	VP2	6983	7624	+	genbank
GI	MW305482	GI.8	7703	ORF1	1	5368	+	genbank
GI	MW305482	GI.8	7703	p48	1	1396	+	orf1_relative
GI	MW305482	GI.8	7703	NTPase	1397	2201	+	orf1_relative
GI	MW305482	GI.8	7703	p22	2202	2630	+	orf1_relative
GI	MW305482	GI.8	7703	VPg	2631	3060	+	orf1_relative
GI	MW305482	GI.8	7703	3CLpro	3061	3650	+	orf1_relative
GI	MW305482	GI.8	7703	RdRp	4588	5350	+	inferred_from_region_blast
GI	MW305484	GI.8	7703	VP1	5352	6983	+	genbank
GI	MW305484	GI.8	7703	VP2	6983	7624	+	genbank
GI	MW305484	GI.8	7703	ORF1	1	5368	+	genbank
GI	MW305484	GI.8	7703	p48	1	1396	+	orf1_relative
GI	MW305484	GI.8	7703	NTPase	1397	2201	+	orf1_relative
GI	MW305484	GI.8	7703	p22	2202	2630	+	orf1_relative
GI	MW305484	GI.8	7703	VPg	2631	3060	+	orf1_relative
GI	MW305484	GI.8	7703	3CLpro	3061	3650	+	orf1_relative
GI	MW305484	GI.8	7703	RdRp	4588	5350	+	inferred_from_region_blast
GI	MT372476	GI.8	7745	VP1	5388	7019	+	genbank
GI	MT372476	GI.8	7745	VP2	7019	7660	+	genbank
GI	MT372476	GI.8	7745	ORF1	95	5404	+	genbank
GI	MT372476	GI.8	7745	p48	95	1475	+	orf1_relative
GI	MT372476	GI.8	7745	NTPase	1476	2271	+	orf1_relative
GI	MT372476	GI.8	7745	p22	2272	2696	+	orf1_relative
GI	MT372476	GI.8	7745	VPg	2697	3121	+	orf1_relative
GI	MT372476	GI.8	7745	3CLpro	3122	3705	+	orf1_relative
GI	MT372476	GI.8	7745	RdRp	4624	5386	+	inferred_from_region_blast
GI	MK762573	GI.8	7483	VP1	5189	6820	+	genbank
GI	MK762573	GI.8	7483	VP2	6820	7461	+	genbank
GI	MK762573	GI.8	7483	ORF1	1	5205	+	genbank
GI	MK762573	GI.8	7483	p48	1	1353	+	orf1_relative
GI	MK762573	GI.8	7483	NTPase	1354	2134	+	orf1_relative
GI	MK762573	GI.8	7483	p22	2135	2550	+	orf1_relative
GI	MK762573	GI.8	7483	VPg	2551	2967	+	orf1_relative
GI	MK762573	GI.8	7483	3CLpro	2968	3539	+	orf1_relative
GI	MK762573	GI.8	7483	RdRp	4425	5187	+	inferred_from_region_blast
GI	KP407450	GI.8	7740	VP1	5388	7019	+	genbank
GI	KP407450	GI.8	7740	VP2	7019	7660	+	genbank
GI	KP407450	GI.8	7740	ORF1	5	5404	+	genbank
GI	KP407450	GI.8	7740	p48	5	1408	+	orf1_relative
GI	KP407450	GI.8	7740	NTPase	1409	2218	+	orf1_relative
GI	KP407450	GI.8	7740	p22	2219	2650	+	orf1_relative
GI	KP407450	GI.8	7740	VPg	2651	3082	+	orf1_relative
GI	KP407450	GI.8	7740	3CLpro	3083	3676	+	orf1_relative
GI	KP407450	GI.8	7740	RdRp	4624	5386	+	inferred_from_region_blast
GI	KJ196298	GI.8	7745	VP1	5388	7019	+	genbank
GI	KJ196298	GI.8	7745	VP2	7019	7660	+	genbank
GI	KJ196298	GI.8	7745	ORF1	5	5404	+	genbank
GI	KJ196298	GI.8	7745	p48	5	1408	+	orf1_relative
GI	KJ196298	GI.8	7745	NTPase	1409	2218	+	orf1_relative
GI	KJ196298	GI.8	7745	p22	2219	2650	+	orf1_relative
GI	KJ196298	GI.8	7745	VPg	2651	3082	+	orf1_relative
GI	KJ196298	GI.8	7745	3CLpro	3083	3676	+	orf1_relative
GI	KJ196298	GI.8	7745	RdRp	4624	5386	+	inferred_from_region_blast
GI	OP649638	GI.9	7753	VP1	5382	7034	+	genbank
GI	OP649638	GI.9	7753	VP2	7034	7681	+	genbank
GI	OP649638	GI.9	7753	ORF1	5	5398	+	genbank
GI	OP649638	GI.9	7753	p48	5	1406	+	orf1_relative
GI	OP649638	GI.9	7753	NTPase	1407	2216	+	orf1_relative
GI	OP649638	GI.9	7753	p22	2217	2647	+	orf1_relative
GI	OP649638	GI.9	7753	VPg	2648	3079	+	orf1_relative
GI	OP649638	GI.9	7753	3CLpro	3080	3672	+	orf1_relative
GI	OP649638	GI.9	7753	RdRp	4618	5380	+	inferred_from_region_blast
GI	MZ215728	GI.9	7681	VP1	5382	7034	+	genbank
GI	MZ215728	GI.9	7681	VP2	7034	7681	+	genbank
GI	MZ215728	GI.9	7681	ORF1	5	5398	+	genbank
GI	MZ215728	GI.9	7681	p48	5	1406	+	orf1_relative
GI	MZ215728	GI.9	7681	NTPase	1407	2216	+	orf1_relative
GI	MZ215728	GI.9	7681	p22	2217	2647	+	orf1_relative
GI	MZ215728	GI.9	7681	VPg	2648	3079	+	orf1_relative
GI	MZ215728	GI.9	7681	3CLpro	3080	3672	+	orf1_relative
GI	MZ215728	GI.9	7681	RdRp	4618	5380	+	inferred_from_region_blast
GI	MT372474	GI.9	7753	VP1	5382	7034	+	genbank
GI	MT372474	GI.9	7753	VP2	7034	7681	+	genbank
GI	MT372474	GI.9	7753	ORF1	95	5398	+	genbank
GI	MT372474	GI.9	7753	p48	95	1473	+	orf1_relative
GI	MT372474	GI.9	7753	NTPase	1474	2269	+	orf1_relative
GI	MT372474	GI.9	7753	p22	2270	2693	+	orf1_relative
GI	MT372474	GI.9	7753	VPg	2694	3117	+	orf1_relative
GI	MT372474	GI.9	7753	3CLpro	3118	3701	+	orf1_relative
GI	MT372474	GI.9	7753	RdRp	4618	5380	+	inferred_from_region_blast
GI	MT372475	GI.9	7700	VP1	5382	7034	+	genbank
GI	MT372475	GI.9	7700	VP2	7034	7681	+	genbank
GI	MT372475	GI.9	7700	ORF1	95	5398	+	genbank
GI	MT372475	GI.9	7700	p48	95	1473	+	orf1_relative
GI	MT372475	GI.9	7700	NTPase	1474	2269	+	orf1_relative
GI	MT372475	GI.9	7700	p22	2270	2693	+	orf1_relative
GI	MT372475	GI.9	7700	VPg	2694	3117	+	orf1_relative
GI	MT372475	GI.9	7700	3CLpro	3118	3701	+	orf1_relative
GI	MT372475	GI.9	7700	RdRp	4618	5380	+	inferred_from_region_blast
GI	MH702262	GI.9	6988	VP1	5039	6691	+	genbank
GI	MH702262	GI.9	6988	VP2	6691	6988	+	genbank
GI	MH702262	GI.9	6988	ORF1	1	5055	+	genbank
GI	MH702262	GI.9	6988	p48	1	1314	+	orf1_relative
GI	MH702262	GI.9	6988	NTPase	1315	2073	+	orf1_relative
GI	MH702262	GI.9	6988	p22	2074	2477	+	orf1_relative
GI	MH702262	GI.9	6988	VPg	2478	2881	+	orf1_relative
GI	MH702262	GI.9	6988	3CLpro	2882	3437	+	orf1_relative
GI	MH702262	GI.9	6988	RdRp	4275	5037	+	inferred_from_region_blast
GI	KX907731	GI.9	7681	VP1	5382	7034	+	genbank
GI	KX907731	GI.9	7681	ORF1	5	5398	+	genbank
GI	KX907731	GI.9	7681	p48	5	1406	+	orf1_relative
GI	KX907731	GI.9	7681	NTPase	1407	2216	+	orf1_relative
GI	KX907731	GI.9	7681	p22	2217	2647	+	orf1_relative
GI	KX907731	GI.9	7681	VPg	2648	3079	+	orf1_relative
GI	KX907731	GI.9	7681	3CLpro	3080	3672	+	orf1_relative
GI	KX907731	GI.9	7681	RdRp	4618	5380	+	inferred_from_region_blast
GI	KF586507	GI.9	7706	VP1	5382	7034	+	genbank
GI	KF586507	GI.9	7706	VP2	7034	7681	+	genbank
GI	KF586507	GI.9	7706	ORF1	5	5398	+	genbank
GI	KF586507	GI.9	7706	p48	5	1406	+	orf1_relative
GI	KF586507	GI.9	7706	NTPase	1407	2216	+	orf1_relative
GI	KF586507	GI.9	7706	p22	2217	2647	+	orf1_relative
GI	KF586507	GI.9	7706	VPg	2648	3079	+	orf1_relative
GI	KF586507	GI.9	7706	3CLpro	3080	3672	+	orf1_relative
GI	KF586507	GI.9	7706	RdRp	4618	5380	+	inferred_from_region_blast
GII	OP609644	GII.10	7543	VP1	5085	6731	+	genbank
GII	OP609644	GII.10	7543	VP2	6731	7504	+	genbank
GII	OP609644	GII.10	7543	ORF1	5	5104	+	genbank
GII	OP609644	GII.10	7543	p48	5	1330	+	orf1_relative
GII	OP609644	GII.10	7543	NTPase	1331	2095	+	orf1_relative
GII	OP609644	GII.10	7543	p22	2096	2503	+	orf1_relative
GII	OP609644	GII.10	7543	VPg	2504	2911	+	orf1_relative
GII	OP609644	GII.10	7543	3CLpro	2912	3472	+	orf1_relative
GII	OP609644	GII.10	7543	RdRp	4323	5079	+	inferred_from_region_blast
GII	OP609645	GII.10	7543	VP1	5085	6731	+	genbank
GII	OP609645	GII.10	7543	VP2	6731	7504	+	genbank
GII	OP609645	GII.10	7543	ORF1	5	5104	+	genbank
GII	OP609645	GII.10	7543	p48	5	1330	+	orf1_relative
GII	OP609645	GII.10	7543	NTPase	1331	2095	+	orf1_relative
GII	OP609645	GII.10	7543	p22	2096	2503	+	orf1_relative
GII	OP609645	GII.10	7543	VPg	2504	2911	+	orf1_relative
GII	OP609645	GII.10	7543	3CLpro	2912	3472	+	orf1_relative
GII	OP609645	GII.10	7543	RdRp	4323	5079	+	inferred_from_region_blast
GII	OP686903	GII.10	7548	VP1	5085	6731	+	genbank
GII	OP686903	GII.10	7548	VP2	6731	7504	+	genbank
GII	OP686903	GII.10	7548	ORF1	5	5104	+	genbank
GII	OP686903	GII.10	7548	p48	5	1330	+	orf1_relative
GII	OP686903	GII.10	7548	NTPase	1331	2095	+	orf1_relative
GII	OP686903	GII.10	7548	p22	2096	2503	+	orf1_relative
GII	OP686903	GII.10	7548	VPg	2504	2911	+	orf1_relative
GII	OP686903	GII.10	7548	3CLpro	2912	3472	+	orf1_relative
GII	OP686903	GII.10	7548	RdRp	4323	5079	+	inferred_from_region_blast
GII	OP691294	GII.10	7538	VP1	5085	6731	+	genbank
GII	OP691294	GII.10	7538	VP2	6731	7504	+	genbank
GII	OP691294	GII.10	7538	ORF1	5	5104	+	genbank
GII	OP691294	GII.10	7538	p48	5	1330	+	orf1_relative
GII	OP691294	GII.10	7538	NTPase	1331	2095	+	orf1_relative
GII	OP691294	GII.10	7538	p22	2096	2503	+	orf1_relative
GII	OP691294	GII.10	7538	VPg	2504	2911	+	orf1_relative
GII	OP691294	GII.10	7538	3CLpro	2912	3472	+	orf1_relative
GII	OP691294	GII.10	7538	RdRp	4323	5079	+	inferred_from_region_blast
GII	OP691295	GII.10	7538	VP1	5085	6731	+	genbank
GII	OP691295	GII.10	7538	VP2	6731	7504	+	genbank
GII	OP691295	GII.10	7538	ORF1	5	5104	+	genbank
GII	OP691295	GII.10	7538	p48	5	1330	+	orf1_relative
GII	OP691295	GII.10	7538	NTPase	1331	2095	+	orf1_relative
GII	OP691295	GII.10	7538	p22	2096	2503	+	orf1_relative
GII	OP691295	GII.10	7538	VPg	2504	2911	+	orf1_relative
GII	OP691295	GII.10	7538	3CLpro	2912	3472	+	orf1_relative
GII	OP691295	GII.10	7538	RdRp	4323	5079	+	inferred_from_region_blast
GII	MH608285	GII.12	7138	VP1	4719	6326	+	genbank
GII	MH608285	GII.12	7138	VP2	6326	7099	+	genbank
GII	MH608285	GII.12	7138	ORF1	1	4738	+	genbank
GII	MH608285	GII.12	7138	p48	1	1232	+	orf1_relative
GII	MH608285	GII.12	7138	NTPase	1233	1943	+	orf1_relative
GII	MH608285	GII.12	7138	p22	1944	2322	+	orf1_relative
GII	MH608285	GII.12	7138	VPg	2323	2701	+	orf1_relative
GII	MH608285	GII.12	7138	3CLpro	2702	3222	+	orf1_relative
GII	MH608285	GII.12	7138	RdRp	3957	4713	+	inferred_from_region_blast
GII	MK355712	GII.12	7406	VP1	5075	6682	+	genbank
GII	MK355712	GII.12	7406	VP2	6682	7406	+	genbank
GII	MK355712	GII.12	7406	ORF1	1	5094	+	genbank
GII	MK355712	GII.12	7406	p48	1	1324	+	orf1_relative
GII	MK355712	GII.12	7406	NTPase	1325	2089	+	orf1_relative
GII	MK355712	GII.12	7406	p22	2090	2496	+	orf1_relative
GII	MK355712	GII.12	7406	VPg	2497	2904	+	orf1_relative
GII	MK355712	GII.12	7406	3CLpro	2905	3464	+	orf1_relative
GII	MK355712	GII.12	7406	RdRp	4313	5069	+	inferred_from_region_blast
GII	MK355713	GII.12	7406	VP1	5075	6682	+	genbank
GII	MK355713	GII.12	7406	VP2	6682	7406	+	genbank
GII	MK355713	GII.12	7406	ORF1	1	5094	+	genbank
GII	MK355713	GII.12	7406	p48	1	1324	+	orf1_relative
GII	MK355713	GII.12	7406	NTPase	1325	2089	+	orf1_relative
GII	MK355713	GII.12	7406	p22	2090	2496	+	orf1_relative
GII	MK355713	GII.12	7406	VPg	2497	2904	+	orf1_relative
GII	MK355713	GII.12	7406	3CLpro	2905	3464	+	orf1_relative
GII	MK355713	GII.12	7406	RdRp	4313	5069	+	inferred_from_region_blast
GII	MK616558	GII.12	7466	VP1	5033	6640	+	genbank
GII	MK616558	GII.12	7466	VP2	6640	7419	+	genbank
GII	MK616558	GII.12	7466	ORF1	1	5052	+	genbank
GII	MK616558	GII.12	7466	p48	1	1314	+	orf1_relative
GII	MK616558	GII.12	7466	NTPase	1315	2071	+	orf1_relative
GII	MK616558	GII.12	7466	p22	2072	2475	+	orf1_relative
GII	MK616558	GII.12	7466	VPg	2476	2880	+	orf1_relative
GII	MK616558	GII.12	7466	3CLpro	2881	3435	+	orf1_relative
GII	MK616558	GII.12	7466	RdRp	4271	5027	+	inferred_from_region_blast
GII	MK616559	GII.12	7430	VP1	5033	6640	+	genbank
GII	MK616559	GII.12	7430	VP2	6640	7419	+	genbank
GII	MK616559	GII.12	7430	ORF1	1	5052	+	genbank
GII	MK616559	GII.12	7430	p48	1	1314	+	orf1_relative
GII	MK616559	GII.12	7430	NTPase	1315	2071	+	orf1_relative
GII	MK616559	GII.12	7430	p22	2072	2475	+	orf1_relative
GII	MK616559	GII.12	7430	VPg	2476	2880	+	orf1_relative
GII	MK616559	GII.12	7430	3CLpro	2881	3435	+	orf1_relative
GII	MK616559	GII.12	7430	RdRp	4271	5027	+	inferred_from_region_blast
GII	MK616560	GII.12	7439	VP1	5018	6625	+	genbank
GII	MK616560	GII.12	7439	VP2	6625	7404	+	genbank
GII	MK616560	GII.12	7439	ORF1	1	5037	+	genbank
GII	MK616560	GII.12	7439	p48	1	1310	+	orf1_relative
GII	MK616560	GII.12	7439	NTPase	1311	2065	+	orf1_relative
GII	MK616560	GII.12	7439	p22	2066	2468	+	orf1_relative
GII	MK616560	GII.12	7439	VPg	2469	2871	+	orf1_relative
GII	MK616560	GII.12	7439	3CLpro	2872	3425	+	orf1_relative
GII	MK616560	GII.12	7439	RdRp	4256	5012	+	inferred_from_region_blast
GII	MK616561	GII.12	7466	VP1	5033	6640	+	genbank
GII	MK616561	GII.12	7466	VP2	6640	7419	+	genbank
GII	MK616561	GII.12	7466	ORF1	1	5052	+	genbank
GII	MK616561	GII.12	7466	p48	1	1314	+	orf1_relative
GII	MK616561	GII.12	7466	NTPase	1315	2071	+	orf1_relative
GII	MK616561	GII.12	7466	p22	2072	2475	+	orf1_relative
GII	MK616561	GII.12	7466	VPg	2476	2880	+	orf1_relative
GII	MK616561	GII.12	7466	3CLpro	2881	3435	+	orf1_relative
GII	MK616561	GII.12	7466	RdRp	4271	5027	+	inferred_from_region_blast
GII	MK753036	GII.12	7480	VP1	5085	6692	+	genbank
GII	MK753036	GII.12	7480	VP2	6692	7471	+	genbank
GII	MK753036	GII.12	7480	ORF1	5	5104	+	genbank
GII	MK753036	GII.12	7480	p48	5	1330	+	orf1_relative
GII	MK753036	GII.12	7480	NTPase	1331	2095	+	orf1_relative
GII	MK753036	GII.12	7480	p22	2096	2503	+	orf1_relative
GII	MK753036	GII.12	7480	VPg	2504	2911	+	orf1_relative
GII	MK753036	GII.12	7480	3CLpro	2912	3472	+	orf1_relative
GII	MK753036	GII.12	7480	RdRp	4323	5079	+	inferred_from_region_blast
GII	MK754445	GII.12	7513	VP1	5081	6688	+	genbank
GII	MK754445	GII.12	7513	VP2	6688	7467	+	genbank
GII	MK754445	GII.12	7513	ORF1	1	5100	+	genbank
GII	MK754445	GII.12	7513	p48	1	1326	+	orf1_relative
GII	MK754445	GII.12	7513	NTPase	1327	2091	+	orf1_relative
GII	MK754445	GII.12	7513	p22	2092	2499	+	orf1_relative
GII	MK754445	GII.12	7513	VPg	2500	2907	+	orf1_relative
GII	MK754445	GII.12	7513	3CLpro	2908	3468	+	orf1_relative
GII	MK754445	GII.12	7513	RdRp	4319	5075	+	inferred_from_region_blast
GII	MK754447	GII.12	7502	VP1	5085	6692	+	genbank
GII	MK754447	GII.12	7502	VP2	6692	7471	+	genbank
GII	MK754447	GII.12	7502	ORF1	5	5104	+	genbank
GII	MK754447	GII.12	7502	p48	5	1330	+	orf1_relative
GII	MK754447	GII.12	7502	NTPase	1331	2095	+	orf1_relative
GII	MK754447	GII.12	7502	p22	2096	2503	+	orf1_relative
GII	MK754447	GII.12	7502	VPg	2504	2911	+	orf1_relative
GII	MK754447	GII.12	7502	3CLpro	2912	3472	+	orf1_relative
GII	MK754447	GII.12	7502	RdRp	4323	5079	+	inferred_from_region_blast
GII	MK762627	GII.12	7504	VP1	5084	6691	+	genbank
GII	MK762627	GII.12	7504	VP2	6691	7470	+	genbank
GII	MK762627	GII.12	7504	ORF1	4	5103	+	genbank
GII	MK762627	GII.12	7504	p48	4	1329	+	orf1_relative
GII	MK762627	GII.12	7504	NTPase	1330	2094	+	orf1_relative
GII	MK762627	GII.12	7504	p22	2095	2502	+	orf1_relative
GII	MK762627	GII.12	7504	VPg	2503	2910	+	orf1_relative
GII	MK762627	GII.12	7504	3CLpro	2911	3471	+	orf1_relative
GII	MK762627	GII.12	7504	RdRp	4322	5078	+	inferred_from_region_blast
GII	MK764041	GII.12	7480	VP1	5085	6692	+	genbank
GII	MK764041	GII.12	7480	VP2	6692	7471	+	genbank
GII	MK764041	GII.12	7480	ORF1	5	5104	+	genbank
GII	MK764041	GII.12	7480	p48	5	1330	+	orf1_relative
GII	MK764041	GII.12	7480	NTPase	1331	2095	+	orf1_relative
GII	MK764041	GII.12	7480	p22	2096	2503	+	orf1_relative
GII	MK764041	GII.12	7480	VPg	2504	2911	+	orf1_relative
GII	MK764041	GII.12	7480	3CLpro	2912	3472	+	orf1_relative
GII	MK764041	GII.12	7480	RdRp	4323	5079	+	inferred_from_region_blast
GII	OP690427	GII.12	7527	VP1	5085	6692	+	genbank
GII	OP690427	GII.12	7527	VP2	6692	7471	+	genbank
GII	OP690427	GII.12	7527	ORF1	5	5104	+	genbank
GII	OP690427	GII.12	7527	p48	5	1330	+	orf1_relative
GII	OP690427	GII.12	7527	NTPase	1331	2095	+	orf1_relative
GII	OP690427	GII.12	7527	p22	2096	2503	+	orf1_relative
GII	OP690427	GII.12	7527	VPg	2504	2911	+	orf1_relative
GII	OP690427	GII.12	7527	3CLpro	2912	3472	+	orf1_relative
GII	OP690427	GII.12	7527	RdRp	4323	5079	+	inferred_from_region_blast
GII	KM036380	GII.13	7435	VP1	5075	6697	+	genbank
GII	KM036380	GII.13	7435	VP2	6697	7428	+	genbank
GII	KM036380	GII.13	7435	RdRp	4307	5063	+	inferred_from_region_blast
GII	KY210920	GII.13	7506	VP1	5082	6710	+	genbank
GII	KY210920	GII.13	7506	VP2	6710	7441	+	genbank
GII	KY210920	GII.13	7506	ORF1	5	5101	+	genbank
GII	KY210920	GII.13	7506	p48	5	1329	+	orf1_relative
GII	KY210920	GII.13	7506	NTPase	1330	2094	+	orf1_relative
GII	KY210920	GII.13	7506	p22	2095	2502	+	orf1_relative
GII	KY210920	GII.13	7506	VPg	2503	2909	+	orf1_relative
GII	KY210920	GII.13	7506	3CLpro	2910	3470	+	orf1_relative
GII	KY210920	GII.13	7506	5'UTR	1	4	+	genbank
GII	KY210920	GII.13	7506	3'UTR	7442	7506	+	genbank
GII	KY210920	GII.13	7506	RdRp	4320	5076	+	inferred_from_region_blast
GII	KY947548	GII.13	7457	VP1	5081	6709	+	genbank
GII	KY947548	GII.13	7457	VP2	6709	7440	+	genbank
GII	KY947548	GII.13	7457	ORF1	4	5100	+	genbank
GII	KY947548	GII.13	7457	p48	4	1328	+	orf1_relative
GII	KY947548	GII.13	7457	NTPase	1329	2093	+	orf1_relative
GII	KY947548	GII.13	7457	p22	2094	2501	+	orf1_relative
GII	KY947548	GII.13	7457	VPg	2502	2908	+	orf1_relative
GII	KY947548	GII.13	7457	3CLpro	2909	3469	+	orf1_relative
GII	KY947548	GII.13	7457	5'UTR	1	3	+	genbank
GII	KY947548	GII.13	7457	3'UTR	7441	7457	+	genbank
GII	KY947548	GII.13	7457	RdRp	4319	5075	+	inferred_from_region_blast
GII	LC122832	GII.13	7475	VP1	5073	6681	+	inferred_from_region_blast
GII	LC122832	GII.13	7475	RdRp	4310	5066	+	inferred_from_region_blast
GII	LC597111	GII.13	7498	VP1	5075	6703	+	genbank
GII	LC597111	GII.13	7498	VP2	6703	7434	+	genbank
GII	LC597111	GII.13	7498	ORF1	4	5094	+	genbank
GII	LC597111	GII.13	7498	p48	4	1327	+	orf1_relative
GII	LC597111	GII.13	7498	NTPase	1328	2090	+	orf1_relative
GII	LC597111	GII.13	7498	p22	2091	2498	+	orf1_relative
GII	LC597111	GII.13	7498	VPg	2499	2905	+	orf1_relative
GII	LC597111	GII.13	7498	3CLpro	2906	3465	+	orf1_relative
GII	LC597111	GII.13	7498	RdRp	4313	5069	+	inferred_from_region_blast
GII	LC597113	GII.13	7456	VP1	5072	6700	+	genbank
GII	LC597113	GII.13	7456	VP2	6700	7431	+	genbank
GII	LC597113	GII.13	7456	ORF1	1	5091	+	genbank
GII	LC597113	GII.13	7456	p48	1	1324	+	orf1_relative
GII	LC597113	GII.13	7456	NTPase	1325	2087	+	orf1_relative
GII	LC597113	GII.13	7456	p22	2088	2495	+	orf1_relative
GII	LC597113	GII.13	7456	VPg	2496	2902	+	orf1_relative
GII	LC597113	GII.13	7456	3CLpro	2903	3462	+	orf1_relative
GII	LC597113	GII.13	7456	RdRp	4310	5066	+	inferred_from_region_blast
GII	LC597119	GII.13	7445	VP1	5068	6696	+	genbank
GII	LC597119	GII.13	7445	VP2	6696	7427	+	genbank
GII	LC597119	GII.13	7445	ORF1	1	5087	+	genbank
GII	LC597119	GII.13	7445	p48	1	1323	+	orf1_relative
GII	LC597119	GII.13	7445	NTPase	1324	2086	+	orf1_relative
GII	LC597119	GII.13	7445	p22	2087	2493	+	orf1_relative
GII	LC597119	GII.13	7445	VPg	2494	2900	+	orf1_relative
GII	LC597119	GII.13	7445	3CLpro	2901	3459	+	orf1_relative
GII	LC597119	GII.13	7445	RdRp	4306	5062	+	inferred_from_region_blast
GII	LC597122	GII.13	7416	VP1	5068	6696	+	genbank
GII	LC597122	GII.13	7416	VP2	6696	7416	+	genbank
GII	LC597122	GII.13	7416	RdRp	4306	5062	+	inferred_from_region_blast
GII	LC597126	GII.13	7510	VP1	5072	6700	+	genbank
GII	LC597126	GII.13	7510	VP2	6700	7431	+	genbank
GII	LC597126	GII.13	7510	ORF1	1	5091	+	genbank
GII	LC597126	GII.13	7510	p48	1	1324	+	orf1_relative
GII	LC597126	GII.13	7510	NTPase	1325	2087	+	orf1_relative
GII	LC597126	GII.13	7510	p22	2088	2495	+	orf1_relative
GII	LC597126	GII.13	7510	VPg	2496	2902	+	orf1_relative
GII	LC597126	GII.13	7510	3CLpro	2903	3462	+	orf1_relative
GII	LC597126	GII.13	7510	RdRp	4310	5066	+	inferred_from_region_blast
GII	LC769703	GII.13	7470	VP1	5075	6703	+	genbank
GII	LC769703	GII.13	7470	VP2	6703	7434	+	genbank
GII	LC769703	GII.13	7470	ORF1	1	5094	+	genbank
GII	LC769703	GII.13	7470	p48	1	1324	+	orf1_relative
GII	LC769703	GII.13	7470	NTPase	1325	2089	+	orf1_relative
GII	LC769703	GII.13	7470	p22	2090	2496	+	orf1_relative
GII	LC769703	GII.13	7470	VPg	2497	2904	+	orf1_relative
GII	LC769703	GII.13	7470	3CLpro	2905	3464	+	orf1_relative
GII	LC769703	GII.13	7470	RdRp	4313	5069	+	inferred_from_region_blast
GII	MG892908	GII.13	7510	VP1	5085	6713	+	genbank
GII	MG892908	GII.13	7510	VP2	6713	7444	+	genbank
GII	MG892908	GII.13	7510	ORF1	5	5104	+	genbank
GII	MG892908	GII.13	7510	p48	5	1330	+	orf1_relative
GII	MG892908	GII.13	7510	NTPase	1331	2095	+	orf1_relative
GII	MG892908	GII.13	7510	p22	2096	2503	+	orf1_relative
GII	MG892908	GII.13	7510	VPg	2504	2911	+	orf1_relative
GII	MG892908	GII.13	7510	3CLpro	2912	3472	+	orf1_relative
GII	MG892908	GII.13	7510	5'UTR	1	4	+	genbank
GII	MG892908	GII.13	7510	3'UTR	7445	7510	+	genbank
GII	MG892908	GII.13	7510	RdRp	4323	5079	+	inferred_from_region_blast
GII	MH608287	GII.13	7205	VP1	4812	6440	+	genbank
GII	MH608287	GII.13	7205	VP2	6440	7171	+	genbank
GII	MH608287	GII.13	7205	ORF1	1	4831	+	genbank
GII	MH608287	GII.13	7205	p48	1	1256	+	orf1_relative
GII	MH608287	GII.13	7205	NTPase	1257	1981	+	orf1_relative
GII	MH608287	GII.13	7205	p22	1982	2367	+	orf1_relative
GII	MH608287	GII.13	7205	VPg	2368	2754	+	orf1_relative
GII	MH608287	GII.13	7205	3CLpro	2755	3285	+	orf1_relative
GII	MH608287	GII.13	7205	RdRp	4050	4806	+	inferred_from_region_blast
GII	MH702276	GII.13	7288	VP1	4929	6557	+	genbank
GII	MH702276	GII.13	7288	VP2	6557	7288	+	genbank
GII	MH702276	GII.13	7288	ORF1	1	4948	+	genbank
GII	MH702276	GII.13	7288	p48	1	1286	+	orf1_relative
GII	MH702276	GII.13	7288	NTPase	1287	2029	+	orf1_relative
GII	MH702276	GII.13	7288	p22	2030	2425	+	orf1_relative
GII	MH702276	GII.13	7288	VPg	2426	2820	+	orf1_relative
GII	MH702276	GII.13	7288	3CLpro	2821	3365	+	orf1_relative
GII	MH702276	GII.13	7288	RdRp	4167	4923	+	inferred_from_region_blast
GII	MH702277	GII.13	7139	VP1	4777	6405	+	genbank
GII	MH702277	GII.13	7139	VP2	6405	7136	+	genbank
GII	MH702277	GII.13	7139	ORF1	1	4796	+	genbank
GII	MH702277	GII.13	7139	p48	1	1247	+	orf1_relative
GII	MH702277	GII.13	7139	NTPase	1248	1966	+	orf1_relative
GII	MH702277	GII.13	7139	p22	1967	2350	+	orf1_relative
GII	MH702277	GII.13	7139	VPg	2351	2734	+	orf1_relative
GII	MH702277	GII.13	7139	3CLpro	2735	3261	+	orf1_relative
GII	MH702277	GII.13	7139	RdRp	4015	4771	+	inferred_from_region_blast
GII	MH702283	GII.13	7002	VP1	5068	6696	+	genbank
GII	MH702283	GII.13	7002	VP2	6696	7002	+	genbank
GII	MH702283	GII.13	7002	ORF1	1	5087	+	genbank
GII	MH702283	GII.13	7002	p48	1	1323	+	orf1_relative
GII	MH702283	GII.13	7002	NTPase	1324	2086	+	orf1_relative
GII	MH702283	GII.13	7002	p22	2087	2493	+	orf1_relative
GII	MH702283	GII.13	7002	VPg	2494	2900	+	orf1_relative
GII	MH702283	GII.13	7002	3CLpro	2901	3459	+	orf1_relative
GII	MH702283	GII.13	7002	RdRp	4306	5062	+	inferred_from_region_blast
GII	MK396778	GII.13	6788	VP1	4878	6506	+	genbank
GII	MK396778	GII.13	6788	VP2	6506	6788	+	genbank
GII	MK396778	GII.13	6788	ORF1	1	4897	+	genbank
GII	MK396778	GII.13	6788	p48	1	1273	+	orf1_relative
GII	MK396778	GII.13	6788	NTPase	1274	2008	+	orf1_relative
GII	MK396778	GII.13	6788	p22	2009	2400	+	orf1_relative
GII	MK396778	GII.13	6788	VPg	2401	2791	+	orf1_relative
GII	MK396778	GII.13	6788	3CLpro	2792	3330	+	orf1_relative
GII	MK396778	GII.13	6788	RdRp	4116	4872	+	inferred_from_region_blast
GII	MK752946	GII.13	7457	VP1	5081	6709	+	genbank
GII	MK752946	GII.13	7457	VP2	6709	7440	+	genbank
GII	MK752946	GII.13	7457	ORF1	4	5100	+	genbank
GII	MK752946	GII.13	7457	p48	4	1328	+	orf1_relative
GII	MK752946	GII.13	7457	NTPase	1329	2093	+	orf1_relative
GII	MK752946	GII.13	7457	p22	2094	2501	+	orf1_relative
GII	MK752946	GII.13	7457	VPg	2502	2908	+	orf1_relative
GII	MK752946	GII.13	7457	3CLpro	2909	3469	+	orf1_relative
GII	MK752946	GII.13	7457	RdRp	4319	5075	+	inferred_from_region_blast
GII	MK752947	GII.13	7448	VP1	5081	6709	+	genbank
GII	MK752947	GII.13	7448	VP2	6709	7440	+	genbank
GII	MK752947	GII.13	7448	ORF1	4	5100	+	genbank
GII	MK752947	GII.13	7448	p48	4	1328	+	orf1_relative
GII	MK752947	GII.13	7448	NTPase	1329	2093	+	orf1_relative
GII	MK752947	GII.13	7448	p22	2094	2501	+	orf1_relative
GII	MK752947	GII.13	7448	VPg	2502	2908	+	orf1_relative
GII	MK752947	GII.13	7448	3CLpro	2909	3469	+	orf1_relative
GII	MK752947	GII.13	7448	RdRp	4319	5075	+	inferred_from_region_blast
GII	MK753008	GII.13	7456	VP1	5080	6708	+	genbank
GII	MK753008	GII.13	7456	VP2	6708	7439	+	genbank
GII	MK753008	GII.13	7456	ORF1	3	5099	+	genbank
GII	MK753008	GII.13	7456	p48	3	1327	+	orf1_relative
GII	MK753008	GII.13	7456	NTPase	1328	2092	+	orf1_relative
GII	MK753008	GII.13	7456	p22	2093	2500	+	orf1_relative
GII	MK753008	GII.13	7456	VPg	2501	2907	+	orf1_relative
GII	MK753008	GII.13	7456	3CLpro	2908	3468	+	orf1_relative
GII	MK753008	GII.13	7456	RdRp	4318	5074	+	inferred_from_region_blast
GII	MK753009	GII.13	7462	VP1	5081	6709	+	genbank
GII	MK753009	GII.13	7462	VP2	6709	7440	+	genbank
GII	MK753009	GII.13	7462	ORF1	4	5100	+	genbank
GII	MK753009	GII.13	7462	p48	4	1328	+	orf1_relative
GII	MK753009	GII.13	7462	NTPase	1329	2093	+	orf1_relative
GII	MK753009	GII.13	7462	p22	2094	2501	+	orf1_relative
GII	MK753009	GII.13	7462	VPg	2502	2908	+	orf1_relative
GII	MK753009	GII.13	7462	3CLpro	2909	3469	+	orf1_relative
GII	MK753009	GII.13	7462	RdRp	4319	5075	+	inferred_from_region_blast
GII	MK753010	GII.13	7457	VP1	5081	6709	+	genbank
GII	MK753010	GII.13	7457	VP2	6709	7440	+	genbank
GII	MK753010	GII.13	7457	ORF1	4	5100	+	genbank
GII	MK753010	GII.13	7457	p48	4	1328	+	orf1_relative
GII	MK753010	GII.13	7457	NTPase	1329	2093	+	orf1_relative
GII	MK753010	GII.13	7457	p22	2094	2501	+	orf1_relative
GII	MK753010	GII.13	7457	VPg	2502	2908	+	orf1_relative
GII	MK753010	GII.13	7457	3CLpro	2909	3469	+	orf1_relative
GII	MK753010	GII.13	7457	RdRp	4319	5075	+	inferred_from_region_blast
GII	MK753020	GII.13	7417	VP1	5047	6675	+	genbank
GII	MK753020	GII.13	7417	VP2	6675	7409	+	genbank
GII	MK753020	GII.13	7417	ORF1	1	5066	+	genbank
GII	MK753020	GII.13	7417	p48	1	1317	+	orf1_relative
GII	MK753020	GII.13	7417	NTPase	1318	2077	+	orf1_relative
GII	MK753020	GII.13	7417	p22	2078	2482	+	orf1_relative
GII	MK753020	GII.13	7417	VPg	2483	2888	+	orf1_relative
GII	MK753020	GII.13	7417	3CLpro	2889	3445	+	orf1_relative
GII	MK753020	GII.13	7417	RdRp	4285	5041	+	inferred_from_region_blast
GII	MK754443	GII.13	7457	VP1	5081	6709	+	genbank
GII	MK754443	GII.13	7457	VP2	6709	7440	+	genbank
GII	MK754443	GII.13	7457	ORF1	4	5100	+	genbank
GII	MK754443	GII.13	7457	p48	4	1328	+	orf1_relative
GII	MK754443	GII.13	7457	NTPase	1329	2093	+	orf1_relative
GII	MK754443	GII.13	7457	p22	2094	2501	+	orf1_relative
GII	MK754443	GII.13	7457	VPg	2502	2908	+	orf1_relative
GII	MK754443	GII.13	7457	3CLpro	2909	3469	+	orf1_relative
GII	MK754443	GII.13	7457	RdRp	4319	5075	+	inferred_from_region_blast
GII	MK762559	GII.13	7390	VP1	5024	6652	+	genbank
GII	MK762559	GII.13	7390	VP2	6652	7383	+	genbank
GII	MK762559	GII.13	7390	ORF1	1	5043	+	genbank
GII	MK762559	GII.13	7390	p48	1	1311	+	orf1_relative
GII	MK762559	GII.13	7390	NTPase	1312	2068	+	orf1_relative
GII	MK762559	GII.13	7390	p22	2069	2471	+	orf1_relative
GII	MK762559	GII.13	7390	VPg	2472	2875	+	orf1_relative
GII	MK762559	GII.13	7390	3CLpro	2876	3429	+	orf1_relative
GII	MK762559	GII.13	7390	RdRp	4262	5018	+	inferred_from_region_blast
GII	MK762560	GII.13	7450	VP1	5078	6706	+	genbank
GII	MK762560	GII.13	7450	VP2	6706	7437	+	genbank
GII	MK762560	GII.13	7450	ORF1	1	5097	+	genbank
GII	MK762560	GII.13	7450	p48	1	1325	+	orf1_relative
GII	MK762560	GII.13	7450	NTPase	1326	2090	+	orf1_relative
GII	MK762560	GII.13	7450	p22	2091	2498	+	orf1_relative
GII	MK762560	GII.13	7450	VPg	2499	2905	+	orf1_relative
GII	MK762560	GII.13	7450	3CLpro	2906	3466	+	orf1_relative
GII	MK762560	GII.13	7450	RdRp	4316	5072	+	inferred_from_region_blast
GII	MK762565	GII.13	7420	VP1	5054	6682	+	genbank
GII	MK762565	GII.13	7420	VP2	6682	7413	+	genbank
GII	MK762565	GII.13	7420	ORF1	1	5073	+	genbank
GII	MK762565	GII.13	7420	p48	1	1319	+	orf1_relative
GII	MK762565	GII.13	7420	NTPase	1320	2080	+	orf1_relative
GII	MK762565	GII.13	7420	p22	2081	2486	+	orf1_relative
GII	MK762565	GII.13	7420	VPg	2487	2892	+	orf1_relative
GII	MK762565	GII.13	7420	3CLpro	2893	3450	+	orf1_relative
GII	MK762565	GII.13	7420	RdRp	4292	5048	+	inferred_from_region_blast
GII	MK762745	GII.13	7453	VP1	5081	6709	+	genbank
GII	MK762745	GII.13	7453	VP2	6709	7440	+	genbank
GII	MK762745	GII.13	7453	ORF1	4	5100	+	genbank
GII	MK762745	GII.13	7453	p48	4	1328	+	orf1_relative
GII	MK762745	GII.13	7453	NTPase	1329	2093	+	orf1_relative
GII	MK762745	GII.13	7453	p22	2094	2501	+	orf1_relative
GII	MK762745	GII.13	7453	VPg	2502	2908	+	orf1_relative
GII	MK762745	GII.13	7453	3CLpro	2909	3469	+	orf1_relative
GII	MK762745	GII.13	7453	RdRp	4319	5075	+	inferred_from_region_blast
GII	MK764014	GII.13	7446	VP1	5080	6708	+	genbank
GII	MK764014	GII.13	7446	VP2	6708	7439	+	genbank
GII	MK764014	GII.13	7446	ORF1	3	5099	+	genbank
GII	MK764014	GII.13	7446	p48	3	1327	+	orf1_relative
GII	MK764014	GII.13	7446	NTPase	1328	2092	+	orf1_relative
GII	MK764014	GII.13	7446	p22	2093	2500	+	orf1_relative
GII	MK764014	GII.13	7446	VPg	2501	2907	+	orf1_relative
GII	MK764014	GII.13	7446	3CLpro	2908	3468	+	orf1_relative
GII	MK764014	GII.13	7446	RdRp	4318	5074	+	inferred_from_region_blast
GII	MK775031	GII.13	7397	VP1	5021	6649	+	genbank
GII	MK775031	GII.13	7397	VP2	6649	7380	+	genbank
GII	MK775031	GII.13	7397	ORF1	1	5040	+	genbank
GII	MK775031	GII.13	7397	p48	1	1310	+	orf1_relative
GII	MK775031	GII.13	7397	NTPase	1311	2066	+	orf1_relative
GII	MK775031	GII.13	7397	p22	2067	2470	+	orf1_relative
GII	MK775031	GII.13	7397	VPg	2471	2873	+	orf1_relative
GII	MK775031	GII.13	7397	3CLpro	2874	3427	+	orf1_relative
GII	MK775031	GII.13	7397	RdRp	4259	5015	+	inferred_from_region_blast
GII	MN394543	GII.13	7451	VP1	5075	6703	+	genbank
GII	MN394543	GII.13	7451	VP2	6703	7434	+	genbank
GII	MN394543	GII.13	7451	ORF1	1	5094	+	genbank
GII	MN394543	GII.13	7451	p48	1	1324	+	orf1_relative
GII	MN394543	GII.13	7451	NTPase	1325	2089	+	orf1_relative
GII	MN394543	GII.13	7451	p22	2090	2496	+	orf1_relative
GII	MN394543	GII.13	7451	VPg	2497	2904	+	orf1_relative
GII	MN394543	GII.13	7451	3CLpro	2905	3464	+	orf1_relative
GII	MN394543	GII.13	7451	RdRp	4313	5069	+	inferred_from_region_blast
GII	MN394545	GII.13	7451	VP1	5075	6703	+	genbank
GII	MN394545	GII.13	7451	VP2	6703	7434	+	genbank
GII	MN394545	GII.13	7451	ORF1	1	5094	+	genbank
GII	MN394545	GII.13	7451	p48	1	1324	+	orf1_relative
GII	MN394545	GII.13	7451	NTPase	1325	2089	+	orf1_relative
GII	MN394545	GII.13	7451	p22	2090	2496	+	orf1_relative
GII	MN394545	GII.13	7451	VPg	2497	2904	+	orf1_relative
GII	MN394545	GII.13	7451	3CLpro	2905	3464	+	orf1_relative
GII	MN394545	GII.13	7451	RdRp	4313	5069	+	inferred_from_region_blast
GII	MT526278	GII.13	7450	VP1	5070	6698	+	genbank
GII	MT526278	GII.13	7450	VP2	6698	7429	+	genbank
GII	MT526278	GII.13	7450	ORF1	1	5089	+	genbank
GII	MT526278	GII.13	7450	p48	1	1323	+	orf1_relative
GII	MT526278	GII.13	7450	NTPase	1324	2086	+	orf1_relative
GII	MT526278	GII.13	7450	p22	2087	2494	+	orf1_relative
GII	MT526278	GII.13	7450	VPg	2495	2901	+	orf1_relative
GII	MT526278	GII.13	7450	3CLpro	2902	3461	+	orf1_relative
GII	MT526278	GII.13	7450	RdRp	4308	5064	+	inferred_from_region_blast
GII	MT720841	GII.13	7506	VP1	5082	6710	+	genbank
GII	MT720841	GII.13	7506	VP2	6710	7441	+	genbank
GII	MT720841	GII.13	7506	ORF1	5	5101	+	genbank
GII	MT720841	GII.13	7506	p48	5	1329	+	orf1_relative
GII	MT720841	GII.13	7506	NTPase	1330	2094	+	orf1_relative
GII	MT720841	GII.13	7506	p22	2095	2502	+	orf1_relative
GII	MT720841	GII.13	7506	VPg	2503	2909	+	orf1_relative
GII	MT720841	GII.13	7506	3CLpro	2910	3470	+	orf1_relative
GII	MT720841	GII.13	7506	RdRp	4320	5076	+	inferred_from_region_blast
GII	MW305678	GII.13	7423	VP1	5047	6675	+	genbank
GII	MW305678	GII.13	7423	VP2	6675	7406	+	genbank
GII	MW305678	GII.13	7423	ORF1	1	5066	+	genbank
GII	MW305678	GII.13	7423	p48	1	1317	+	orf1_relative
GII	MW305678	GII.13	7423	NTPase	1318	2077	+	orf1_relative
GII	MW305678	GII.13	7423	p22	2078	2482	+	orf1_relative
GII	MW305678	GII.13	7423	VPg	2483	2888	+	orf1_relative
GII	MW305678	GII.13	7423	3CLpro	2889	3445	+	orf1_relative
GII	MW305678	GII.13	7423	RdRp	4285	5041	+	inferred_from_region_blast
GII	MW305714	GII.13	7423	VP1	5047	6675	+	genbank
GII	MW305714	GII.13	7423	VP2	6675	7406	+	genbank
GII	MW305714	GII.13	7423	ORF1	1	5066	+	genbank
GII	MW305714	GII.13	7423	p48	1	1317	+	orf1_relative
GII	MW305714	GII.13	7423	NTPase	1318	2077	+	orf1_relative
GII	MW305714	GII.13	7423	p22	2078	2482	+	orf1_relative
GII	MW305714	GII.13	7423	VPg	2483	2888	+	orf1_relative
GII	MW305714	GII.13	7423	3CLpro	2889	3445	+	orf1_relative
GII	MW305714	GII.13	7423	RdRp	4285	5041	+	inferred_from_region_blast
GII	MZ268407	GII.13	7450	VP1	5078	6706	+	genbank
GII	MZ268407	GII.13	7450	VP2	6706	7437	+	genbank
GII	MZ268407	GII.13	7450	ORF1	1	5097	+	genbank
GII	MZ268407	GII.13	7450	p48	1	1325	+	orf1_relative
GII	MZ268407	GII.13	7450	NTPase	1326	2090	+	orf1_relative
GII	MZ268407	GII.13	7450	p22	2091	2498	+	orf1_relative
GII	MZ268407	GII.13	7450	VPg	2499	2905	+	orf1_relative
GII	MZ268407	GII.13	7450	3CLpro	2906	3466	+	orf1_relative
GII	MZ268407	GII.13	7450	RdRp	4316	5072	+	inferred_from_region_blast
GII	MZ268408	GII.13	7494	VP1	5082	6710	+	genbank
GII	MZ268408	GII.13	7494	VP2	6710	7441	+	genbank
GII	MZ268408	GII.13	7494	ORF1	5	5101	+	genbank
GII	MZ268408	GII.13	7494	p48	5	1329	+	orf1_relative
GII	MZ268408	GII.13	7494	NTPase	1330	2094	+	orf1_relative
GII	MZ268408	GII.13	7494	p22	2095	2502	+	orf1_relative
GII	MZ268408	GII.13	7494	VPg	2503	2909	+	orf1_relative
GII	MZ268408	GII.13	7494	3CLpro	2910	3470	+	orf1_relative
GII	MZ268408	GII.13	7494	RdRp	4320	5076	+	inferred_from_region_blast
GII	OP205554	GII.13	7422	VP1	5063	6691	+	genbank
GII	OP205554	GII.13	7422	VP2	6691	7422	+	genbank
GII	OP205554	GII.13	7422	ORF1	1	5082	+	genbank
GII	OP205554	GII.13	7422	p48	1	1321	+	orf1_relative
GII	OP205554	GII.13	7422	NTPase	1322	2084	+	orf1_relative
GII	OP205554	GII.13	7422	p22	2085	2490	+	orf1_relative
GII	OP205554	GII.13	7422	VPg	2491	2897	+	orf1_relative
GII	OP205554	GII.13	7422	3CLpro	2898	3456	+	orf1_relative
GII	OP205554	GII.13	7422	RdRp	4301	5057	+	inferred_from_region_blast
GII	GU017903	GII.14	7529	VP1	5080	6670	+	inferred_from_region_blast
GII	GU017903	GII.14	7529	VP2	6689	7483	+	genbank
GII	GU017903	GII.14	7529	ORF1	5	5098	+	genbank
GII	GU017903	GII.14	7529	p48	5	1328	+	orf1_relative
GII	GU017903	GII.14	7529	NTPase	1329	2093	+	orf1_relative
GII	GU017903	GII.14	7529	p22	2094	2500	+	orf1_relative
GII	GU017903	GII.14	7529	VPg	2501	2908	+	orf1_relative
GII	GU017903	GII.14	7529	3CLpro	2909	3468	+	orf1_relative
GII	GU017903	GII.14	7529	RdRp	4317	5073	+	inferred_from_region_blast
GII	GU594162	GII.14	7529	VP1	5080	6670	+	inferred_from_region_blast
GII	GU594162	GII.14	7529	VP2	6689	7483	+	genbank
GII	GU594162	GII.14	7529	ORF1	5	5098	+	genbank
GII	GU594162	GII.14	7529	p48	5	1328	+	orf1_relative
GII	GU594162	GII.14	7529	NTPase	1329	2093	+	orf1_relative
GII	GU594162	GII.14	7529	p22	2094	2500	+	orf1_relative
GII	GU594162	GII.14	7529	VPg	2501	2908	+	orf1_relative
GII	GU594162	GII.14	7529	3CLpro	2909	3468	+	orf1_relative
GII	GU594162	GII.14	7529	RdRp	4317	5073	+	inferred_from_region_blast
GII	KJ196278	GII.14	7529	VP1	5079	6689	+	genbank
GII	KJ196278	GII.14	7529	VP2	6689	7483	+	genbank
GII	KJ196278	GII.14	7529	ORF1	5	5098	+	genbank
GII	KJ196278	GII.14	7529	p48	5	1328	+	orf1_relative
GII	KJ196278	GII.14	7529	NTPase	1329	2093	+	orf1_relative
GII	KJ196278	GII.14	7529	p22	2094	2500	+	orf1_relative
GII	KJ196278	GII.14	7529	VPg	2501	2908	+	orf1_relative
GII	KJ196278	GII.14	7529	3CLpro	2909	3468	+	orf1_relative
GII	KJ196278	GII.14	7529	RdRp	4317	5073	+	inferred_from_region_blast
GII	KJ196297	GII.14	7529	VP1	5079	6689	+	genbank
GII	KJ196297	GII.14	7529	VP2	6689	7483	+	genbank
GII	KJ196297	GII.14	7529	ORF1	5	5098	+	genbank
GII	KJ196297	GII.14	7529	p48	5	1328	+	orf1_relative
GII	KJ196297	GII.14	7529	NTPase	1329	2093	+	orf1_relative
GII	KJ196297	GII.14	7529	p22	2094	2500	+	orf1_relative
GII	KJ196297	GII.14	7529	VPg	2501	2908	+	orf1_relative
GII	KJ196297	GII.14	7529	3CLpro	2909	3468	+	orf1_relative
GII	KJ196297	GII.14	7529	RdRp	4317	5073	+	inferred_from_region_blast
GII	LC122860	GII.14	7529	VP1	5080	6670	+	inferred_from_region_blast
GII	LC122860	GII.14	7529	RdRp	4317	5073	+	inferred_from_region_blast
GII	LC122861	GII.14	7529	VP1	5080	6670	+	inferred_from_region_blast
GII	LC122861	GII.14	7529	RdRp	4317	5073	+	inferred_from_region_blast
GII	LC122862	GII.14	7529	VP1	5080	6670	+	inferred_from_region_blast
GII	LC122862	GII.14	7529	RdRp	4317	5073	+	inferred_from_region_blast
GII	LC122863	GII.14	7517	VP1	5068	6658	+	inferred_from_region_blast
GII	LC122863	GII.14	7517	RdRp	4305	5061	+	inferred_from_region_blast
GII	LC122864	GII.14	7519	VP1	5070	6660	+	inferred_from_region_blast
GII	LC122864	GII.14	7519	RdRp	4307	5063	+	inferred_from_region_blast
GII	LC122865	GII.14	7504	VP1	5068	6658	+	inferred_from_region_blast
GII	LC122865	GII.14	7504	RdRp	4305	5061	+	inferred_from_region_blast
GII	LC122866	GII.14	7503	VP1	5068	6658	+	inferred_from_region_blast
GII	LC122866	GII.14	7503	RdRp	4305	5061	+	inferred_from_region_blast
GII	LC122867	GII.14	7517	VP1	5068	6658	+	inferred_from_region_blast
GII	LC122867	GII.14	7517	RdRp	4305	5061	+	inferred_from_region_blast
GII	LC122868	GII.14	7517	VP1	5068	6658	+	inferred_from_region_blast
GII	LC122868	GII.14	7517	RdRp	4305	5061	+	inferred_from_region_blast
GII	LC122869	GII.14	7529	VP1	5080	6670	+	inferred_from_region_blast
GII	LC122869	GII.14	7529	RdRp	4317	5073	+	inferred_from_region_blast
GII	LC122870	GII.14	7529	VP1	5080	6670	+	inferred_from_region_blast
GII	LC122870	GII.14	7529	RdRp	4317	5073	+	inferred_from_region_blast
GII	LC122871	GII.14	7516	VP1	5080	6670	+	inferred_from_region_blast
GII	LC122871	GII.14	7516	RdRp	4317	5073	+	inferred_from_region_blast
GII	LC122872	GII.14	7484	VP1	5059	6649	+	inferred_from_region_blast
GII	LC122872	GII.14	7484	RdRp	4296	5052	+	inferred_from_region_blast
GII	LC122873	GII.14	7510	VP1	5074	6664	+	inferred_from_region_blast
GII	LC122873	GII.14	7510	RdRp	4311	5067	+	inferred_from_region_blast
GII	LC122874	GII.14	7529	VP1	5080	6670	+	inferred_from_region_blast
GII	LC122874	GII.14	7529	RdRp	4317	5073	+	inferred_from_region_blast
GII	LC122875	GII.14	7529	VP1	5080	6670	+	inferred_from_region_blast
GII	LC122875	GII.14	7529	RdRp	4317	5073	+	inferred_from_region_blast
GII	LC122876	GII.14	7517	VP1	5068	6658	+	inferred_from_region_blast
GII	LC122876	GII.14	7517	RdRp	4305	5061	+	inferred_from_region_blast
GII	LC122877	GII.14	7529	VP1	5080	6670	+	inferred_from_region_blast
GII	LC122877	GII.14	7529	RdRp	4317	5073	+	inferred_from_region_blast
GII	LC122878	GII.14	7508	VP1	5059	6649	+	inferred_from_region_blast
GII	LC122878	GII.14	7508	RdRp	4296	5052	+	inferred_from_region_blast
GII	LC122879	GII.14	7521	VP1	5072	6662	+	inferred_from_region_blast
GII	LC122879	GII.14	7521	RdRp	4309	5063	+	inferred_from_region_blast
GII	LC122880	GII.14	7517	VP1	5069	6659	+	inferred_from_region_blast
GII	LC122880	GII.14	7517	RdRp	4306	5062	+	inferred_from_region_blast
GII	LC122881	GII.14	7515	VP1	5066	6656	+	inferred_from_region_blast
GII	LC122881	GII.14	7515	RdRp	4303	5059	+	inferred_from_region_blast
GII	LC122882	GII.14	7510	VP1	5061	6651	+	inferred_from_region_blast
GII	LC122882	GII.14	7510	RdRp	4298	5054	+	inferred_from_region_blast
GII	LC122883	GII.14	7516	VP1	5068	6658	+	inferred_from_region_blast
GII	LC122883	GII.14	7516	RdRp	4305	5061	+	inferred_from_region_blast
GII	LC122884	GII.14	7521	VP1	5072	6662	+	inferred_from_region_blast
GII	LC122884	GII.14	7521	RdRp	4309	5065	+	inferred_from_region_blast
GII	LC122885	GII.14	7529	VP1	5080	6670	+	inferred_from_region_blast
GII	LC122885	GII.14	7529	RdRp	4317	5073	+	inferred_from_region_blast
GII	MK588004	GII.14	7506	VP1	5066	6676	+	genbank
GII	MK588004	GII.14	7506	VP2	6676	7470	+	genbank
GII	MK588004	GII.14	7506	ORF1	1	5085	+	genbank
GII	MK588004	GII.14	7506	p48	1	1322	+	orf1_relative
GII	MK588004	GII.14	7506	NTPase	1323	2085	+	orf1_relative
GII	MK588004	GII.14	7506	p22	2086	2492	+	orf1_relative
GII	MK588004	GII.14	7506	VPg	2493	2898	+	orf1_relative
GII	MK588004	GII.14	7506	3CLpro	2899	3458	+	orf1_relative
GII	MK588004	GII.14	7506	RdRp	4304	5060	+	inferred_from_region_blast
GII	MK641589	GII.14	7529	VP1	5079	6689	+	genbank
GII	MK641589	GII.14	7529	VP2	6689	7483	+	genbank
GII	MK641589	GII.14	7529	ORF1	5	5098	+	genbank
GII	MK641589	GII.14	7529	p48	5	1328	+	orf1_relative
GII	MK641589	GII.14	7529	NTPase	1329	2093	+	orf1_relative
GII	MK641589	GII.14	7529	p22	2094	2500	+	orf1_relative
GII	MK641589	GII.14	7529	VPg	2501	2908	+	orf1_relative
GII	MK641589	GII.14	7529	3CLpro	2909	3468	+	orf1_relative
GII	MK641589	GII.14	7529	RdRp	4317	5073	+	inferred_from_region_blast
GII	MW305663	GII.14	7494	VP1	5044	6654	+	genbank
GII	MW305663	GII.14	7494	VP2	6654	7448	+	genbank
GII	MW305663	GII.14	7494	ORF1	1	5063	+	genbank
GII	MW305663	GII.14	7494	p48	1	1316	+	orf1_relative
GII	MW305663	GII.14	7494	NTPase	1317	2076	+	orf1_relative
GII	MW305663	GII.14	7494	p22	2077	2481	+	orf1_relative
GII	MW305663	GII.14	7494	VPg	2482	2886	+	orf1_relative
GII	MW305663	GII.14	7494	3CLpro	2887	3443	+	orf1_relative
GII	MW305663	GII.14	7494	RdRp	4282	5038	+	inferred_from_region_blast
GII	MW305664	GII.14	7493	VP1	5044	6654	+	genbank
GII	MW305664	GII.14	7493	VP2	6654	7448	+	genbank
GII	MW305664	GII.14	7493	ORF1	1	5063	+	genbank
GII	MW305664	GII.14	7493	p48	1	1316	+	orf1_relative
GII	MW305664	GII.14	7493	NTPase	1317	2076	+	orf1_relative
GII	MW305664	GII.14	7493	p22	2077	2481	+	orf1_relative
GII	MW305664	GII.14	7493	VPg	2482	2886	+	orf1_relative
GII	MW305664	GII.14	7493	3CLpro	2887	3443	+	orf1_relative
GII	MW305664	GII.14	7493	RdRp	4282	5038	+	inferred_from_region_blast
GII	MW305665	GII.14	7493	VP1	5044	6654	+	genbank
GII	MW305665	GII.14	7493	VP2	6654	7448	+	genbank
GII	MW305665	GII.14	7493	ORF1	1	5063	+	genbank
GII	MW305665	GII.14	7493	p48	1	1316	+	orf1_relative
GII	MW305665	GII.14	7493	NTPase	1317	2076	+	orf1_relative
GII	MW305665	GII.14	7493	p22	2077	2481	+	orf1_relative
GII	MW305665	GII.14	7493	VPg	2482	2886	+	orf1_relative
GII	MW305665	GII.14	7493	3CLpro	2887	3443	+	orf1_relative
GII	MW305665	GII.14	7493	RdRp	4282	5038	+	inferred_from_region_blast
GII	MW305666	GII.14	7493	VP1	5044	6654	+	genbank
GII	MW305666	GII.14	7493	VP2	6654	7448	+	genbank
GII	MW305666	GII.14	7493	ORF1	1	5063	+	genbank
GII	MW305666	GII.14	7493	p48	1	1316	+	orf1_relative
GII	MW305666	GII.14	7493	NTPase	1317	2076	+	orf1_relative
GII	MW305666	GII.14	7493	p22	2077	2481	+	orf1_relative
GII	MW305666	GII.14	7493	VPg	2482	2886	+	orf1_relative
GII	MW305666	GII.14	7493	3CLpro	2887	3443	+	orf1_relative
GII	MW305666	GII.14	7493	RdRp	4282	5038	+	inferred_from_region_blast
GII	MW305667	GII.14	7494	VP1	5044	6654	+	genbank
GII	MW305667	GII.14	7494	VP2	6654	7448	+	genbank
GII	MW305667	GII.14	7494	ORF1	1	5063	+	genbank
GII	MW305667	GII.14	7494	p48	1	1316	+	orf1_relative
GII	MW305667	GII.14	7494	NTPase	1317	2076	+	orf1_relative
GII	MW305667	GII.14	7494	p22	2077	2481	+	orf1_relative
GII	MW305667	GII.14	7494	VPg	2482	2886	+	orf1_relative
GII	MW305667	GII.14	7494	3CLpro	2887	3443	+	orf1_relative
GII	MW305667	GII.14	7494	RdRp	4282	5038	+	inferred_from_region_blast
GII	MW305668	GII.14	7494	VP1	5044	6654	+	genbank
GII	MW305668	GII.14	7494	VP2	6654	7448	+	genbank
GII	MW305668	GII.14	7494	ORF1	1	5063	+	genbank
GII	MW305668	GII.14	7494	p48	1	1316	+	orf1_relative
GII	MW305668	GII.14	7494	NTPase	1317	2076	+	orf1_relative
GII	MW305668	GII.14	7494	p22	2077	2481	+	orf1_relative
GII	MW305668	GII.14	7494	VPg	2482	2886	+	orf1_relative
GII	MW305668	GII.14	7494	3CLpro	2887	3443	+	orf1_relative
GII	MW305668	GII.14	7494	RdRp	4282	5038	+	inferred_from_region_blast
GII	MW305669	GII.14	7494	VP1	5044	6654	+	genbank
GII	MW305669	GII.14	7494	VP2	6654	7448	+	genbank
GII	MW305669	GII.14	7494	ORF1	1	5063	+	genbank
GII	MW305669	GII.14	7494	p48	1	1316	+	orf1_relative
GII	MW305669	GII.14	7494	NTPase	1317	2076	+	orf1_relative
GII	MW305669	GII.14	7494	p22	2077	2481	+	orf1_relative
GII	MW305669	GII.14	7494	VPg	2482	2886	+	orf1_relative
GII	MW305669	GII.14	7494	3CLpro	2887	3443	+	orf1_relative
GII	MW305669	GII.14	7494	RdRp	4282	5038	+	inferred_from_region_blast
GII	MW305670	GII.14	7493	VP1	5044	6654	+	genbank
GII	MW305670	GII.14	7493	VP2	6654	7448	+	genbank
GII	MW305670	GII.14	7493	ORF1	1	5063	+	genbank
GII	MW305670	GII.14	7493	p48	1	1316	+	orf1_relative
GII	MW305670	GII.14	7493	NTPase	1317	2076	+	orf1_relative
GII	MW305670	GII.14	7493	p22	2077	2481	+	orf1_relative
GII	MW305670	GII.14	7493	VPg	2482	2886	+	orf1_relative
GII	MW305670	GII.14	7493	3CLpro	2887	3443	+	orf1_relative
GII	MW305670	GII.14	7493	RdRp	4282	5038	+	inferred_from_region_blast
GII	MW305671	GII.14	7493	VP1	5044	6654	+	genbank
GII	MW305671	GII.14	7493	VP2	6654	7448	+	genbank
GII	MW305671	GII.14	7493	ORF1	1	5063	+	genbank
GII	MW305671	GII.14	7493	p48	1	1316	+	orf1_relative
GII	MW305671	GII.14	7493	NTPase	1317	2076	+	orf1_relative
GII	MW305671	GII.14	7493	p22	2077	2481	+	orf1_relative
GII	MW305671	GII.14	7493	VPg	2482	2886	+	orf1_relative
GII	MW305671	GII.14	7493	3CLpro	2887	3443	+	orf1_relative
GII	MW305671	GII.14	7493	RdRp	4282	5038	+	inferred_from_region_blast
GII	MW305672	GII.14	7490	VP1	5041	6651	+	genbank
GII	MW305672	GII.14	7490	VP2	6651	7445	+	genbank
GII	MW305672	GII.14	7490	ORF1	1	5060	+	genbank
GII	MW305672	GII.14	7490	p48	1	1316	+	orf1_relative
GII	MW305672	GII.14	7490	NTPase	1317	2075	+	orf1_relative
GII	MW305672	GII.14	7490	p22	2076	2479	+	orf1_relative
GII	MW305672	GII.14	7490	VPg	2480	2884	+	orf1_relative
GII	MW305672	GII.14	7490	3CLpro	2885	3441	+	orf1_relative
GII	MW305672	GII.14	7490	RdRp	4279	5035	+	inferred_from_region_blast
GII	MW305673	GII.14	7490	VP1	5041	6651	+	genbank
GII	MW305673	GII.14	7490	VP2	6651	7445	+	genbank
GII	MW305673	GII.14	7490	ORF1	1	5060	+	genbank
GII	MW305673	GII.14	7490	p48	1	1316	+	orf1_relative
GII	MW305673	GII.14	7490	NTPase	1317	2075	+	orf1_relative
GII	MW305673	GII.14	7490	p22	2076	2479	+	orf1_relative
GII	MW305673	GII.14	7490	VPg	2480	2884	+	orf1_relative
GII	MW305673	GII.14	7490	3CLpro	2885	3441	+	orf1_relative
GII	MW305673	GII.14	7490	RdRp	4279	5035	+	inferred_from_region_blast
GII	MW305674	GII.14	7494	VP1	5044	6654	+	genbank
GII	MW305674	GII.14	7494	VP2	6654	7448	+	genbank
GII	MW305674	GII.14	7494	ORF1	1	5063	+	genbank
GII	MW305674	GII.14	7494	p48	1	1316	+	orf1_relative
GII	MW305674	GII.14	7494	NTPase	1317	2076	+	orf1_relative
GII	MW305674	GII.14	7494	p22	2077	2481	+	orf1_relative
GII	MW305674	GII.14	7494	VPg	2482	2886	+	orf1_relative
GII	MW305674	GII.14	7494	3CLpro	2887	3443	+	orf1_relative
GII	MW305674	GII.14	7494	RdRp	4282	5038	+	inferred_from_region_blast
GII	MW305679	GII.14	7494	VP1	5044	6654	+	genbank
GII	MW305679	GII.14	7494	VP2	6654	7448	+	genbank
GII	MW305679	GII.14	7494	ORF1	1	5063	+	genbank
GII	MW305679	GII.14	7494	p48	1	1316	+	orf1_relative
GII	MW305679	GII.14	7494	NTPase	1317	2076	+	orf1_relative
GII	MW305679	GII.14	7494	p22	2077	2481	+	orf1_relative
GII	MW305679	GII.14	7494	VPg	2482	2886	+	orf1_relative
GII	MW305679	GII.14	7494	3CLpro	2887	3443	+	orf1_relative
GII	MW305679	GII.14	7494	RdRp	4282	5038	+	inferred_from_region_blast
GII	MW305681	GII.14	7494	VP1	5044	6654	+	genbank
GII	MW305681	GII.14	7494	VP2	6654	7448	+	genbank
GII	MW305681	GII.14	7494	ORF1	1	5063	+	genbank
GII	MW305681	GII.14	7494	p48	1	1316	+	orf1_relative
GII	MW305681	GII.14	7494	NTPase	1317	2076	+	orf1_relative
GII	MW305681	GII.14	7494	p22	2077	2481	+	orf1_relative
GII	MW305681	GII.14	7494	VPg	2482	2886	+	orf1_relative
GII	MW305681	GII.14	7494	3CLpro	2887	3443	+	orf1_relative
GII	MW305681	GII.14	7494	RdRp	4282	5038	+	inferred_from_region_blast
GII	MW305683	GII.14	7494	VP1	5044	6654	+	genbank
GII	MW305683	GII.14	7494	VP2	6654	7448	+	genbank
GII	MW305683	GII.14	7494	ORF1	1	5063	+	genbank
GII	MW305683	GII.14	7494	p48	1	1316	+	orf1_relative
GII	MW305683	GII.14	7494	NTPase	1317	2076	+	orf1_relative
GII	MW305683	GII.14	7494	p22	2077	2481	+	orf1_relative
GII	MW305683	GII.14	7494	VPg	2482	2886	+	orf1_relative
GII	MW305683	GII.14	7494	3CLpro	2887	3443	+	orf1_relative
GII	MW305683	GII.14	7494	RdRp	4282	5038	+	inferred_from_region_blast
GII	MW305684	GII.14	7494	VP1	5044	6654	+	genbank
GII	MW305684	GII.14	7494	VP2	6654	7448	+	genbank
GII	MW305684	GII.14	7494	ORF1	1	5063	+	genbank
GII	MW305684	GII.14	7494	p48	1	1316	+	orf1_relative
GII	MW305684	GII.14	7494	NTPase	1317	2076	+	orf1_relative
GII	MW305684	GII.14	7494	p22	2077	2481	+	orf1_relative
GII	MW305684	GII.14	7494	VPg	2482	2886	+	orf1_relative
GII	MW305684	GII.14	7494	3CLpro	2887	3443	+	orf1_relative
GII	MW305684	GII.14	7494	RdRp	4282	5038	+	inferred_from_region_blast
GII	MW305685	GII.14	7494	VP1	5044	6654	+	genbank
GII	MW305685	GII.14	7494	VP2	6654	7448	+	genbank
GII	MW305685	GII.14	7494	ORF1	1	5063	+	genbank
GII	MW305685	GII.14	7494	p48	1	1316	+	orf1_relative
GII	MW305685	GII.14	7494	NTPase	1317	2076	+	orf1_relative
GII	MW305685	GII.14	7494	p22	2077	2481	+	orf1_relative
GII	MW305685	GII.14	7494	VPg	2482	2886	+	orf1_relative
GII	MW305685	GII.14	7494	3CLpro	2887	3443	+	orf1_relative
GII	MW305685	GII.14	7494	RdRp	4282	5038	+	inferred_from_region_blast
GII	MW305686	GII.14	7494	VP1	5044	6654	+	genbank
GII	MW305686	GII.14	7494	VP2	6654	7448	+	genbank
GII	MW305686	GII.14	7494	ORF1	1	5063	+	genbank
GII	MW305686	GII.14	7494	p48	1	1316	+	orf1_relative
GII	MW305686	GII.14	7494	NTPase	1317	2076	+	orf1_relative
GII	MW305686	GII.14	7494	p22	2077	2481	+	orf1_relative
GII	MW305686	GII.14	7494	VPg	2482	2886	+	orf1_relative
GII	MW305686	GII.14	7494	3CLpro	2887	3443	+	orf1_relative
GII	MW305686	GII.14	7494	RdRp	4282	5038	+	inferred_from_region_blast
GII	MW305687	GII.14	7494	VP1	5044	6654	+	genbank
GII	MW305687	GII.14	7494	VP2	6654	7448	+	genbank
GII	MW305687	GII.14	7494	ORF1	1	5063	+	genbank
GII	MW305687	GII.14	7494	p48	1	1316	+	orf1_relative
GII	MW305687	GII.14	7494	NTPase	1317	2076	+	orf1_relative
GII	MW305687	GII.14	7494	p22	2077	2481	+	orf1_relative
GII	MW305687	GII.14	7494	VPg	2482	2886	+	orf1_relative
GII	MW305687	GII.14	7494	3CLpro	2887	3443	+	orf1_relative
GII	MW305687	GII.14	7494	RdRp	4282	5038	+	inferred_from_region_blast
GII	MW305688	GII.14	7494	VP1	5044	6654	+	genbank
GII	MW305688	GII.14	7494	VP2	6654	7448	+	genbank
GII	MW305688	GII.14	7494	ORF1	1	5063	+	genbank
GII	MW305688	GII.14	7494	p48	1	1316	+	orf1_relative
GII	MW305688	GII.14	7494	NTPase	1317	2076	+	orf1_relative
GII	MW305688	GII.14	7494	p22	2077	2481	+	orf1_relative
GII	MW305688	GII.14	7494	VPg	2482	2886	+	orf1_relative
GII	MW305688	GII.14	7494	3CLpro	2887	3443	+	orf1_relative
GII	MW305688	GII.14	7494	RdRp	4282	5038	+	inferred_from_region_blast
GII	MW305689	GII.14	7494	VP1	5044	6654	+	genbank
GII	MW305689	GII.14	7494	VP2	6654	7448	+	genbank
GII	MW305689	GII.14	7494	ORF1	1	5063	+	genbank
GII	MW305689	GII.14	7494	p48	1	1316	+	orf1_relative
GII	MW305689	GII.14	7494	NTPase	1317	2076	+	orf1_relative
GII	MW305689	GII.14	7494	p22	2077	2481	+	orf1_relative
GII	MW305689	GII.14	7494	VPg	2482	2886	+	orf1_relative
GII	MW305689	GII.14	7494	3CLpro	2887	3443	+	orf1_relative
GII	MW305689	GII.14	7494	RdRp	4282	5038	+	inferred_from_region_blast
GII	MW305690	GII.14	7494	VP1	5044	6654	+	genbank
GII	MW305690	GII.14	7494	VP2	6654	7448	+	genbank
GII	MW305690	GII.14	7494	ORF1	1	5063	+	genbank
GII	MW305690	GII.14	7494	p48	1	1316	+	orf1_relative
GII	MW305690	GII.14	7494	NTPase	1317	2076	+	orf1_relative
GII	MW305690	GII.14	7494	p22	2077	2481	+	orf1_relative
GII	MW305690	GII.14	7494	VPg	2482	2886	+	orf1_relative
GII	MW305690	GII.14	7494	3CLpro	2887	3443	+	orf1_relative
GII	MW305690	GII.14	7494	RdRp	4282	5038	+	inferred_from_region_blast
GII	MW305691	GII.14	7494	VP1	5044	6654	+	genbank
GII	MW305691	GII.14	7494	VP2	6654	7448	+	genbank
GII	MW305691	GII.14	7494	ORF1	1	5063	+	genbank
GII	MW305691	GII.14	7494	p48	1	1316	+	orf1_relative
GII	MW305691	GII.14	7494	NTPase	1317	2076	+	orf1_relative
GII	MW305691	GII.14	7494	p22	2077	2481	+	orf1_relative
GII	MW305691	GII.14	7494	VPg	2482	2886	+	orf1_relative
GII	MW305691	GII.14	7494	3CLpro	2887	3443	+	orf1_relative
GII	MW305691	GII.14	7494	RdRp	4282	5038	+	inferred_from_region_blast
GII	MW305692	GII.14	7494	VP1	5044	6654	+	genbank
GII	MW305692	GII.14	7494	VP2	6654	7448	+	genbank
GII	MW305692	GII.14	7494	ORF1	1	5063	+	genbank
GII	MW305692	GII.14	7494	p48	1	1316	+	orf1_relative
GII	MW305692	GII.14	7494	NTPase	1317	2076	+	orf1_relative
GII	MW305692	GII.14	7494	p22	2077	2481	+	orf1_relative
GII	MW305692	GII.14	7494	VPg	2482	2886	+	orf1_relative
GII	MW305692	GII.14	7494	3CLpro	2887	3443	+	orf1_relative
GII	MW305692	GII.14	7494	RdRp	4282	5038	+	inferred_from_region_blast
GII	MW305693	GII.14	7494	VP1	5044	6654	+	genbank
GII	MW305693	GII.14	7494	VP2	6654	7448	+	genbank
GII	MW305693	GII.14	7494	ORF1	1	5063	+	genbank
GII	MW305693	GII.14	7494	p48	1	1316	+	orf1_relative
GII	MW305693	GII.14	7494	NTPase	1317	2076	+	orf1_relative
GII	MW305693	GII.14	7494	p22	2077	2481	+	orf1_relative
GII	MW305693	GII.14	7494	VPg	2482	2886	+	orf1_relative
GII	MW305693	GII.14	7494	3CLpro	2887	3443	+	orf1_relative
GII	MW305693	GII.14	7494	RdRp	4282	5038	+	inferred_from_region_blast
GII	MW305694	GII.14	7494	VP1	5044	6654	+	genbank
GII	MW305694	GII.14	7494	VP2	6654	7448	+	genbank
GII	MW305694	GII.14	7494	ORF1	1	5063	+	genbank
GII	MW305694	GII.14	7494	p48	1	1316	+	orf1_relative
GII	MW305694	GII.14	7494	NTPase	1317	2076	+	orf1_relative
GII	MW305694	GII.14	7494	p22	2077	2481	+	orf1_relative
GII	MW305694	GII.14	7494	VPg	2482	2886	+	orf1_relative
GII	MW305694	GII.14	7494	3CLpro	2887	3443	+	orf1_relative
GII	MW305694	GII.14	7494	RdRp	4282	5038	+	inferred_from_region_blast
GII	MW305698	GII.14	7494	VP1	5044	6654	+	genbank
GII	MW305698	GII.14	7494	VP2	6654	7448	+	genbank
GII	MW305698	GII.14	7494	ORF1	1	5063	+	genbank
GII	MW305698	GII.14	7494	p48	1	1316	+	orf1_relative
GII	MW305698	GII.14	7494	NTPase	1317	2076	+	orf1_relative
GII	MW305698	GII.14	7494	p22	2077	2481	+	orf1_relative
GII	MW305698	GII.14	7494	VPg	2482	2886	+	orf1_relative
GII	MW305698	GII.14	7494	3CLpro	2887	3443	+	orf1_relative
GII	MW305698	GII.14	7494	RdRp	4282	5038	+	inferred_from_region_blast
GII	MW305700	GII.14	7494	VP1	5044	6654	+	genbank
GII	MW305700	GII.14	7494	VP2	6654	7448	+	genbank
GII	MW305700	GII.14	7494	ORF1	1	5063	+	genbank
GII	MW305700	GII.14	7494	p48	1	1316	+	orf1_relative
GII	MW305700	GII.14	7494	NTPase	1317	2076	+	orf1_relative
GII	MW305700	GII.14	7494	p22	2077	2481	+	orf1_relative
GII	MW305700	GII.14	7494	VPg	2482	2886	+	orf1_relative
GII	MW305700	GII.14	7494	3CLpro	2887	3443	+	orf1_relative
GII	MW305700	GII.14	7494	RdRp	4282	5038	+	inferred_from_region_blast
GII	MW305719	GII.14	7494	VP1	5044	6654	+	genbank
GII	MW305719	GII.14	7494	VP2	6654	7448	+	genbank
GII	MW305719	GII.14	7494	ORF1	1	5063	+	genbank
GII	MW305719	GII.14	7494	p48	1	1316	+	orf1_relative
GII	MW305719	GII.14	7494	NTPase	1317	2076	+	orf1_relative
GII	MW305719	GII.14	7494	p22	2077	2481	+	orf1_relative
GII	MW305719	GII.14	7494	VPg	2482	2886	+	orf1_relative
GII	MW305719	GII.14	7494	3CLpro	2887	3443	+	orf1_relative
GII	MW305719	GII.14	7494	RdRp	4282	5038	+	inferred_from_region_blast
GII	MW305722	GII.14	7494	VP1	5044	6654	+	genbank
GII	MW305722	GII.14	7494	VP2	6654	7448	+	genbank
GII	MW305722	GII.14	7494	ORF1	1	5063	+	genbank
GII	MW305722	GII.14	7494	p48	1	1316	+	orf1_relative
GII	MW305722	GII.14	7494	NTPase	1317	2076	+	orf1_relative
GII	MW305722	GII.14	7494	p22	2077	2481	+	orf1_relative
GII	MW305722	GII.14	7494	VPg	2482	2886	+	orf1_relative
GII	MW305722	GII.14	7494	3CLpro	2887	3443	+	orf1_relative
GII	MW305722	GII.14	7494	RdRp	4282	5038	+	inferred_from_region_blast
GII	OL898513	GII.14	7529	VP1	5079	6689	+	genbank
GII	OL898513	GII.14	7529	VP2	6689	7483	+	genbank
GII	OL898513	GII.14	7529	ORF1	5	5098	+	genbank
GII	OL898513	GII.14	7529	p48	5	1328	+	orf1_relative
GII	OL898513	GII.14	7529	NTPase	1329	2093	+	orf1_relative
GII	OL898513	GII.14	7529	p22	2094	2500	+	orf1_relative
GII	OL898513	GII.14	7529	VPg	2501	2908	+	orf1_relative
GII	OL898513	GII.14	7529	3CLpro	2909	3468	+	orf1_relative
GII	OL898513	GII.14	7529	RdRp	4317	5073	+	inferred_from_region_blast
GII	OR069406	GII.14	7525	VP1	5075	6685	+	genbank
GII	OR069406	GII.14	7525	VP2	6685	7479	+	genbank
GII	OR069406	GII.14	7525	ORF1	1	5094	+	genbank
GII	OR069406	GII.14	7525	p48	1	1324	+	orf1_relative
GII	OR069406	GII.14	7525	NTPase	1325	2089	+	orf1_relative
GII	OR069406	GII.14	7525	p22	2090	2496	+	orf1_relative
GII	OR069406	GII.14	7525	VPg	2497	2904	+	orf1_relative
GII	OR069406	GII.14	7525	3CLpro	2905	3464	+	orf1_relative
GII	OR069406	GII.14	7525	RdRp	4313	5069	+	inferred_from_region_blast
GII	OR536461	GII.14	7515	VP1	5078	6688	+	genbank
GII	OR536461	GII.14	7515	VP2	6688	7482	+	genbank
GII	OR536461	GII.14	7515	ORF1	4	5097	+	genbank
GII	OR536461	GII.14	7515	p48	4	1327	+	orf1_relative
GII	OR536461	GII.14	7515	NTPase	1328	2092	+	orf1_relative
GII	OR536461	GII.14	7515	p22	2093	2499	+	orf1_relative
GII	OR536461	GII.14	7515	VPg	2500	2907	+	orf1_relative
GII	OR536461	GII.14	7515	3CLpro	2908	3467	+	orf1_relative
GII	OR536461	GII.14	7515	RdRp	4316	5072	+	inferred_from_region_blast
GII	OR536463	GII.14	7515	VP1	5078	6688	+	genbank
GII	OR536463	GII.14	7515	VP2	6688	7482	+	genbank
GII	OR536463	GII.14	7515	ORF1	4	5097	+	genbank
GII	OR536463	GII.14	7515	p48	4	1327	+	orf1_relative
GII	OR536463	GII.14	7515	NTPase	1328	2092	+	orf1_relative
GII	OR536463	GII.14	7515	p22	2093	2499	+	orf1_relative
GII	OR536463	GII.14	7515	VPg	2500	2907	+	orf1_relative
GII	OR536463	GII.14	7515	3CLpro	2908	3467	+	orf1_relative
GII	OR536463	GII.14	7515	RdRp	4316	5072	+	inferred_from_region_blast
GII	OR536464	GII.14	7431	VP1	5007	6617	+	genbank
GII	OR536464	GII.14	7431	VP2	6617	7411	+	genbank
GII	OR536464	GII.14	7431	ORF1	1	5026	+	genbank
GII	OR536464	GII.14	7431	p48	1	1307	+	orf1_relative
GII	OR536464	GII.14	7431	NTPase	1308	2061	+	orf1_relative
GII	OR536464	GII.14	7431	p22	2062	2463	+	orf1_relative
GII	OR536464	GII.14	7431	VPg	2464	2865	+	orf1_relative
GII	OR536464	GII.14	7431	3CLpro	2866	3418	+	orf1_relative
GII	OR536464	GII.14	7431	RdRp	4245	5001	+	inferred_from_region_blast
GII	OR536465	GII.14	7455	VP1	5018	6628	+	genbank
GII	OR536465	GII.14	7455	VP2	6628	7422	+	genbank
GII	OR536465	GII.14	7455	ORF1	1	5037	+	genbank
GII	OR536465	GII.14	7455	p48	1	1310	+	orf1_relative
GII	OR536465	GII.14	7455	NTPase	1311	2065	+	orf1_relative
GII	OR536465	GII.14	7455	p22	2066	2468	+	orf1_relative
GII	OR536465	GII.14	7455	VPg	2469	2871	+	orf1_relative
GII	OR536465	GII.14	7455	3CLpro	2872	3425	+	orf1_relative
GII	OR536465	GII.14	7455	RdRp	4256	5012	+	inferred_from_region_blast
GII	KP998539	GII.17	7570	VP1	5094	6716	+	genbank
GII	KP998539	GII.17	7570	VP2	6716	7495	+	genbank
GII	KP998539	GII.17	7570	ORF1	5	5113	+	genbank
GII	KP998539	GII.17	7570	p48	5	1332	+	orf1_relative
GII	KP998539	GII.17	7570	NTPase	1333	2099	+	orf1_relative
GII	KP998539	GII.17	7570	p22	2100	2507	+	orf1_relative
GII	KP998539	GII.17	7570	VPg	2508	2916	+	orf1_relative
GII	KP998539	GII.17	7570	3CLpro	2917	3478	+	orf1_relative
GII	KP998539	GII.17	7570	RdRp	4332	5088	+	inferred_from_region_blast
GII	KT253245	GII.17	7557	VP1	5094	6716	+	genbank
GII	KT253245	GII.17	7557	VP2	6716	7495	+	genbank
GII	KT253245	GII.17	7557	ORF1	5	5113	+	genbank
GII	KT253245	GII.17	7557	p48	5	1332	+	orf1_relative
GII	KT253245	GII.17	7557	NTPase	1333	2099	+	orf1_relative
GII	KT253245	GII.17	7557	p22	2100	2507	+	orf1_relative
GII	KT253245	GII.17	7557	VPg	2508	2916	+	orf1_relative
GII	KT253245	GII.17	7557	3CLpro	2917	3478	+	orf1_relative
GII	KT253245	GII.17	7557	RdRp	4332	5088	+	inferred_from_region_blast
GII	KT326182	GII.17	7506	VP1	5034	6656	+	genbank
GII	KT326182	GII.17	7506	VP2	6656	7435	+	genbank
GII	KT326182	GII.17	7506	ORF1	1	5053	+	genbank
GII	KT326182	GII.17	7506	p48	1	1314	+	orf1_relative
GII	KT326182	GII.17	7506	NTPase	1315	2072	+	orf1_relative
GII	KT326182	GII.17	7506	p22	2073	2476	+	orf1_relative
GII	KT326182	GII.17	7506	VPg	2477	2880	+	orf1_relative
GII	KT326182	GII.17	7506	3CLpro	2881	3436	+	orf1_relative
GII	KT326182	GII.17	7506	RdRp	4272	5028	+	inferred_from_region_blast
GII	KT380915	GII.17	7569	VP1	5094	6716	+	genbank
GII	KT380915	GII.17	7569	VP2	6716	7495	+	genbank
GII	KT380915	GII.17	7569	ORF1	5	5113	+	genbank
GII	KT380915	GII.17	7569	p48	5	1332	+	orf1_relative
GII	KT380915	GII.17	7569	NTPase	1333	2099	+	orf1_relative
GII	KT380915	GII.17	7569	p22	2100	2507	+	orf1_relative
GII	KT380915	GII.17	7569	VPg	2508	2916	+	orf1_relative
GII	KT380915	GII.17	7569	3CLpro	2917	3478	+	orf1_relative
GII	KT380915	GII.17	7569	RdRp	4332	5088	+	inferred_from_region_blast
GII	KT780394	GII.17	7559	VP1	5087	6709	+	genbank
GII	KT780394	GII.17	7559	VP2	6709	7488	+	genbank
GII	KT780394	GII.17	7559	ORF1	1	5106	+	genbank
GII	KT780394	GII.17	7559	p48	1	1328	+	orf1_relative
GII	KT780394	GII.17	7559	NTPase	1329	2093	+	orf1_relative
GII	KT780394	GII.17	7559	p22	2094	2502	+	orf1_relative
GII	KT780394	GII.17	7559	VPg	2503	2910	+	orf1_relative
GII	KT780394	GII.17	7559	3CLpro	2911	3472	+	orf1_relative
GII	KT780394	GII.17	7559	RdRp	4325	5081	+	inferred_from_region_blast
GII	KT780395	GII.17	7559	VP1	5087	6709	+	genbank
GII	KT780395	GII.17	7559	VP2	6709	7488	+	genbank
GII	KT780395	GII.17	7559	ORF1	1	5106	+	genbank
GII	KT780395	GII.17	7559	p48	1	1328	+	orf1_relative
GII	KT780395	GII.17	7559	NTPase	1329	2093	+	orf1_relative
GII	KT780395	GII.17	7559	p22	2094	2502	+	orf1_relative
GII	KT780395	GII.17	7559	VPg	2503	2910	+	orf1_relative
GII	KT780395	GII.17	7559	3CLpro	2911	3472	+	orf1_relative
GII	KT780395	GII.17	7559	RdRp	4325	5081	+	inferred_from_region_blast
GII	KT780396	GII.17	7559	VP1	5087	6709	+	genbank
GII	KT780396	GII.17	7559	VP2	6709	7488	+	genbank
GII	KT780396	GII.17	7559	ORF1	1	5106	+	genbank
GII	KT780396	GII.17	7559	p48	1	1328	+	orf1_relative
GII	KT780396	GII.17	7559	NTPase	1329	2093	+	orf1_relative
GII	KT780396	GII.17	7559	p22	2094	2502	+	orf1_relative
GII	KT780396	GII.17	7559	VPg	2503	2910	+	orf1_relative
GII	KT780396	GII.17	7559	3CLpro	2911	3472	+	orf1_relative
GII	KT780396	GII.17	7559	RdRp	4325	5081	+	inferred_from_region_blast
GII	KT780399	GII.17	7559	VP1	5087	6709	+	genbank
GII	KT780399	GII.17	7559	VP2	6709	7488	+	genbank
GII	KT780399	GII.17	7559	ORF1	1	5106	+	genbank
GII	KT780399	GII.17	7559	p48	1	1328	+	orf1_relative
GII	KT780399	GII.17	7559	NTPase	1329	2093	+	orf1_relative
GII	KT780399	GII.17	7559	p22	2094	2502	+	orf1_relative
GII	KT780399	GII.17	7559	VPg	2503	2910	+	orf1_relative
GII	KT780399	GII.17	7559	3CLpro	2911	3472	+	orf1_relative
GII	KT780399	GII.17	7559	RdRp	4325	5081	+	inferred_from_region_blast
GII	KT780400	GII.17	7559	VP1	5087	6709	+	genbank
GII	KT780400	GII.17	7559	VP2	6709	7488	+	genbank
GII	KT780400	GII.17	7559	ORF1	1	5106	+	genbank
GII	KT780400	GII.17	7559	p48	1	1328	+	orf1_relative
GII	KT780400	GII.17	7559	NTPase	1329	2093	+	orf1_relative
GII	KT780400	GII.17	7559	p22	2094	2502	+	orf1_relative
GII	KT780400	GII.17	7559	VPg	2503	2910	+	orf1_relative
GII	KT780400	GII.17	7559	3CLpro	2911	3472	+	orf1_relative
GII	KT780400	GII.17	7559	RdRp	4325	5081	+	inferred_from_region_blast
GII	KT780401	GII.17	7559	VP1	5087	6709	+	genbank
GII	KT780401	GII.17	7559	VP2	6709	7488	+	genbank
GII	KT780401	GII.17	7559	ORF1	1	5106	+	genbank
GII	KT780401	GII.17	7559	p48	1	1328	+	orf1_relative
GII	KT780401	GII.17	7559	NTPase	1329	2093	+	orf1_relative
GII	KT780401	GII.17	7559	p22	2094	2502	+	orf1_relative
GII	KT780401	GII.17	7559	VPg	2503	2910	+	orf1_relative
GII	KT780401	GII.17	7559	3CLpro	2911	3472	+	orf1_relative
GII	KT780401	GII.17	7559	RdRp	4325	5081	+	inferred_from_region_blast
GII	KT780402	GII.17	7559	VP1	5087	6709	+	genbank
GII	KT780402	GII.17	7559	VP2	6709	7488	+	genbank
GII	KT780402	GII.17	7559	ORF1	1	5106	+	genbank
GII	KT780402	GII.17	7559	p48	1	1328	+	orf1_relative
GII	KT780402	GII.17	7559	NTPase	1329	2093	+	orf1_relative
GII	KT780402	GII.17	7559	p22	2094	2502	+	orf1_relative
GII	KT780402	GII.17	7559	VPg	2503	2910	+	orf1_relative
GII	KT780402	GII.17	7559	3CLpro	2911	3472	+	orf1_relative
GII	KT780402	GII.17	7559	RdRp	4325	5081	+	inferred_from_region_blast
GII	KT780403	GII.17	7559	VP1	5087	6709	+	genbank
GII	KT780403	GII.17	7559	VP2	6709	7488	+	genbank
GII	KT780403	GII.17	7559	ORF1	1	5106	+	genbank
GII	KT780403	GII.17	7559	p48	1	1328	+	orf1_relative
GII	KT780403	GII.17	7559	NTPase	1329	2093	+	orf1_relative
GII	KT780403	GII.17	7559	p22	2094	2502	+	orf1_relative
GII	KT780403	GII.17	7559	VPg	2503	2910	+	orf1_relative
GII	KT780403	GII.17	7559	3CLpro	2911	3472	+	orf1_relative
GII	KT780403	GII.17	7559	RdRp	4325	5081	+	inferred_from_region_blast
GII	KT780404	GII.17	7559	VP1	5087	6709	+	genbank
GII	KT780404	GII.17	7559	VP2	6709	7488	+	genbank
GII	KT780404	GII.17	7559	ORF1	1	5106	+	genbank
GII	KT780404	GII.17	7559	p48	1	1328	+	orf1_relative
GII	KT780404	GII.17	7559	NTPase	1329	2093	+	orf1_relative
GII	KT780404	GII.17	7559	p22	2094	2502	+	orf1_relative
GII	KT780404	GII.17	7559	VPg	2503	2910	+	orf1_relative
GII	KT780404	GII.17	7559	3CLpro	2911	3472	+	orf1_relative
GII	KT780404	GII.17	7559	RdRp	4325	5081	+	inferred_from_region_blast
GII	KT780405	GII.17	7559	VP1	5087	6709	+	genbank
GII	KT780405	GII.17	7559	VP2	6709	7488	+	genbank
GII	KT780405	GII.17	7559	ORF1	1	5106	+	genbank
GII	KT780405	GII.17	7559	p48	1	1328	+	orf1_relative
GII	KT780405	GII.17	7559	NTPase	1329	2093	+	orf1_relative
GII	KT780405	GII.17	7559	p22	2094	2502	+	orf1_relative
GII	KT780405	GII.17	7559	VPg	2503	2910	+	orf1_relative
GII	KT780405	GII.17	7559	3CLpro	2911	3472	+	orf1_relative
GII	KT780405	GII.17	7559	RdRp	4325	5081	+	inferred_from_region_blast
GII	KT780406	GII.17	7559	VP1	5087	6709	+	genbank
GII	KT780406	GII.17	7559	VP2	6709	7488	+	genbank
GII	KT780406	GII.17	7559	ORF1	1	5106	+	genbank
GII	KT780406	GII.17	7559	p48	1	1328	+	orf1_relative
GII	KT780406	GII.17	7559	NTPase	1329	2093	+	orf1_relative
GII	KT780406	GII.17	7559	p22	2094	2502	+	orf1_relative
GII	KT780406	GII.17	7559	VPg	2503	2910	+	orf1_relative
GII	KT780406	GII.17	7559	3CLpro	2911	3472	+	orf1_relative
GII	KT780406	GII.17	7559	RdRp	4325	5081	+	inferred_from_region_blast
GII	KT780407	GII.17	7559	VP1	5087	6709	+	genbank
GII	KT780407	GII.17	7559	VP2	6709	7488	+	genbank
GII	KT780407	GII.17	7559	ORF1	1	5106	+	genbank
GII	KT780407	GII.17	7559	p48	1	1328	+	orf1_relative
GII	KT780407	GII.17	7559	NTPase	1329	2093	+	orf1_relative
GII	KT780407	GII.17	7559	p22	2094	2502	+	orf1_relative
GII	KT780407	GII.17	7559	VPg	2503	2910	+	orf1_relative
GII	KT780407	GII.17	7559	3CLpro	2911	3472	+	orf1_relative
GII	KT780407	GII.17	7559	RdRp	4325	5081	+	inferred_from_region_blast
GII	KT780408	GII.17	7559	VP1	5087	6709	+	genbank
GII	KT780408	GII.17	7559	VP2	6709	7488	+	genbank
GII	KT780408	GII.17	7559	ORF1	1	5106	+	genbank
GII	KT780408	GII.17	7559	p48	1	1328	+	orf1_relative
GII	KT780408	GII.17	7559	NTPase	1329	2093	+	orf1_relative
GII	KT780408	GII.17	7559	p22	2094	2502	+	orf1_relative
GII	KT780408	GII.17	7559	VPg	2503	2910	+	orf1_relative
GII	KT780408	GII.17	7559	3CLpro	2911	3472	+	orf1_relative
GII	KT780408	GII.17	7559	RdRp	4325	5081	+	inferred_from_region_blast
GII	KT780409	GII.17	7559	VP1	5087	6709	+	genbank
GII	KT780409	GII.17	7559	VP2	6709	7488	+	genbank
GII	KT780409	GII.17	7559	ORF1	1	5106	+	genbank
GII	KT780409	GII.17	7559	p48	1	1328	+	orf1_relative
GII	KT780409	GII.17	7559	NTPase	1329	2093	+	orf1_relative
GII	KT780409	GII.17	7559	p22	2094	2502	+	orf1_relative
GII	KT780409	GII.17	7559	VPg	2503	2910	+	orf1_relative
GII	KT780409	GII.17	7559	3CLpro	2911	3472	+	orf1_relative
GII	KT780409	GII.17	7559	RdRp	4325	5081	+	inferred_from_region_blast
GII	KT780410	GII.17	7559	VP1	5087	6709	+	genbank
GII	KT780410	GII.17	7559	VP2	6709	7488	+	genbank
GII	KT780410	GII.17	7559	ORF1	1	5106	+	genbank
GII	KT780410	GII.17	7559	p48	1	1328	+	orf1_relative
GII	KT780410	GII.17	7559	NTPase	1329	2093	+	orf1_relative
GII	KT780410	GII.17	7559	p22	2094	2502	+	orf1_relative
GII	KT780410	GII.17	7559	VPg	2503	2910	+	orf1_relative
GII	KT780410	GII.17	7559	3CLpro	2911	3472	+	orf1_relative
GII	KT780410	GII.17	7559	RdRp	4325	5081	+	inferred_from_region_blast
GII	KT780411	GII.17	7559	VP1	5087	6709	+	genbank
GII	KT780411	GII.17	7559	VP2	6709	7488	+	genbank
GII	KT780411	GII.17	7559	ORF1	1	5106	+	genbank
GII	KT780411	GII.17	7559	p48	1	1328	+	orf1_relative
GII	KT780411	GII.17	7559	NTPase	1329	2093	+	orf1_relative
GII	KT780411	GII.17	7559	p22	2094	2502	+	orf1_relative
GII	KT780411	GII.17	7559	VPg	2503	2910	+	orf1_relative
GII	KT780411	GII.17	7559	3CLpro	2911	3472	+	orf1_relative
GII	KT780411	GII.17	7559	RdRp	4325	5081	+	inferred_from_region_blast
GII	KT780412	GII.17	7559	VP1	5087	6709	+	genbank
GII	KT780412	GII.17	7559	VP2	6709	7488	+	genbank
GII	KT780412	GII.17	7559	ORF1	1	5106	+	genbank
GII	KT780412	GII.17	7559	p48	1	1328	+	orf1_relative
GII	KT780412	GII.17	7559	NTPase	1329	2093	+	orf1_relative
GII	KT780412	GII.17	7559	p22	2094	2502	+	orf1_relative
GII	KT780412	GII.17	7559	VPg	2503	2910	+	orf1_relative
GII	KT780412	GII.17	7559	3CLpro	2911	3472	+	orf1_relative
GII	KT780412	GII.17	7559	RdRp	4325	5081	+	inferred_from_region_blast
GII	KT780414	GII.17	7559	VP1	5087	6709	+	genbank
GII	KT780414	GII.17	7559	VP2	6709	7488	+	genbank
GII	KT780414	GII.17	7559	ORF1	1	5106	+	genbank
GII	KT780414	GII.17	7559	p48	1	1328	+	orf1_relative
GII	KT780414	GII.17	7559	NTPase	1329	2093	+	orf1_relative
GII	KT780414	GII.17	7559	p22	2094	2502	+	orf1_relative
GII	KT780414	GII.17	7559	VPg	2503	2910	+	orf1_relative
GII	KT780414	GII.17	7559	3CLpro	2911	3472	+	orf1_relative
GII	KT780414	GII.17	7559	RdRp	4325	5081	+	inferred_from_region_blast
GII	KT780415	GII.17	7559	VP1	5087	6709	+	genbank
GII	KT780415	GII.17	7559	VP2	6709	7488	+	genbank
GII	KT780415	GII.17	7559	ORF1	1	5106	+	genbank
GII	KT780415	GII.17	7559	p48	1	1328	+	orf1_relative
GII	KT780415	GII.17	7559	NTPase	1329	2093	+	orf1_relative
GII	KT780415	GII.17	7559	p22	2094	2502	+	orf1_relative
GII	KT780415	GII.17	7559	VPg	2503	2910	+	orf1_relative
GII	KT780415	GII.17	7559	3CLpro	2911	3472	+	orf1_relative
GII	KT780415	GII.17	7559	RdRp	4325	5081	+	inferred_from_region_blast
GII	KT780416	GII.17	7559	VP1	5087	6709	+	genbank
GII	KT780416	GII.17	7559	VP2	6709	7488	+	genbank
GII	KT780416	GII.17	7559	ORF1	1	5106	+	genbank
GII	KT780416	GII.17	7559	p48	1	1328	+	orf1_relative
GII	KT780416	GII.17	7559	NTPase	1329	2093	+	orf1_relative
GII	KT780416	GII.17	7559	p22	2094	2502	+	orf1_relative
GII	KT780416	GII.17	7559	VPg	2503	2910	+	orf1_relative
GII	KT780416	GII.17	7559	3CLpro	2911	3472	+	orf1_relative
GII	KT780416	GII.17	7559	RdRp	4325	5081	+	inferred_from_region_blast
GII	KT970369	GII.17	7495	VP1	5094	6716	+	genbank
GII	KT970369	GII.17	7495	ORF1	5	5113	+	genbank
GII	KT970369	GII.17	7495	p48	5	1332	+	orf1_relative
GII	KT970369	GII.17	7495	NTPase	1333	2099	+	orf1_relative
GII	KT970369	GII.17	7495	p22	2100	2507	+	orf1_relative
GII	KT970369	GII.17	7495	VPg	2508	2916	+	orf1_relative
GII	KT970369	GII.17	7495	3CLpro	2917	3478	+	orf1_relative
GII	KT970369	GII.17	7495	RdRp	4332	5088	+	inferred_from_region_blast
GII	KT970373	GII.17	7495	VP1	5094	6716	+	genbank
GII	KT970373	GII.17	7495	ORF1	5	5113	+	genbank
GII	KT970373	GII.17	7495	p48	5	1332	+	orf1_relative
GII	KT970373	GII.17	7495	NTPase	1333	2099	+	orf1_relative
GII	KT970373	GII.17	7495	p22	2100	2507	+	orf1_relative
GII	KT970373	GII.17	7495	VPg	2508	2916	+	orf1_relative
GII	KT970373	GII.17	7495	3CLpro	2917	3478	+	orf1_relative
GII	KT970373	GII.17	7495	RdRp	4332	5088	+	inferred_from_region_blast
GII	KT970374	GII.17	7495	VP1	5094	6716	+	genbank
GII	KT970374	GII.17	7495	ORF1	5	5113	+	genbank
GII	KT970374	GII.17	7495	p48	5	1332	+	orf1_relative
GII	KT970374	GII.17	7495	NTPase	1333	2099	+	orf1_relative
GII	KT970374	GII.17	7495	p22	2100	2507	+	orf1_relative
GII	KT970374	GII.17	7495	VPg	2508	2916	+	orf1_relative
GII	KT970374	GII.17	7495	3CLpro	2917	3478	+	orf1_relative
GII	KT970374	GII.17	7495	RdRp	4332	5088	+	inferred_from_region_blast
GII	KT970375	GII.17	7495	VP1	5094	6716	+	genbank
GII	KT970375	GII.17	7495	ORF1	5	5113	+	genbank
GII	KT970375	GII.17	7495	p48	5	1332	+	orf1_relative
GII	KT970375	GII.17	7495	NTPase	1333	2099	+	orf1_relative
GII	KT970375	GII.17	7495	p22	2100	2507	+	orf1_relative
GII	KT970375	GII.17	7495	VPg	2508	2916	+	orf1_relative
GII	KT970375	GII.17	7495	3CLpro	2917	3478	+	orf1_relative
GII	KT970375	GII.17	7495	RdRp	4332	5088	+	inferred_from_region_blast
GII	KT970376	GII.17	7495	VP1	5094	6716	+	genbank
GII	KT970376	GII.17	7495	ORF1	5	5113	+	genbank
GII	KT970376	GII.17	7495	p48	5	1332	+	orf1_relative
GII	KT970376	GII.17	7495	NTPase	1333	2099	+	orf1_relative
GII	KT970376	GII.17	7495	p22	2100	2507	+	orf1_relative
GII	KT970376	GII.17	7495	VPg	2508	2916	+	orf1_relative
GII	KT970376	GII.17	7495	3CLpro	2917	3478	+	orf1_relative
GII	KT970376	GII.17	7495	RdRp	4332	5088	+	inferred_from_region_blast
GII	KT970377	GII.17	7495	VP1	5094	6716	+	genbank
GII	KT970377	GII.17	7495	ORF1	5	5113	+	genbank
GII	KT970377	GII.17	7495	p48	5	1332	+	orf1_relative
GII	KT970377	GII.17	7495	NTPase	1333	2099	+	orf1_relative
GII	KT970377	GII.17	7495	p22	2100	2507	+	orf1_relative
GII	KT970377	GII.17	7495	VPg	2508	2916	+	orf1_relative
GII	KT970377	GII.17	7495	3CLpro	2917	3478	+	orf1_relative
GII	KT970377	GII.17	7495	RdRp	4332	5088	+	inferred_from_region_blast
GII	KT992785	GII.17	7498	VP1	5093	6715	+	genbank
GII	KT992785	GII.17	7498	VP2	6715	7494	+	genbank
GII	KT992785	GII.17	7498	ORF1	4	5112	+	genbank
GII	KT992785	GII.17	7498	p48	4	1331	+	orf1_relative
GII	KT992785	GII.17	7498	NTPase	1332	2098	+	orf1_relative
GII	KT992785	GII.17	7498	p22	2099	2506	+	orf1_relative
GII	KT992785	GII.17	7498	VPg	2507	2915	+	orf1_relative
GII	KT992785	GII.17	7498	3CLpro	2916	3477	+	orf1_relative
GII	KT992785	GII.17	7498	RdRp	4331	5087	+	inferred_from_region_blast
GII	KT992786	GII.17	7499	VP1	5093	6715	+	genbank
GII	KT992786	GII.17	7499	VP2	6715	7494	+	genbank
GII	KT992786	GII.17	7499	ORF1	4	5112	+	genbank
GII	KT992786	GII.17	7499	p48	4	1331	+	orf1_relative
GII	KT992786	GII.17	7499	NTPase	1332	2098	+	orf1_relative
GII	KT992786	GII.17	7499	p22	2099	2506	+	orf1_relative
GII	KT992786	GII.17	7499	VPg	2507	2915	+	orf1_relative
GII	KT992786	GII.17	7499	3CLpro	2916	3477	+	orf1_relative
GII	KT992786	GII.17	7499	RdRp	4331	5087	+	inferred_from_region_blast
GII	KT992787	GII.17	7499	VP1	5093	6715	+	genbank
GII	KT992787	GII.17	7499	VP2	6715	7494	+	genbank
GII	KT992787	GII.17	7499	ORF1	4	5112	+	genbank
GII	KT992787	GII.17	7499	p48	4	1331	+	orf1_relative
GII	KT992787	GII.17	7499	NTPase	1332	2098	+	orf1_relative
GII	KT992787	GII.17	7499	p22	2099	2506	+	orf1_relative
GII	KT992787	GII.17	7499	VPg	2507	2915	+	orf1_relative
GII	KT992787	GII.17	7499	3CLpro	2916	3477	+	orf1_relative
GII	KT992787	GII.17	7499	RdRp	4331	5087	+	inferred_from_region_blast
GII	KT992788	GII.17	7498	VP1	5093	6715	+	genbank
GII	KT992788	GII.17	7498	VP2	6715	7494	+	genbank
GII	KT992788	GII.17	7498	ORF1	4	5112	+	genbank
GII	KT992788	GII.17	7498	p48	4	1331	+	orf1_relative
GII	KT992788	GII.17	7498	NTPase	1332	2098	+	orf1_relative
GII	KT992788	GII.17	7498	p22	2099	2506	+	orf1_relative
GII	KT992788	GII.17	7498	VPg	2507	2915	+	orf1_relative
GII	KT992788	GII.17	7498	3CLpro	2916	3477	+	orf1_relative
GII	KT992788	GII.17	7498	RdRp	4331	5087	+	inferred_from_region_blast
GII	KT992789	GII.17	7501	VP1	5094	6716	+	genbank
GII	KT992789	GII.17	7501	VP2	6716	7495	+	genbank
GII	KT992789	GII.17	7501	ORF1	5	5113	+	genbank
GII	KT992789	GII.17	7501	p48	5	1332	+	orf1_relative
GII	KT992789	GII.17	7501	NTPase	1333	2099	+	orf1_relative
GII	KT992789	GII.17	7501	p22	2100	2507	+	orf1_relative
GII	KT992789	GII.17	7501	VPg	2508	2916	+	orf1_relative
GII	KT992789	GII.17	7501	3CLpro	2917	3478	+	orf1_relative
GII	KT992789	GII.17	7501	RdRp	4332	5088	+	inferred_from_region_blast
GII	KT992790	GII.17	7548	VP1	5094	6716	+	genbank
GII	KT992790	GII.17	7548	VP2	6716	7495	+	genbank
GII	KT992790	GII.17	7548	ORF1	5	5113	+	genbank
GII	KT992790	GII.17	7548	p48	5	1332	+	orf1_relative
GII	KT992790	GII.17	7548	NTPase	1333	2099	+	orf1_relative
GII	KT992790	GII.17	7548	p22	2100	2507	+	orf1_relative
GII	KT992790	GII.17	7548	VPg	2508	2916	+	orf1_relative
GII	KT992790	GII.17	7548	3CLpro	2917	3478	+	orf1_relative
GII	KT992790	GII.17	7548	RdRp	4332	5088	+	inferred_from_region_blast
GII	KU557783	GII.17	7555	VP1	5094	6710	+	genbank
GII	KU557783	GII.17	7555	VP2	6710	7489	+	genbank
GII	KU557783	GII.17	7555	ORF1	5	5107	+	genbank
GII	KU557783	GII.17	7555	p48	5	1331	+	orf1_relative
GII	KU557783	GII.17	7555	NTPase	1332	2096	+	orf1_relative
GII	KU557783	GII.17	7555	p22	2097	2504	+	orf1_relative
GII	KU557783	GII.17	7555	VPg	2505	2913	+	orf1_relative
GII	KU557783	GII.17	7555	3CLpro	2914	3474	+	orf1_relative
GII	KU557783	GII.17	7555	RdRp	4326	5082	+	inferred_from_region_blast
GII	KU557784	GII.17	7555	VP1	5094	6710	+	genbank
GII	KU557784	GII.17	7555	VP2	6710	7489	+	genbank
GII	KU557784	GII.17	7555	ORF1	5	5107	+	genbank
GII	KU557784	GII.17	7555	p48	5	1331	+	orf1_relative
GII	KU557784	GII.17	7555	NTPase	1332	2096	+	orf1_relative
GII	KU557784	GII.17	7555	p22	2097	2504	+	orf1_relative
GII	KU557784	GII.17	7555	VPg	2505	2913	+	orf1_relative
GII	KU557784	GII.17	7555	3CLpro	2914	3474	+	orf1_relative
GII	KU557784	GII.17	7555	RdRp	4326	5082	+	inferred_from_region_blast
GII	KU557785	GII.17	7496	VP1	5094	6710	+	genbank
GII	KU557785	GII.17	7496	VP2	6710	7489	+	genbank
GII	KU557785	GII.17	7496	ORF1	5	5107	+	genbank
GII	KU557785	GII.17	7496	p48	5	1331	+	orf1_relative
GII	KU557785	GII.17	7496	NTPase	1332	2096	+	orf1_relative
GII	KU557785	GII.17	7496	p22	2097	2504	+	orf1_relative
GII	KU557785	GII.17	7496	VPg	2505	2913	+	orf1_relative
GII	KU557785	GII.17	7496	3CLpro	2914	3474	+	orf1_relative
GII	KU557785	GII.17	7496	RdRp	4326	5082	+	inferred_from_region_blast
GII	KU557786	GII.17	7417	VP1	5094	6710	+	genbank
GII	KU557786	GII.17	7417	VP2	6710	7417	+	genbank
GII	KU557786	GII.17	7417	ORF1	5	5107	+	genbank
GII	KU557786	GII.17	7417	p48	5	1331	+	orf1_relative
GII	KU557786	GII.17	7417	NTPase	1332	2096	+	orf1_relative
GII	KU557786	GII.17	7417	p22	2097	2504	+	orf1_relative
GII	KU557786	GII.17	7417	VPg	2505	2913	+	orf1_relative
GII	KU557786	GII.17	7417	3CLpro	2914	3474	+	orf1_relative
GII	KU557786	GII.17	7417	RdRp	4326	5082	+	inferred_from_region_blast
GII	KU557787	GII.17	7417	VP1	5094	6710	+	genbank
GII	KU557787	GII.17	7417	VP2	6710	7417	+	genbank
GII	KU557787	GII.17	7417	ORF1	5	5107	+	genbank
GII	KU557787	GII.17	7417	p48	5	1331	+	orf1_relative
GII	KU557787	GII.17	7417	NTPase	1332	2096	+	orf1_relative
GII	KU557787	GII.17	7417	p22	2097	2504	+	orf1_relative
GII	KU557787	GII.17	7417	VPg	2505	2913	+	orf1_relative
GII	KU557787	GII.17	7417	3CLpro	2914	3474	+	orf1_relative
GII	KU557787	GII.17	7417	RdRp	4326	5082	+	inferred_from_region_blast
GII	KU557790	GII.17	7504	VP1	5094	6710	+	genbank
GII	KU557790	GII.17	7504	VP2	6710	7489	+	genbank
GII	KU557790	GII.17	7504	ORF1	5	5107	+	genbank
GII	KU557790	GII.17	7504	p48	5	1331	+	orf1_relative
GII	KU557790	GII.17	7504	NTPase	1332	2096	+	orf1_relative
GII	KU557790	GII.17	7504	p22	2097	2504	+	orf1_relative
GII	KU557790	GII.17	7504	VPg	2505	2913	+	orf1_relative
GII	KU557790	GII.17	7504	3CLpro	2914	3474	+	orf1_relative
GII	KU557790	GII.17	7504	RdRp	4326	5082	+	inferred_from_region_blast
GII	KU561249	GII.17	7558	VP1	5087	6709	+	genbank
GII	KU561249	GII.17	7558	VP2	6709	7488	+	genbank
GII	KU561249	GII.17	7558	ORF1	4	5106	+	genbank
GII	KU561249	GII.17	7558	p48	4	1330	+	orf1_relative
GII	KU561249	GII.17	7558	NTPase	1331	2095	+	orf1_relative
GII	KU561249	GII.17	7558	p22	2096	2503	+	orf1_relative
GII	KU561249	GII.17	7558	VPg	2504	2912	+	orf1_relative
GII	KU561249	GII.17	7558	3CLpro	2913	3473	+	orf1_relative
GII	KU561249	GII.17	7558	RdRp	4325	5081	+	inferred_from_region_blast
GII	KU561252	GII.17	7556	VP1	5094	6716	+	genbank
GII	KU561252	GII.17	7556	VP2	6716	7495	+	genbank
GII	KU561252	GII.17	7556	ORF1	5	5113	+	genbank
GII	KU561252	GII.17	7556	p48	5	1332	+	orf1_relative
GII	KU561252	GII.17	7556	NTPase	1333	2099	+	orf1_relative
GII	KU561252	GII.17	7556	p22	2100	2507	+	orf1_relative
GII	KU561252	GII.17	7556	VPg	2508	2916	+	orf1_relative
GII	KU561252	GII.17	7556	3CLpro	2917	3478	+	orf1_relative
GII	KU561252	GII.17	7556	RdRp	4332	5088	+	inferred_from_region_blast
GII	KU561253	GII.17	7556	VP1	5094	6716	+	genbank
GII	KU561253	GII.17	7556	VP2	6716	7495	+	genbank
GII	KU561253	GII.17	7556	ORF1	5	5113	+	genbank
GII	KU561253	GII.17	7556	p48	5	1332	+	orf1_relative
GII	KU561253	GII.17	7556	NTPase	1333	2099	+	orf1_relative
GII	KU561253	GII.17	7556	p22	2100	2507	+	orf1_relative
GII	KU561253	GII.17	7556	VPg	2508	2916	+	orf1_relative
GII	KU561253	GII.17	7556	3CLpro	2917	3478	+	orf1_relative
GII	KU561253	GII.17	7556	RdRp	4332	5088	+	inferred_from_region_blast
GII	KU561254	GII.17	7556	VP1	5094	6716	+	genbank
GII	KU561254	GII.17	7556	VP2	6716	7495	+	genbank
GII	KU561254	GII.17	7556	ORF1	5	5113	+	genbank
GII	KU561254	GII.17	7556	p48	5	1332	+	orf1_relative
GII	KU561254	GII.17	7556	NTPase	1333	2099	+	orf1_relative
GII	KU561254	GII.17	7556	p22	2100	2507	+	orf1_relative
GII	KU561254	GII.17	7556	VPg	2508	2916	+	orf1_relative
GII	KU561254	GII.17	7556	3CLpro	2917	3478	+	orf1_relative
GII	KU561254	GII.17	7556	RdRp	4332	5088	+	inferred_from_region_blast
GII	KU561255	GII.17	7556	VP1	5094	6716	+	genbank
GII	KU561255	GII.17	7556	VP2	6716	7495	+	genbank
GII	KU561255	GII.17	7556	ORF1	5	5113	+	genbank
GII	KU561255	GII.17	7556	p48	5	1332	+	orf1_relative
GII	KU561255	GII.17	7556	NTPase	1333	2099	+	orf1_relative
GII	KU561255	GII.17	7556	p22	2100	2507	+	orf1_relative
GII	KU561255	GII.17	7556	VPg	2508	2916	+	orf1_relative
GII	KU561255	GII.17	7556	3CLpro	2917	3478	+	orf1_relative
GII	KU561255	GII.17	7556	RdRp	4332	5088	+	inferred_from_region_blast
GII	KU561256	GII.17	7556	VP1	5094	6716	+	genbank
GII	KU561256	GII.17	7556	VP2	6716	7495	+	genbank
GII	KU561256	GII.17	7556	ORF1	5	5113	+	genbank
GII	KU561256	GII.17	7556	p48	5	1332	+	orf1_relative
GII	KU561256	GII.17	7556	NTPase	1333	2099	+	orf1_relative
GII	KU561256	GII.17	7556	p22	2100	2507	+	orf1_relative
GII	KU561256	GII.17	7556	VPg	2508	2916	+	orf1_relative
GII	KU561256	GII.17	7556	3CLpro	2917	3478	+	orf1_relative
GII	KU561256	GII.17	7556	RdRp	4332	5088	+	inferred_from_region_blast
GII	KU757049	GII.17	7556	VP1	5089	6691	+	inferred_from_region_blast
GII	KU757049	GII.17	7556	VP2	6710	7489	+	genbank
GII	KU757049	GII.17	7556	ORF1	5	5107	+	genbank
GII	KU757049	GII.17	7556	p48	5	1331	+	orf1_relative
GII	KU757049	GII.17	7556	NTPase	1332	2096	+	orf1_relative
GII	KU757049	GII.17	7556	p22	2097	2504	+	orf1_relative
GII	KU757049	GII.17	7556	VPg	2505	2913	+	orf1_relative
GII	KU757049	GII.17	7556	3CLpro	2914	3474	+	orf1_relative
GII	KU757049	GII.17	7556	RdRp	4326	5082	+	inferred_from_region_blast
GII	KU757050	GII.17	7556	VP1	5089	6691	+	inferred_from_region_blast
GII	KU757050	GII.17	7556	VP2	6710	7489	+	genbank
GII	KU757050	GII.17	7556	ORF1	5	5107	+	genbank
GII	KU757050	GII.17	7556	p48	5	1331	+	orf1_relative
GII	KU757050	GII.17	7556	NTPase	1332	2096	+	orf1_relative
GII	KU757050	GII.17	7556	p22	2097	2504	+	orf1_relative
GII	KU757050	GII.17	7556	VPg	2505	2913	+	orf1_relative
GII	KU757050	GII.17	7556	3CLpro	2914	3474	+	orf1_relative
GII	KU757050	GII.17	7556	RdRp	4326	5082	+	inferred_from_region_blast
GII	KU757051	GII.17	7556	VP1	5089	6691	+	inferred_from_region_blast
GII	KU757051	GII.17	7556	VP2	6710	7489	+	genbank
GII	KU757051	GII.17	7556	ORF1	5	5107	+	genbank
GII	KU757051	GII.17	7556	p48	5	1331	+	orf1_relative
GII	KU757051	GII.17	7556	NTPase	1332	2096	+	orf1_relative
GII	KU757051	GII.17	7556	p22	2097	2504	+	orf1_relative
GII	KU757051	GII.17	7556	VPg	2505	2913	+	orf1_relative
GII	KU757051	GII.17	7556	3CLpro	2914	3474	+	orf1_relative
GII	KU757051	GII.17	7556	RdRp	4326	5082	+	inferred_from_region_blast
GII	KU757052	GII.17	7556	VP1	5089	6691	+	inferred_from_region_blast
GII	KU757052	GII.17	7556	VP2	6710	7489	+	genbank
GII	KU757052	GII.17	7556	ORF1	5	5107	+	genbank
GII	KU757052	GII.17	7556	p48	5	1331	+	orf1_relative
GII	KU757052	GII.17	7556	NTPase	1332	2096	+	orf1_relative
GII	KU757052	GII.17	7556	p22	2097	2504	+	orf1_relative
GII	KU757052	GII.17	7556	VPg	2505	2913	+	orf1_relative
GII	KU757052	GII.17	7556	3CLpro	2914	3474	+	orf1_relative
GII	KU757052	GII.17	7556	RdRp	4326	5082	+	inferred_from_region_blast
GII	KY392867	GII.17	7397	VP1	5034	6656	+	genbank
GII	KY392867	GII.17	7397	VP2	6656	7397	+	genbank
GII	KY392867	GII.17	7397	RdRp	4272	5028	+	inferred_from_region_blast
GII	KY392868	GII.17	7319	VP1	4981	6603	+	genbank
GII	KY392868	GII.17	7319	VP2	6603	7319	+	genbank
GII	KY392868	GII.17	7319	RdRp	4219	4975	+	inferred_from_region_blast
GII	KY905330	GII.17	7491	VP1	5065	6687	+	genbank
GII	KY905330	GII.17	7491	VP2	6687	7466	+	genbank
GII	KY905330	GII.17	7491	ORF1	1	5084	+	genbank
GII	KY905330	GII.17	7491	p48	1	1322	+	orf1_relative
GII	KY905330	GII.17	7491	NTPase	1323	2084	+	orf1_relative
GII	KY905330	GII.17	7491	p22	2085	2491	+	orf1_relative
GII	KY905330	GII.17	7491	VPg	2492	2898	+	orf1_relative
GII	KY905330	GII.17	7491	3CLpro	2899	3457	+	orf1_relative
GII	KY905330	GII.17	7491	3'UTR	7467	7491	+	genbank
GII	KY905330	GII.17	7491	RdRp	4303	5059	+	inferred_from_region_blast
GII	LC037415	GII.17	7555	VP1	5088	6710	+	genbank
GII	LC037415	GII.17	7555	VP2	6710	7489	+	genbank
GII	LC037415	GII.17	7555	ORF1	1	5107	+	genbank
GII	LC037415	GII.17	7555	p48	1	1328	+	orf1_relative
GII	LC037415	GII.17	7555	NTPase	1329	2094	+	orf1_relative
GII	LC037415	GII.17	7555	p22	2095	2502	+	orf1_relative
GII	LC037415	GII.17	7555	VPg	2503	2911	+	orf1_relative
GII	LC037415	GII.17	7555	3CLpro	2912	3473	+	orf1_relative
GII	LC037415	GII.17	7555	RdRp	4326	5082	+	inferred_from_region_blast
GII	LC258403	GII.17	7420	VP1	5069	6691	+	genbank
GII	LC258403	GII.17	7420	VP2	6691	7420	+	genbank
GII	LC258403	GII.17	7420	ORF1	1	5088	+	genbank
GII	LC258403	GII.17	7420	p48	1	1323	+	orf1_relative
GII	LC258403	GII.17	7420	NTPase	1324	2086	+	orf1_relative
GII	LC258403	GII.17	7420	p22	2087	2493	+	orf1_relative
GII	LC258403	GII.17	7420	VPg	2494	2900	+	orf1_relative
GII	LC258403	GII.17	7420	3CLpro	2901	3460	+	orf1_relative
GII	LC258403	GII.17	7420	RdRp	4307	5063	+	inferred_from_region_blast
GII	LC369214	GII.17	7591	VP1	5094	6716	+	genbank
GII	LC369214	GII.17	7591	VP2	6716	7495	+	genbank
GII	LC369214	GII.17	7591	ORF1	5	5113	+	genbank
GII	LC369214	GII.17	7591	p48	5	1332	+	orf1_relative
GII	LC369214	GII.17	7591	NTPase	1333	2099	+	orf1_relative
GII	LC369214	GII.17	7591	p22	2100	2507	+	orf1_relative
GII	LC369214	GII.17	7591	VPg	2508	2916	+	orf1_relative
GII	LC369214	GII.17	7591	3CLpro	2917	3478	+	orf1_relative
GII	LC369214	GII.17	7591	RdRp	4332	5088	+	inferred_from_region_blast
GII	LC369215	GII.17	7576	VP1	5089	6711	+	genbank
GII	LC369215	GII.17	7576	VP2	6711	7490	+	genbank
GII	LC369215	GII.17	7576	ORF1	1	5108	+	genbank
GII	LC369215	GII.17	7576	p48	1	1328	+	orf1_relative
GII	LC369215	GII.17	7576	NTPase	1329	2094	+	orf1_relative
GII	LC369215	GII.17	7576	p22	2095	2503	+	orf1_relative
GII	LC369215	GII.17	7576	VPg	2504	2912	+	orf1_relative
GII	LC369215	GII.17	7576	3CLpro	2913	3473	+	orf1_relative
GII	LC369215	GII.17	7576	RdRp	4327	5083	+	inferred_from_region_blast
GII	LC369216	GII.17	7524	VP1	5079	6701	+	genbank
GII	LC369216	GII.17	7524	VP2	6701	7480	+	genbank
GII	LC369216	GII.17	7524	ORF1	1	5098	+	genbank
GII	LC369216	GII.17	7524	p48	1	1325	+	orf1_relative
GII	LC369216	GII.17	7524	NTPase	1326	2090	+	orf1_relative
GII	LC369216	GII.17	7524	p22	2091	2498	+	orf1_relative
GII	LC369216	GII.17	7524	VPg	2499	2906	+	orf1_relative
GII	LC369216	GII.17	7524	3CLpro	2907	3467	+	orf1_relative
GII	LC369216	GII.17	7524	RdRp	4317	5073	+	inferred_from_region_blast
GII	LC369217	GII.17	7524	VP1	5079	6701	+	genbank
GII	LC369217	GII.17	7524	VP2	6701	7480	+	genbank
GII	LC369217	GII.17	7524	ORF1	1	5098	+	genbank
GII	LC369217	GII.17	7524	p48	1	1325	+	orf1_relative
GII	LC369217	GII.17	7524	NTPase	1326	2090	+	orf1_relative
GII	LC369217	GII.17	7524	p22	2091	2498	+	orf1_relative
GII	LC369217	GII.17	7524	VPg	2499	2906	+	orf1_relative
GII	LC369217	GII.17	7524	3CLpro	2907	3467	+	orf1_relative
GII	LC369217	GII.17	7524	RdRp	4317	5073	+	inferred_from_region_blast
GII	LC369218	GII.17	7533	VP1	5086	6708	+	genbank
GII	LC369218	GII.17	7533	VP2	6708	7487	+	genbank
GII	LC369218	GII.17	7533	ORF1	1	5105	+	genbank
GII	LC369218	GII.17	7533	p48	1	1327	+	orf1_relative
GII	LC369218	GII.17	7533	NTPase	1328	2093	+	orf1_relative
GII	LC369218	GII.17	7533	p22	2094	2501	+	orf1_relative
GII	LC369218	GII.17	7533	VPg	2502	2910	+	orf1_relative
GII	LC369218	GII.17	7533	3CLpro	2911	3471	+	orf1_relative
GII	LC369218	GII.17	7533	RdRp	4324	5080	+	inferred_from_region_blast
GII	LC369219	GII.17	7562	VP1	5094	6716	+	genbank
GII	LC369219	GII.17	7562	VP2	6716	7495	+	genbank
GII	LC369219	GII.17	7562	ORF1	5	5113	+	genbank
GII	LC369219	GII.17	7562	p48	5	1332	+	orf1_relative
GII	LC369219	GII.17	7562	NTPase	1333	2099	+	orf1_relative
GII	LC369219	GII.17	7562	p22	2100	2507	+	orf1_relative
GII	LC369219	GII.17	7562	VPg	2508	2916	+	orf1_relative
GII	LC369219	GII.17	7562	3CLpro	2917	3478	+	orf1_relative
GII	LC369219	GII.17	7562	RdRp	4332	5088	+	inferred_from_region_blast
GII	LC369220	GII.17	7560	VP1	5080	6702	+	genbank
GII	LC369220	GII.17	7560	VP2	6702	7481	+	genbank
GII	LC369220	GII.17	7560	ORF1	1	5099	+	genbank
GII	LC369220	GII.17	7560	p48	1	1326	+	orf1_relative
GII	LC369220	GII.17	7560	NTPase	1327	2091	+	orf1_relative
GII	LC369220	GII.17	7560	p22	2092	2499	+	orf1_relative
GII	LC369220	GII.17	7560	VPg	2500	2906	+	orf1_relative
GII	LC369220	GII.17	7560	3CLpro	2907	3467	+	orf1_relative
GII	LC369220	GII.17	7560	RdRp	4318	5074	+	inferred_from_region_blast
GII	LC369221	GII.17	7527	VP1	5080	6702	+	genbank
GII	LC369221	GII.17	7527	VP2	6702	7481	+	genbank
GII	LC369221	GII.17	7527	ORF1	1	5099	+	genbank
GII	LC369221	GII.17	7527	p48	1	1326	+	orf1_relative
GII	LC369221	GII.17	7527	NTPase	1327	2091	+	orf1_relative
GII	LC369221	GII.17	7527	p22	2092	2499	+	orf1_relative
GII	LC369221	GII.17	7527	VPg	2500	2906	+	orf1_relative
GII	LC369221	GII.17	7527	3CLpro	2907	3467	+	orf1_relative
GII	LC369221	GII.17	7527	RdRp	4318	5074	+	inferred_from_region_blast
GII	LC369222	GII.17	7577	VP1	5082	6704	+	genbank
GII	LC369222	GII.17	7577	VP2	6704	7483	+	genbank
GII	LC369222	GII.17	7577	ORF1	1	5101	+	genbank
GII	LC369222	GII.17	7577	p48	1	1326	+	orf1_relative
GII	LC369222	GII.17	7577	NTPase	1327	2091	+	orf1_relative
GII	LC369222	GII.17	7577	p22	2092	2499	+	orf1_relative
GII	LC369222	GII.17	7577	VPg	2500	2908	+	orf1_relative
GII	LC369222	GII.17	7577	3CLpro	2909	3469	+	orf1_relative
GII	LC369222	GII.17	7577	RdRp	4320	5076	+	inferred_from_region_blast
GII	LC369224	GII.17	7554	VP1	5082	6704	+	genbank
GII	LC369224	GII.17	7554	VP2	6704	7483	+	genbank
GII	LC369224	GII.17	7554	ORF1	1	5101	+	genbank
GII	LC369224	GII.17	7554	p48	1	1326	+	orf1_relative
GII	LC369224	GII.17	7554	NTPase	1327	2091	+	orf1_relative
GII	LC369224	GII.17	7554	p22	2092	2499	+	orf1_relative
GII	LC369224	GII.17	7554	VPg	2500	2908	+	orf1_relative
GII	LC369224	GII.17	7554	3CLpro	2909	3469	+	orf1_relative
GII	LC369224	GII.17	7554	RdRp	4320	5076	+	inferred_from_region_blast
GII	LC369225	GII.17	7549	VP1	5082	6704	+	genbank
GII	LC369225	GII.17	7549	VP2	6704	7483	+	genbank
GII	LC369225	GII.17	7549	ORF1	1	5101	+	genbank
GII	LC369225	GII.17	7549	p48	1	1326	+	orf1_relative
GII	LC369225	GII.17	7549	NTPase	1327	2091	+	orf1_relative
GII	LC369225	GII.17	7549	p22	2092	2499	+	orf1_relative
GII	LC369225	GII.17	7549	VPg	2500	2908	+	orf1_relative
GII	LC369225	GII.17	7549	3CLpro	2909	3469	+	orf1_relative
GII	LC369225	GII.17	7549	RdRp	4320	5076	+	inferred_from_region_blast
GII	LC369227	GII.17	7565	VP1	5084	6706	+	genbank
GII	LC369227	GII.17	7565	VP2	6706	7485	+	genbank
GII	LC369227	GII.17	7565	ORF1	1	5103	+	genbank
GII	LC369227	GII.17	7565	p48	1	1327	+	orf1_relative
GII	LC369227	GII.17	7565	NTPase	1328	2092	+	orf1_relative
GII	LC369227	GII.17	7565	p22	2093	2500	+	orf1_relative
GII	LC369227	GII.17	7565	VPg	2501	2909	+	orf1_relative
GII	LC369227	GII.17	7565	3CLpro	2910	3470	+	orf1_relative
GII	LC369227	GII.17	7565	RdRp	4322	5078	+	inferred_from_region_blast
GII	LC369241	GII.17	7554	VP1	5088	6710	+	genbank
GII	LC369241	GII.17	7554	VP2	6710	7489	+	genbank
GII	LC369241	GII.17	7554	ORF1	5	5107	+	genbank
GII	LC369241	GII.17	7554	p48	5	1331	+	orf1_relative
GII	LC369241	GII.17	7554	NTPase	1332	2096	+	orf1_relative
GII	LC369241	GII.17	7554	p22	2097	2504	+	orf1_relative
GII	LC369241	GII.17	7554	VPg	2505	2913	+	orf1_relative
GII	LC369241	GII.17	7554	3CLpro	2914	3474	+	orf1_relative
GII	LC369241	GII.17	7554	RdRp	4326	5082	+	inferred_from_region_blast
GII	LC369242	GII.17	7589	VP1	5089	6711	+	genbank
GII	LC369242	GII.17	7589	VP2	6711	7490	+	genbank
GII	LC369242	GII.17	7589	ORF1	1	5108	+	genbank
GII	LC369242	GII.17	7589	p48	1	1328	+	orf1_relative
GII	LC369242	GII.17	7589	NTPase	1329	2094	+	orf1_relative
GII	LC369242	GII.17	7589	p22	2095	2503	+	orf1_relative
GII	LC369242	GII.17	7589	VPg	2504	2912	+	orf1_relative
GII	LC369242	GII.17	7589	3CLpro	2913	3473	+	orf1_relative
GII	LC369242	GII.17	7589	RdRp	4327	5083	+	inferred_from_region_blast
GII	LC369244	GII.17	7561	VP1	5094	6716	+	genbank
GII	LC369244	GII.17	7561	VP2	6716	7495	+	genbank
GII	LC369244	GII.17	7561	ORF1	5	5113	+	genbank
GII	LC369244	GII.17	7561	p48	5	1332	+	orf1_relative
GII	LC369244	GII.17	7561	NTPase	1333	2099	+	orf1_relative
GII	LC369244	GII.17	7561	p22	2100	2507	+	orf1_relative
GII	LC369244	GII.17	7561	VPg	2508	2916	+	orf1_relative
GII	LC369244	GII.17	7561	3CLpro	2917	3478	+	orf1_relative
GII	LC369244	GII.17	7561	RdRp	4332	5088	+	inferred_from_region_blast
GII	LC369245	GII.17	7555	VP1	5089	6711	+	genbank
GII	LC369245	GII.17	7555	VP2	6711	7490	+	genbank
GII	LC369245	GII.17	7555	ORF1	1	5108	+	genbank
GII	LC369245	GII.17	7555	p48	1	1328	+	orf1_relative
GII	LC369245	GII.17	7555	NTPase	1329	2094	+	orf1_relative
GII	LC369245	GII.17	7555	p22	2095	2503	+	orf1_relative
GII	LC369245	GII.17	7555	VPg	2504	2912	+	orf1_relative
GII	LC369245	GII.17	7555	3CLpro	2913	3473	+	orf1_relative
GII	LC369245	GII.17	7555	RdRp	4327	5083	+	inferred_from_region_blast
GII	LC369247	GII.17	7547	VP1	5080	6702	+	genbank
GII	LC369247	GII.17	7547	VP2	6702	7481	+	genbank
GII	LC369247	GII.17	7547	ORF1	1	5099	+	genbank
GII	LC369247	GII.17	7547	p48	1	1326	+	orf1_relative
GII	LC369247	GII.17	7547	NTPase	1327	2091	+	orf1_relative
GII	LC369247	GII.17	7547	p22	2092	2499	+	orf1_relative
GII	LC369247	GII.17	7547	VPg	2500	2906	+	orf1_relative
GII	LC369247	GII.17	7547	3CLpro	2907	3467	+	orf1_relative
GII	LC369247	GII.17	7547	RdRp	4318	5074	+	inferred_from_region_blast
GII	LC369248	GII.17	7547	VP1	5080	6702	+	genbank
GII	LC369248	GII.17	7547	VP2	6702	7481	+	genbank
GII	LC369248	GII.17	7547	ORF1	1	5099	+	genbank
GII	LC369248	GII.17	7547	p48	1	1326	+	orf1_relative
GII	LC369248	GII.17	7547	NTPase	1327	2091	+	orf1_relative
GII	LC369248	GII.17	7547	p22	2092	2499	+	orf1_relative
GII	LC369248	GII.17	7547	VPg	2500	2906	+	orf1_relative
GII	LC369248	GII.17	7547	3CLpro	2907	3467	+	orf1_relative
GII	LC369248	GII.17	7547	RdRp	4318	5074	+	inferred_from_region_blast
GII	LC369249	GII.17	7549	VP1	5082	6704	+	genbank
GII	LC369249	GII.17	7549	VP2	6704	7483	+	genbank
GII	LC369249	GII.17	7549	ORF1	1	5101	+	genbank
GII	LC369249	GII.17	7549	p48	1	1326	+	orf1_relative
GII	LC369249	GII.17	7549	NTPase	1327	2091	+	orf1_relative
GII	LC369249	GII.17	7549	p22	2092	2499	+	orf1_relative
GII	LC369249	GII.17	7549	VPg	2500	2908	+	orf1_relative
GII	LC369249	GII.17	7549	3CLpro	2909	3469	+	orf1_relative
GII	LC369249	GII.17	7549	RdRp	4320	5076	+	inferred_from_region_blast
GII	LC369252	GII.17	7545	VP1	5079	6701	+	genbank
GII	LC369252	GII.17	7545	VP2	6701	7480	+	genbank
GII	LC369252	GII.17	7545	ORF1	1	5098	+	genbank
GII	LC369252	GII.17	7545	p48	1	1325	+	orf1_relative
GII	LC369252	GII.17	7545	NTPase	1326	2090	+	orf1_relative
GII	LC369252	GII.17	7545	p22	2091	2498	+	orf1_relative
GII	LC369252	GII.17	7545	VPg	2499	2906	+	orf1_relative
GII	LC369252	GII.17	7545	3CLpro	2907	3467	+	orf1_relative
GII	LC369252	GII.17	7545	RdRp	4317	5073	+	inferred_from_region_blast
GII	LC369253	GII.17	7546	VP1	5079	6701	+	genbank
GII	LC369253	GII.17	7546	VP2	6701	7480	+	genbank
GII	LC369253	GII.17	7546	ORF1	1	5098	+	genbank
GII	LC369253	GII.17	7546	p48	1	1325	+	orf1_relative
GII	LC369253	GII.17	7546	NTPase	1326	2090	+	orf1_relative
GII	LC369253	GII.17	7546	p22	2091	2498	+	orf1_relative
GII	LC369253	GII.17	7546	VPg	2499	2906	+	orf1_relative
GII	LC369253	GII.17	7546	3CLpro	2907	3467	+	orf1_relative
GII	LC369253	GII.17	7546	RdRp	4317	5073	+	inferred_from_region_blast
GII	LC369254	GII.17	7547	VP1	5094	6716	+	genbank
GII	LC369254	GII.17	7547	VP2	6716	7495	+	genbank
GII	LC369254	GII.17	7547	ORF1	5	5113	+	genbank
GII	LC369254	GII.17	7547	p48	5	1332	+	orf1_relative
GII	LC369254	GII.17	7547	NTPase	1333	2099	+	orf1_relative
GII	LC369254	GII.17	7547	p22	2100	2507	+	orf1_relative
GII	LC369254	GII.17	7547	VPg	2508	2916	+	orf1_relative
GII	LC369254	GII.17	7547	3CLpro	2917	3478	+	orf1_relative
GII	LC369254	GII.17	7547	RdRp	4332	5088	+	inferred_from_region_blast
GII	LC369255	GII.17	7588	VP1	5084	6706	+	genbank
GII	LC369255	GII.17	7588	VP2	6706	7485	+	genbank
GII	LC369255	GII.17	7588	ORF1	1	5103	+	genbank
GII	LC369255	GII.17	7588	p48	1	1327	+	orf1_relative
GII	LC369255	GII.17	7588	NTPase	1328	2092	+	orf1_relative
GII	LC369255	GII.17	7588	p22	2093	2500	+	orf1_relative
GII	LC369255	GII.17	7588	VPg	2501	2909	+	orf1_relative
GII	LC369255	GII.17	7588	3CLpro	2910	3470	+	orf1_relative
GII	LC369255	GII.17	7588	RdRp	4322	5078	+	inferred_from_region_blast
GII	LC369256	GII.17	7555	VP1	5084	6706	+	genbank
GII	LC369256	GII.17	7555	VP2	6706	7485	+	genbank
GII	LC369256	GII.17	7555	ORF1	1	5103	+	genbank
GII	LC369256	GII.17	7555	p48	1	1327	+	orf1_relative
GII	LC369256	GII.17	7555	NTPase	1328	2092	+	orf1_relative
GII	LC369256	GII.17	7555	p22	2093	2500	+	orf1_relative
GII	LC369256	GII.17	7555	VPg	2501	2909	+	orf1_relative
GII	LC369256	GII.17	7555	3CLpro	2910	3470	+	orf1_relative
GII	LC369256	GII.17	7555	RdRp	4322	5078	+	inferred_from_region_blast
GII	LC369257	GII.17	7590	VP1	5089	6711	+	genbank
GII	LC369257	GII.17	7590	VP2	6711	7490	+	genbank
GII	LC369257	GII.17	7590	ORF1	1	5108	+	genbank
GII	LC369257	GII.17	7590	p48	1	1328	+	orf1_relative
GII	LC369257	GII.17	7590	NTPase	1329	2094	+	orf1_relative
GII	LC369257	GII.17	7590	p22	2095	2503	+	orf1_relative
GII	LC369257	GII.17	7590	VPg	2504	2912	+	orf1_relative
GII	LC369257	GII.17	7590	3CLpro	2913	3473	+	orf1_relative
GII	LC369257	GII.17	7590	RdRp	4327	5083	+	inferred_from_region_blast
GII	LC369258	GII.17	7484	VP1	5037	6659	+	genbank
GII	LC369258	GII.17	7484	VP2	6659	7438	+	genbank
GII	LC369258	GII.17	7484	ORF1	1	5056	+	genbank
GII	LC369258	GII.17	7484	p48	1	1315	+	orf1_relative
GII	LC369258	GII.17	7484	NTPase	1316	2073	+	orf1_relative
GII	LC369258	GII.17	7484	p22	2074	2477	+	orf1_relative
GII	LC369258	GII.17	7484	VPg	2478	2882	+	orf1_relative
GII	LC369258	GII.17	7484	3CLpro	2883	3438	+	orf1_relative
GII	LC369258	GII.17	7484	RdRp	4275	5031	+	inferred_from_region_blast
GII	LC644992	GII.17	7417	VP1	5069	6688	+	genbank
GII	LC644992	GII.17	7417	VP2	6688	7417	+	genbank
GII	LC644992	GII.17	7417	ORF1	1	5088	+	genbank
GII	LC644992	GII.17	7417	p48	1	1323	+	orf1_relative
GII	LC644992	GII.17	7417	NTPase	1324	2086	+	orf1_relative
GII	LC644992	GII.17	7417	p22	2087	2493	+	orf1_relative
GII	LC644992	GII.17	7417	VPg	2494	2900	+	orf1_relative
GII	LC644992	GII.17	7417	3CLpro	2901	3460	+	orf1_relative
GII	LC644992	GII.17	7417	RdRp	4307	5063	+	inferred_from_region_blast
GII	LC848162	GII.17	7556	VP1	5094	6716	+	genbank
GII	LC848162	GII.17	7556	VP2	6716	7495	+	genbank
GII	LC848162	GII.17	7556	ORF1	5	5113	+	genbank
GII	LC848162	GII.17	7556	p48	5	1332	+	orf1_relative
GII	LC848162	GII.17	7556	NTPase	1333	2099	+	orf1_relative
GII	LC848162	GII.17	7556	p22	2100	2507	+	orf1_relative
GII	LC848162	GII.17	7556	VPg	2508	2916	+	orf1_relative
GII	LC848162	GII.17	7556	3CLpro	2917	3478	+	orf1_relative
GII	LC848162	GII.17	7556	RdRp	4332	5088	+	inferred_from_region_blast
GII	LC848165	GII.17	7545	VP1	5089	6711	+	genbank
GII	LC848165	GII.17	7545	VP2	6711	7484	+	genbank
GII	LC848165	GII.17	7545	ORF1	1	5108	+	genbank
GII	LC848165	GII.17	7545	p48	1	1328	+	orf1_relative
GII	LC848165	GII.17	7545	NTPase	1329	2094	+	orf1_relative
GII	LC848165	GII.17	7545	p22	2095	2503	+	orf1_relative
GII	LC848165	GII.17	7545	VPg	2504	2912	+	orf1_relative
GII	LC848165	GII.17	7545	3CLpro	2913	3473	+	orf1_relative
GII	LC848165	GII.17	7545	RdRp	4327	5083	+	inferred_from_region_blast
GII	MF421538	GII.17	7530	VP1	5090	6712	+	genbank
GII	MF421538	GII.17	7530	VP2	6712	7491	+	genbank
GII	MF421538	GII.17	7530	ORF1	1	5109	+	genbank
GII	MF421538	GII.17	7530	p48	1	1328	+	orf1_relative
GII	MF421538	GII.17	7530	NTPase	1329	2095	+	orf1_relative
GII	MF421538	GII.17	7530	p22	2096	2503	+	orf1_relative
GII	MF421538	GII.17	7530	VPg	2504	2912	+	orf1_relative
GII	MF421538	GII.17	7530	3CLpro	2913	3474	+	orf1_relative
GII	MF421538	GII.17	7530	RdRp	4328	5084	+	inferred_from_region_blast
GII	MF421539	GII.17	7530	VP1	5090	6712	+	genbank
GII	MF421539	GII.17	7530	VP2	6712	7491	+	genbank
GII	MF421539	GII.17	7530	ORF1	1	5109	+	genbank
GII	MF421539	GII.17	7530	p48	1	1328	+	orf1_relative
GII	MF421539	GII.17	7530	NTPase	1329	2095	+	orf1_relative
GII	MF421539	GII.17	7530	p22	2096	2503	+	orf1_relative
GII	MF421539	GII.17	7530	VPg	2504	2912	+	orf1_relative
GII	MF421539	GII.17	7530	3CLpro	2913	3474	+	orf1_relative
GII	MF421539	GII.17	7530	RdRp	4328	5084	+	inferred_from_region_blast
GII	MF421540	GII.17	7530	VP1	5090	6712	+	genbank
GII	MF421540	GII.17	7530	VP2	6712	7491	+	genbank
GII	MF421540	GII.17	7530	ORF1	1	5109	+	genbank
GII	MF421540	GII.17	7530	p48	1	1328	+	orf1_relative
GII	MF421540	GII.17	7530	NTPase	1329	2095	+	orf1_relative
GII	MF421540	GII.17	7530	p22	2096	2503	+	orf1_relative
GII	MF421540	GII.17	7530	VPg	2504	2912	+	orf1_relative
GII	MF421540	GII.17	7530	3CLpro	2913	3474	+	orf1_relative
GII	MF421540	GII.17	7530	RdRp	4328	5084	+	inferred_from_region_blast
GII	MF421541	GII.17	7530	VP1	5090	6712	+	genbank
GII	MF421541	GII.17	7530	VP2	6712	7491	+	genbank
GII	MF421541	GII.17	7530	ORF1	1	5109	+	genbank
GII	MF421541	GII.17	7530	p48	1	1328	+	orf1_relative
GII	MF421541	GII.17	7530	NTPase	1329	2095	+	orf1_relative
GII	MF421541	GII.17	7530	p22	2096	2503	+	orf1_relative
GII	MF421541	GII.17	7530	VPg	2504	2912	+	orf1_relative
GII	MF421541	GII.17	7530	3CLpro	2913	3474	+	orf1_relative
GII	MF421541	GII.17	7530	RdRp	4328	5084	+	inferred_from_region_blast
GII	MF421542	GII.17	7530	VP1	5090	6712	+	genbank
GII	MF421542	GII.17	7530	VP2	6712	7491	+	genbank
GII	MF421542	GII.17	7530	ORF1	1	5109	+	genbank
GII	MF421542	GII.17	7530	p48	1	1328	+	orf1_relative
GII	MF421542	GII.17	7530	NTPase	1329	2095	+	orf1_relative
GII	MF421542	GII.17	7530	p22	2096	2503	+	orf1_relative
GII	MF421542	GII.17	7530	VPg	2504	2912	+	orf1_relative
GII	MF421542	GII.17	7530	3CLpro	2913	3474	+	orf1_relative
GII	MF421542	GII.17	7530	RdRp	4328	5084	+	inferred_from_region_blast
GII	MG692610	GII.17	7556	VP1	5094	6716	+	genbank
GII	MG692610	GII.17	7556	VP2	6716	7495	+	genbank
GII	MG692610	GII.17	7556	ORF1	5	5113	+	genbank
GII	MG692610	GII.17	7556	p48	5	1332	+	orf1_relative
GII	MG692610	GII.17	7556	NTPase	1333	2099	+	orf1_relative
GII	MG692610	GII.17	7556	p22	2100	2507	+	orf1_relative
GII	MG692610	GII.17	7556	VPg	2508	2916	+	orf1_relative
GII	MG692610	GII.17	7556	3CLpro	2917	3478	+	orf1_relative
GII	MG692610	GII.17	7556	RdRp	4332	5088	+	inferred_from_region_blast
GII	MH608288	GII.17	7488	VP1	5094	6716	+	genbank
GII	MH608288	GII.17	7488	VP2	6716	7488	+	genbank
GII	MH608288	GII.17	7488	ORF1	5	5113	+	genbank
GII	MH608288	GII.17	7488	p48	5	1332	+	orf1_relative
GII	MH608288	GII.17	7488	NTPase	1333	2099	+	orf1_relative
GII	MH608288	GII.17	7488	p22	2100	2507	+	orf1_relative
GII	MH608288	GII.17	7488	VPg	2508	2916	+	orf1_relative
GII	MH608288	GII.17	7488	3CLpro	2917	3478	+	orf1_relative
GII	MH608288	GII.17	7488	RdRp	4332	5088	+	inferred_from_region_blast
GII	MH638230	GII.17	7488	VP1	5094	6716	+	genbank
GII	MH638230	GII.17	7488	VP2	6716	7488	+	genbank
GII	MH638230	GII.17	7488	ORF1	5	5113	+	genbank
GII	MH638230	GII.17	7488	p48	5	1332	+	orf1_relative
GII	MH638230	GII.17	7488	NTPase	1333	2099	+	orf1_relative
GII	MH638230	GII.17	7488	p22	2100	2507	+	orf1_relative
GII	MH638230	GII.17	7488	VPg	2508	2916	+	orf1_relative
GII	MH638230	GII.17	7488	3CLpro	2917	3478	+	orf1_relative
GII	MH638230	GII.17	7488	RdRp	4332	5088	+	inferred_from_region_blast
GII	MH746922	GII.17	7488	VP1	5094	6716	+	genbank
GII	MH746922	GII.17	7488	VP2	6716	7488	+	genbank
GII	MH746922	GII.17	7488	ORF1	5	5113	+	genbank
GII	MH746922	GII.17	7488	p48	5	1332	+	orf1_relative
GII	MH746922	GII.17	7488	NTPase	1333	2099	+	orf1_relative
GII	MH746922	GII.17	7488	p22	2100	2507	+	orf1_relative
GII	MH746922	GII.17	7488	VPg	2508	2916	+	orf1_relative
GII	MH746922	GII.17	7488	3CLpro	2917	3478	+	orf1_relative
GII	MH746922	GII.17	7488	RdRp	4332	5088	+	inferred_from_region_blast
GII	MH746923	GII.17	7488	VP1	5094	6716	+	genbank
GII	MH746923	GII.17	7488	VP2	6716	7488	+	genbank
GII	MH746923	GII.17	7488	ORF1	5	5113	+	genbank
GII	MH746923	GII.17	7488	p48	5	1332	+	orf1_relative
GII	MH746923	GII.17	7488	NTPase	1333	2099	+	orf1_relative
GII	MH746923	GII.17	7488	p22	2100	2507	+	orf1_relative
GII	MH746923	GII.17	7488	VPg	2508	2916	+	orf1_relative
GII	MH746923	GII.17	7488	3CLpro	2917	3478	+	orf1_relative
GII	MH746923	GII.17	7488	RdRp	4332	5088	+	inferred_from_region_blast
GII	MH746924	GII.17	7488	VP1	5094	6716	+	genbank
GII	MH746924	GII.17	7488	VP2	6716	7488	+	genbank
GII	MH746924	GII.17	7488	ORF1	5	5113	+	genbank
GII	MH746924	GII.17	7488	p48	5	1332	+	orf1_relative
GII	MH746924	GII.17	7488	NTPase	1333	2099	+	orf1_relative
GII	MH746924	GII.17	7488	p22	2100	2507	+	orf1_relative
GII	MH746924	GII.17	7488	VPg	2508	2916	+	orf1_relative
GII	MH746924	GII.17	7488	3CLpro	2917	3478	+	orf1_relative
GII	MH746924	GII.17	7488	RdRp	4332	5088	+	inferred_from_region_blast
GII	MH746925	GII.17	7488	VP1	5094	6716	+	genbank
GII	MH746925	GII.17	7488	VP2	6716	7488	+	genbank
GII	MH746925	GII.17	7488	ORF1	5	5113	+	genbank
GII	MH746925	GII.17	7488	p48	5	1332	+	orf1_relative
GII	MH746925	GII.17	7488	NTPase	1333	2099	+	orf1_relative
GII	MH746925	GII.17	7488	p22	2100	2507	+	orf1_relative
GII	MH746925	GII.17	7488	VPg	2508	2916	+	orf1_relative
GII	MH746925	GII.17	7488	3CLpro	2917	3478	+	orf1_relative
GII	MH746925	GII.17	7488	RdRp	4332	5088	+	inferred_from_region_blast
GII	MH747479	GII.17	7488	VP1	5094	6716	+	genbank
GII	MH747479	GII.17	7488	VP2	6716	7488	+	genbank
GII	MH747479	GII.17	7488	ORF1	5	5113	+	genbank
GII	MH747479	GII.17	7488	p48	5	1332	+	orf1_relative
GII	MH747479	GII.17	7488	NTPase	1333	2099	+	orf1_relative
GII	MH747479	GII.17	7488	p22	2100	2507	+	orf1_relative
GII	MH747479	GII.17	7488	VPg	2508	2916	+	orf1_relative
GII	MH747479	GII.17	7488	3CLpro	2917	3478	+	orf1_relative
GII	MH747479	GII.17	7488	RdRp	4332	5088	+	inferred_from_region_blast
GII	MH747480	GII.17	7485	VP1	5094	6716	+	genbank
GII	MH747480	GII.17	7485	VP2	6716	7485	+	genbank
GII	MH747480	GII.17	7485	ORF1	5	5113	+	genbank
GII	MH747480	GII.17	7485	p48	5	1332	+	orf1_relative
GII	MH747480	GII.17	7485	NTPase	1333	2099	+	orf1_relative
GII	MH747480	GII.17	7485	p22	2100	2507	+	orf1_relative
GII	MH747480	GII.17	7485	VPg	2508	2916	+	orf1_relative
GII	MH747480	GII.17	7485	3CLpro	2917	3478	+	orf1_relative
GII	MH747480	GII.17	7485	RdRp	4332	5088	+	inferred_from_region_blast
GII	MH747481	GII.17	7488	VP1	5094	6716	+	genbank
GII	MH747481	GII.17	7488	VP2	6716	7488	+	genbank
GII	MH747481	GII.17	7488	ORF1	5	5113	+	genbank
GII	MH747481	GII.17	7488	p48	5	1332	+	orf1_relative
GII	MH747481	GII.17	7488	NTPase	1333	2099	+	orf1_relative
GII	MH747481	GII.17	7488	p22	2100	2507	+	orf1_relative
GII	MH747481	GII.17	7488	VPg	2508	2916	+	orf1_relative
GII	MH747481	GII.17	7488	3CLpro	2917	3478	+	orf1_relative
GII	MH747481	GII.17	7488	RdRp	4332	5088	+	inferred_from_region_blast
GII	MH747482	GII.17	7476	VP1	5094	6716	+	genbank
GII	MH747482	GII.17	7476	VP2	6716	7476	+	genbank
GII	MH747482	GII.17	7476	ORF1	5	5113	+	genbank
GII	MH747482	GII.17	7476	p48	5	1332	+	orf1_relative
GII	MH747482	GII.17	7476	NTPase	1333	2099	+	orf1_relative
GII	MH747482	GII.17	7476	p22	2100	2507	+	orf1_relative
GII	MH747482	GII.17	7476	VPg	2508	2916	+	orf1_relative
GII	MH747482	GII.17	7476	3CLpro	2917	3478	+	orf1_relative
GII	MH747482	GII.17	7476	RdRp	4334	5088	+	inferred_from_region_blast
GII	MH890538	GII.17	7488	VP1	5094	6716	+	genbank
GII	MH890538	GII.17	7488	VP2	6716	7488	+	genbank
GII	MH890538	GII.17	7488	ORF1	5	5113	+	genbank
GII	MH890538	GII.17	7488	p48	5	1332	+	orf1_relative
GII	MH890538	GII.17	7488	NTPase	1333	2099	+	orf1_relative
GII	MH890538	GII.17	7488	p22	2100	2507	+	orf1_relative
GII	MH890538	GII.17	7488	VPg	2508	2916	+	orf1_relative
GII	MH890538	GII.17	7488	3CLpro	2917	3478	+	orf1_relative
GII	MH890538	GII.17	7488	RdRp	4332	5088	+	inferred_from_region_blast
GII	MH890539	GII.17	7476	VP1	5094	6716	+	genbank
GII	MH890539	GII.17	7476	VP2	6716	7476	+	genbank
GII	MH890539	GII.17	7476	ORF1	5	5113	+	genbank
GII	MH890539	GII.17	7476	p48	5	1332	+	orf1_relative
GII	MH890539	GII.17	7476	NTPase	1333	2099	+	orf1_relative
GII	MH890539	GII.17	7476	p22	2100	2507	+	orf1_relative
GII	MH890539	GII.17	7476	VPg	2508	2916	+	orf1_relative
GII	MH890539	GII.17	7476	3CLpro	2917	3478	+	orf1_relative
GII	MH890539	GII.17	7476	RdRp	4334	5088	+	inferred_from_region_blast
GII	MH997861	GII.17	7551	VP1	5076	6698	+	genbank
GII	MH997861	GII.17	7551	VP2	6698	7477	+	genbank
GII	MH997861	GII.17	7551	ORF1	1	5095	+	genbank
GII	MH997861	GII.17	7551	p48	1	1325	+	orf1_relative
GII	MH997861	GII.17	7551	NTPase	1326	2089	+	orf1_relative
GII	MH997861	GII.17	7551	p22	2090	2497	+	orf1_relative
GII	MH997861	GII.17	7551	VPg	2498	2904	+	orf1_relative
GII	MH997861	GII.17	7551	3CLpro	2905	3465	+	orf1_relative
GII	MH997861	GII.17	7551	RdRp	4314	5070	+	inferred_from_region_blast
GII	MK648241	GII.17	7422	VP1	5094	6716	+	genbank
GII	MK648241	GII.17	7422	VP2	6716	7422	+	genbank
GII	MK648241	GII.17	7422	ORF1	5	5113	+	genbank
GII	MK648241	GII.17	7422	p48	5	1332	+	orf1_relative
GII	MK648241	GII.17	7422	NTPase	1333	2099	+	orf1_relative
GII	MK648241	GII.17	7422	p22	2100	2507	+	orf1_relative
GII	MK648241	GII.17	7422	VPg	2508	2916	+	orf1_relative
GII	MK648241	GII.17	7422	3CLpro	2917	3478	+	orf1_relative
GII	MK648241	GII.17	7422	RdRp	4332	5088	+	inferred_from_region_blast
GII	MK648242	GII.17	7420	VP1	5092	6714	+	genbank
GII	MK648242	GII.17	7420	VP2	6714	7420	+	genbank
GII	MK648242	GII.17	7420	ORF1	3	5111	+	genbank
GII	MK648242	GII.17	7420	p48	3	1330	+	orf1_relative
GII	MK648242	GII.17	7420	NTPase	1331	2097	+	orf1_relative
GII	MK648242	GII.17	7420	p22	2098	2505	+	orf1_relative
GII	MK648242	GII.17	7420	VPg	2506	2914	+	orf1_relative
GII	MK648242	GII.17	7420	3CLpro	2915	3476	+	orf1_relative
GII	MK648242	GII.17	7420	RdRp	4330	5086	+	inferred_from_region_blast
GII	MK789431	GII.17	7533	VP1	5078	6700	+	genbank
GII	MK789431	GII.17	7533	VP2	6700	7479	+	genbank
GII	MK789431	GII.17	7533	ORF1	1	5097	+	genbank
GII	MK789431	GII.17	7533	p48	1	1325	+	orf1_relative
GII	MK789431	GII.17	7533	NTPase	1326	2090	+	orf1_relative
GII	MK789431	GII.17	7533	p22	2091	2498	+	orf1_relative
GII	MK789431	GII.17	7533	VPg	2499	2905	+	orf1_relative
GII	MK789431	GII.17	7533	3CLpro	2906	3466	+	orf1_relative
GII	MK789431	GII.17	7533	RdRp	4316	5072	+	inferred_from_region_blast
GII	MK789432	GII.17	7558	VP1	5094	6716	+	genbank
GII	MK789432	GII.17	7558	VP2	6716	7495	+	genbank
GII	MK789432	GII.17	7558	ORF1	5	5113	+	genbank
GII	MK789432	GII.17	7558	p48	5	1332	+	orf1_relative
GII	MK789432	GII.17	7558	NTPase	1333	2099	+	orf1_relative
GII	MK789432	GII.17	7558	p22	2100	2507	+	orf1_relative
GII	MK789432	GII.17	7558	VPg	2508	2916	+	orf1_relative
GII	MK789432	GII.17	7558	3CLpro	2917	3478	+	orf1_relative
GII	MK789432	GII.17	7558	RdRp	4332	5088	+	inferred_from_region_blast
GII	MK907800	GII.17	7528	VP1	5081	6703	+	genbank
GII	MK907800	GII.17	7528	VP2	6703	7482	+	genbank
GII	MK907800	GII.17	7528	ORF1	1	5100	+	genbank
GII	MK907800	GII.17	7528	p48	1	1326	+	orf1_relative
GII	MK907800	GII.17	7528	NTPase	1327	2091	+	orf1_relative
GII	MK907800	GII.17	7528	p22	2092	2499	+	orf1_relative
GII	MK907800	GII.17	7528	VPg	2500	2907	+	orf1_relative
GII	MK907800	GII.17	7528	3CLpro	2908	3468	+	orf1_relative
GII	MK907800	GII.17	7528	RdRp	4319	5075	+	inferred_from_region_blast
GII	MK907801	GII.17	7536	VP1	5089	6711	+	genbank
GII	MK907801	GII.17	7536	VP2	6711	7490	+	genbank
GII	MK907801	GII.17	7536	ORF1	1	5108	+	genbank
GII	MK907801	GII.17	7536	p48	1	1328	+	orf1_relative
GII	MK907801	GII.17	7536	NTPase	1329	2094	+	orf1_relative
GII	MK907801	GII.17	7536	p22	2095	2503	+	orf1_relative
GII	MK907801	GII.17	7536	VPg	2504	2912	+	orf1_relative
GII	MK907801	GII.17	7536	3CLpro	2913	3473	+	orf1_relative
GII	MK907801	GII.17	7536	RdRp	4327	5083	+	inferred_from_region_blast
GII	MN394546	GII.17	7428	VP1	5060	6682	+	genbank
GII	MN394546	GII.17	7428	VP2	6682	7428	+	genbank
GII	MN394546	GII.17	7428	ORF1	1	5079	+	genbank
GII	MN394546	GII.17	7428	p48	1	1321	+	orf1_relative
GII	MN394546	GII.17	7428	NTPase	1322	2082	+	orf1_relative
GII	MN394546	GII.17	7428	p22	2083	2489	+	orf1_relative
GII	MN394546	GII.17	7428	VPg	2490	2895	+	orf1_relative
GII	MN394546	GII.17	7428	3CLpro	2896	3454	+	orf1_relative
GII	MN394546	GII.17	7428	RdRp	4298	5054	+	inferred_from_region_blast
GII	MN853414	GII.17	7556	VP1	5094	6716	+	genbank
GII	MN853414	GII.17	7556	VP2	6716	7495	+	genbank
GII	MN853414	GII.17	7556	ORF1	5	5113	+	genbank
GII	MN853414	GII.17	7556	p48	5	1332	+	orf1_relative
GII	MN853414	GII.17	7556	NTPase	1333	2099	+	orf1_relative
GII	MN853414	GII.17	7556	p22	2100	2507	+	orf1_relative
GII	MN853414	GII.17	7556	VPg	2508	2916	+	orf1_relative
GII	MN853414	GII.17	7556	3CLpro	2917	3478	+	orf1_relative
GII	MN853414	GII.17	7556	RdRp	4332	5088	+	inferred_from_region_blast
GII	MN960578	GII.17	7500	VP1	5080	6702	+	genbank
GII	MN960578	GII.17	7500	VP2	6702	7481	+	genbank
GII	MN960578	GII.17	7500	ORF1	1	5099	+	genbank
GII	MN960578	GII.17	7500	p48	1	1326	+	orf1_relative
GII	MN960578	GII.17	7500	NTPase	1327	2091	+	orf1_relative
GII	MN960578	GII.17	7500	p22	2092	2499	+	orf1_relative
GII	MN960578	GII.17	7500	VPg	2500	2906	+	orf1_relative
GII	MN960578	GII.17	7500	3CLpro	2907	3467	+	orf1_relative
GII	MN960578	GII.17	7500	RdRp	4318	5074	+	inferred_from_region_blast
GII	MN996296	GII.17	7410	VP1	4999	6621	+	genbank
GII	MN996296	GII.17	7410	VP2	6621	7400	+	genbank
GII	MN996296	GII.17	7410	ORF1	1	5018	+	genbank
GII	MN996296	GII.17	7410	p48	1	1305	+	orf1_relative
GII	MN996296	GII.17	7410	NTPase	1306	2057	+	orf1_relative
GII	MN996296	GII.17	7410	p22	2058	2459	+	orf1_relative
GII	MN996296	GII.17	7410	VPg	2460	2860	+	orf1_relative
GII	MN996296	GII.17	7410	3CLpro	2861	3412	+	orf1_relative
GII	MN996296	GII.17	7410	RdRp	4237	4993	+	inferred_from_region_blast
GII	MN996300	GII.17	7395	VP1	4994	6616	+	genbank
GII	MN996300	GII.17	7395	VP2	6616	7395	+	genbank
GII	MN996300	GII.17	7395	ORF1	1	5013	+	genbank
GII	MN996300	GII.17	7395	p48	1	1303	+	orf1_relative
GII	MN996300	GII.17	7395	NTPase	1304	2055	+	orf1_relative
GII	MN996300	GII.17	7395	p22	2056	2456	+	orf1_relative
GII	MN996300	GII.17	7395	VPg	2457	2857	+	orf1_relative
GII	MN996300	GII.17	7395	3CLpro	2858	3409	+	orf1_relative
GII	MN996300	GII.17	7395	RdRp	4232	4988	+	inferred_from_region_blast
GII	MT158860	GII.17	7495	VP1	5090	6712	+	genbank
GII	MT158860	GII.17	7495	VP2	6712	7491	+	genbank
GII	MT158860	GII.17	7495	ORF1	1	5109	+	genbank
GII	MT158860	GII.17	7495	p48	1	1328	+	orf1_relative
GII	MT158860	GII.17	7495	NTPase	1329	2095	+	orf1_relative
GII	MT158860	GII.17	7495	p22	2096	2503	+	orf1_relative
GII	MT158860	GII.17	7495	VPg	2504	2912	+	orf1_relative
GII	MT158860	GII.17	7495	3CLpro	2913	3474	+	orf1_relative
GII	MT158860	GII.17	7495	RdRp	4328	5084	+	inferred_from_region_blast
GII	MT158861	GII.17	7495	VP1	5090	6712	+	genbank
GII	MT158861	GII.17	7495	VP2	6712	7491	+	genbank
GII	MT158861	GII.17	7495	ORF1	1	5109	+	genbank
GII	MT158861	GII.17	7495	p48	1	1328	+	orf1_relative
GII	MT158861	GII.17	7495	NTPase	1329	2095	+	orf1_relative
GII	MT158861	GII.17	7495	p22	2096	2503	+	orf1_relative
GII	MT158861	GII.17	7495	VPg	2504	2912	+	orf1_relative
GII	MT158861	GII.17	7495	3CLpro	2913	3474	+	orf1_relative
GII	MT158861	GII.17	7495	RdRp	4328	5084	+	inferred_from_region_blast
GII	MT238663	GII.17	7543	VP1	5080	6702	+	genbank
GII	MT238663	GII.17	7543	VP2	6702	7481	+	genbank
GII	MT238663	GII.17	7543	ORF1	1	5099	+	genbank
GII	MT238663	GII.17	7543	p48	1	1326	+	orf1_relative
GII	MT238663	GII.17	7543	NTPase	1327	2091	+	orf1_relative
GII	MT238663	GII.17	7543	p22	2092	2499	+	orf1_relative
GII	MT238663	GII.17	7543	VPg	2500	2906	+	orf1_relative
GII	MT238663	GII.17	7543	3CLpro	2907	3467	+	orf1_relative
GII	MT238663	GII.17	7543	RdRp	4318	5074	+	inferred_from_region_blast
GII	MT238664	GII.17	7548	VP1	5081	6703	+	genbank
GII	MT238664	GII.17	7548	VP2	6703	7482	+	genbank
GII	MT238664	GII.17	7548	ORF1	1	5100	+	genbank
GII	MT238664	GII.17	7548	p48	1	1326	+	orf1_relative
GII	MT238664	GII.17	7548	NTPase	1327	2091	+	orf1_relative
GII	MT238664	GII.17	7548	p22	2092	2499	+	orf1_relative
GII	MT238664	GII.17	7548	VPg	2500	2907	+	orf1_relative
GII	MT238664	GII.17	7548	3CLpro	2908	3468	+	orf1_relative
GII	MT238664	GII.17	7548	RdRp	4319	5075	+	inferred_from_region_blast
GII	MT238669	GII.17	7489	VP1	5072	6694	+	genbank
GII	MT238669	GII.17	7489	VP2	6694	7473	+	genbank
GII	MT238669	GII.17	7489	ORF1	1	5091	+	genbank
GII	MT238669	GII.17	7489	p48	1	1324	+	orf1_relative
GII	MT238669	GII.17	7489	NTPase	1325	2087	+	orf1_relative
GII	MT238669	GII.17	7489	p22	2088	2495	+	orf1_relative
GII	MT238669	GII.17	7489	VPg	2496	2902	+	orf1_relative
GII	MT238669	GII.17	7489	3CLpro	2903	3462	+	orf1_relative
GII	MT238669	GII.17	7489	RdRp	4310	5066	+	inferred_from_region_blast
GII	MT344181	GII.17	7562	VP1	5084	6706	+	genbank
GII	MT344181	GII.17	7562	VP2	6706	7485	+	genbank
GII	MT344181	GII.17	7562	ORF1	1	5103	+	genbank
GII	MT344181	GII.17	7562	p48	1	1327	+	orf1_relative
GII	MT344181	GII.17	7562	NTPase	1328	2092	+	orf1_relative
GII	MT344181	GII.17	7562	p22	2093	2500	+	orf1_relative
GII	MT344181	GII.17	7562	VPg	2501	2909	+	orf1_relative
GII	MT344181	GII.17	7562	3CLpro	2910	3470	+	orf1_relative
GII	MT344181	GII.17	7562	RdRp	4322	5078	+	inferred_from_region_blast
GII	MT344182	GII.17	7568	VP1	5085	6707	+	genbank
GII	MT344182	GII.17	7568	VP2	6707	7486	+	genbank
GII	MT344182	GII.17	7568	ORF1	1	5104	+	genbank
GII	MT344182	GII.17	7568	p48	1	1327	+	orf1_relative
GII	MT344182	GII.17	7568	NTPase	1328	2093	+	orf1_relative
GII	MT344182	GII.17	7568	p22	2094	2501	+	orf1_relative
GII	MT344182	GII.17	7568	VPg	2502	2909	+	orf1_relative
GII	MT344182	GII.17	7568	3CLpro	2910	3471	+	orf1_relative
GII	MT344182	GII.17	7568	RdRp	4323	5079	+	inferred_from_region_blast
GII	MT729791	GII.17	7561	VP1	5094	6716	+	genbank
GII	MT729791	GII.17	7561	VP2	6716	7495	+	genbank
GII	MT729791	GII.17	7561	ORF1	5	5113	+	genbank
GII	MT729791	GII.17	7561	p48	5	1332	+	orf1_relative
GII	MT729791	GII.17	7561	NTPase	1333	2099	+	orf1_relative
GII	MT729791	GII.17	7561	p22	2100	2507	+	orf1_relative
GII	MT729791	GII.17	7561	VPg	2508	2916	+	orf1_relative
GII	MT729791	GII.17	7561	3CLpro	2917	3478	+	orf1_relative
GII	MT729791	GII.17	7561	RdRp	4332	5088	+	inferred_from_region_blast
GII	MW045405	GII.17	7020	VP1	5078	6700	+	genbank
GII	MW045405	GII.17	7020	VP2	6700	7020	+	genbank
GII	MW045405	GII.17	7020	ORF1	1	5097	+	genbank
GII	MW045405	GII.17	7020	p48	1	1325	+	orf1_relative
GII	MW045405	GII.17	7020	NTPase	1326	2090	+	orf1_relative
GII	MW045405	GII.17	7020	p22	2091	2498	+	orf1_relative
GII	MW045405	GII.17	7020	VPg	2499	2905	+	orf1_relative
GII	MW045405	GII.17	7020	3CLpro	2906	3466	+	orf1_relative
GII	MW045405	GII.17	7020	RdRp	4316	5072	+	inferred_from_region_blast
GII	MW305582	GII.17	7446	VP1	5021	6634	+	genbank
GII	MW305582	GII.17	7446	VP2	6634	7404	+	genbank
GII	MW305582	GII.17	7446	ORF1	1	5040	+	genbank
GII	MW305582	GII.17	7446	p48	1	1310	+	orf1_relative
GII	MW305582	GII.17	7446	NTPase	1311	2066	+	orf1_relative
GII	MW305582	GII.17	7446	p22	2067	2470	+	orf1_relative
GII	MW305582	GII.17	7446	VPg	2471	2873	+	orf1_relative
GII	MW305582	GII.17	7446	3CLpro	2874	3427	+	orf1_relative
GII	MW305582	GII.17	7446	RdRp	4259	5015	+	inferred_from_region_blast
GII	MZ291623	GII.17	7495	VP1	5094	6716	+	genbank
GII	MZ291623	GII.17	7495	VP2	6716	7495	+	genbank
GII	MZ291623	GII.17	7495	ORF1	5	5113	+	genbank
GII	MZ291623	GII.17	7495	p48	5	1332	+	orf1_relative
GII	MZ291623	GII.17	7495	NTPase	1333	2099	+	orf1_relative
GII	MZ291623	GII.17	7495	p22	2100	2507	+	orf1_relative
GII	MZ291623	GII.17	7495	VPg	2508	2916	+	orf1_relative
GII	MZ291623	GII.17	7495	3CLpro	2917	3478	+	orf1_relative
GII	MZ291623	GII.17	7495	RdRp	4332	5088	+	inferred_from_region_blast
GII	MZ291631	GII.17	7556	VP1	5094	6716	+	genbank
GII	MZ291631	GII.17	7556	VP2	6716	7495	+	genbank
GII	MZ291631	GII.17	7556	ORF1	5	5113	+	genbank
GII	MZ291631	GII.17	7556	p48	5	1332	+	orf1_relative
GII	MZ291631	GII.17	7556	NTPase	1333	2099	+	orf1_relative
GII	MZ291631	GII.17	7556	p22	2100	2507	+	orf1_relative
GII	MZ291631	GII.17	7556	VPg	2508	2916	+	orf1_relative
GII	MZ291631	GII.17	7556	3CLpro	2917	3478	+	orf1_relative
GII	MZ291631	GII.17	7556	RdRp	4332	5088	+	inferred_from_region_blast
GII	MZ291632	GII.17	7552	VP1	5090	6712	+	genbank
GII	MZ291632	GII.17	7552	VP2	6712	7491	+	genbank
GII	MZ291632	GII.17	7552	ORF1	1	5109	+	genbank
GII	MZ291632	GII.17	7552	p48	1	1328	+	orf1_relative
GII	MZ291632	GII.17	7552	NTPase	1329	2095	+	orf1_relative
GII	MZ291632	GII.17	7552	p22	2096	2503	+	orf1_relative
GII	MZ291632	GII.17	7552	VPg	2504	2912	+	orf1_relative
GII	MZ291632	GII.17	7552	3CLpro	2913	3474	+	orf1_relative
GII	MZ291632	GII.17	7552	RdRp	4328	5084	+	inferred_from_region_blast
GII	MZ478134	GII.17	7441	VP1	5051	6673	+	genbank
GII	MZ478134	GII.17	7441	VP2	6673	7441	+	genbank
GII	MZ478134	GII.17	7441	ORF1	1	5070	+	genbank
GII	MZ478134	GII.17	7441	p48	1	1318	+	orf1_relative
GII	MZ478134	GII.17	7441	NTPase	1319	2079	+	orf1_relative
GII	MZ478134	GII.17	7441	p22	2080	2484	+	orf1_relative
GII	MZ478134	GII.17	7441	VPg	2485	2890	+	orf1_relative
GII	MZ478134	GII.17	7441	3CLpro	2891	3448	+	orf1_relative
GII	MZ478134	GII.17	7441	RdRp	4289	5045	+	inferred_from_region_blast
GII	OP205533	GII.17	7490	VP1	5089	6711	+	genbank
GII	OP205533	GII.17	7490	VP2	6711	7490	+	genbank
GII	OP205533	GII.17	7490	ORF1	1	5108	+	genbank
GII	OP205533	GII.17	7490	p48	1	1328	+	orf1_relative
GII	OP205533	GII.17	7490	NTPase	1329	2094	+	orf1_relative
GII	OP205533	GII.17	7490	p22	2095	2503	+	orf1_relative
GII	OP205533	GII.17	7490	VPg	2504	2912	+	orf1_relative
GII	OP205533	GII.17	7490	3CLpro	2913	3473	+	orf1_relative
GII	OP205533	GII.17	7490	RdRp	4327	5083	+	inferred_from_region_blast
GII	OP205534	GII.17	7490	VP1	5089	6711	+	genbank
GII	OP205534	GII.17	7490	VP2	6711	7490	+	genbank
GII	OP205534	GII.17	7490	ORF1	1	5108	+	genbank
GII	OP205534	GII.17	7490	p48	1	1328	+	orf1_relative
GII	OP205534	GII.17	7490	NTPase	1329	2094	+	orf1_relative
GII	OP205534	GII.17	7490	p22	2095	2503	+	orf1_relative
GII	OP205534	GII.17	7490	VPg	2504	2912	+	orf1_relative
GII	OP205534	GII.17	7490	3CLpro	2913	3473	+	orf1_relative
GII	OP205534	GII.17	7490	RdRp	4327	5083	+	inferred_from_region_blast
GII	OP205535	GII.17	7490	VP1	5089	6711	+	genbank
GII	OP205535	GII.17	7490	VP2	6711	7490	+	genbank
GII	OP205535	GII.17	7490	ORF1	1	5108	+	genbank
GII	OP205535	GII.17	7490	p48	1	1328	+	orf1_relative
GII	OP205535	GII.17	7490	NTPase	1329	2094	+	orf1_relative
GII	OP205535	GII.17	7490	p22	2095	2503	+	orf1_relative
GII	OP205535	GII.17	7490	VPg	2504	2912	+	orf1_relative
GII	OP205535	GII.17	7490	3CLpro	2913	3473	+	orf1_relative
GII	OP205535	GII.17	7490	RdRp	4327	5083	+	inferred_from_region_blast
GII	OP205536	GII.17	7490	VP1	5089	6711	+	genbank
GII	OP205536	GII.17	7490	VP2	6711	7490	+	genbank
GII	OP205536	GII.17	7490	ORF1	1	5108	+	genbank
GII	OP205536	GII.17	7490	p48	1	1328	+	orf1_relative
GII	OP205536	GII.17	7490	NTPase	1329	2094	+	orf1_relative
GII	OP205536	GII.17	7490	p22	2095	2503	+	orf1_relative
GII	OP205536	GII.17	7490	VPg	2504	2912	+	orf1_relative
GII	OP205536	GII.17	7490	3CLpro	2913	3473	+	orf1_relative
GII	OP205536	GII.17	7490	RdRp	4327	5083	+	inferred_from_region_blast
GII	OP205537	GII.17	7490	VP1	5089	6711	+	genbank
GII	OP205537	GII.17	7490	VP2	6711	7490	+	genbank
GII	OP205537	GII.17	7490	ORF1	1	5108	+	genbank
GII	OP205537	GII.17	7490	p48	1	1328	+	orf1_relative
GII	OP205537	GII.17	7490	NTPase	1329	2094	+	orf1_relative
GII	OP205537	GII.17	7490	p22	2095	2503	+	orf1_relative
GII	OP205537	GII.17	7490	VPg	2504	2912	+	orf1_relative
GII	OP205537	GII.17	7490	3CLpro	2913	3473	+	orf1_relative
GII	OP205537	GII.17	7490	RdRp	4327	5083	+	inferred_from_region_blast
GII	OP689689	GII.17	7565	VP1	5094	6710	+	genbank
GII	OP689689	GII.17	7565	VP2	6710	7489	+	genbank
GII	OP689689	GII.17	7565	ORF1	5	5113	+	genbank
GII	OP689689	GII.17	7565	p48	5	1332	+	orf1_relative
GII	OP689689	GII.17	7565	NTPase	1333	2099	+	orf1_relative
GII	OP689689	GII.17	7565	p22	2100	2507	+	orf1_relative
GII	OP689689	GII.17	7565	VPg	2508	2916	+	orf1_relative
GII	OP689689	GII.17	7565	3CLpro	2917	3478	+	orf1_relative
GII	OP689689	GII.17	7565	RdRp	4332	5088	+	inferred_from_region_blast
GII	OP712199	GII.17	7581	VP1	5094	6710	+	genbank
GII	OP712199	GII.17	7581	VP2	6710	7489	+	genbank
GII	OP712199	GII.17	7581	ORF1	5	5113	+	genbank
GII	OP712199	GII.17	7581	p48	5	1332	+	orf1_relative
GII	OP712199	GII.17	7581	NTPase	1333	2099	+	orf1_relative
GII	OP712199	GII.17	7581	p22	2100	2507	+	orf1_relative
GII	OP712199	GII.17	7581	VPg	2508	2916	+	orf1_relative
GII	OP712199	GII.17	7581	3CLpro	2917	3478	+	orf1_relative
GII	OP712199	GII.17	7581	RdRp	4332	5088	+	inferred_from_region_blast
GII	OP805360	GII.17	7497	VP1	5094	6716	+	genbank
GII	OP805360	GII.17	7497	VP2	6716	7495	+	genbank
GII	OP805360	GII.17	7497	ORF1	5	5113	+	genbank
GII	OP805360	GII.17	7497	p48	5	1332	+	orf1_relative
GII	OP805360	GII.17	7497	NTPase	1333	2099	+	orf1_relative
GII	OP805360	GII.17	7497	p22	2100	2507	+	orf1_relative
GII	OP805360	GII.17	7497	VPg	2508	2916	+	orf1_relative
GII	OP805360	GII.17	7497	3CLpro	2917	3478	+	orf1_relative
GII	OP805360	GII.17	7497	RdRp	4332	5088	+	inferred_from_region_blast
GII	OP805361	GII.17	7497	VP1	5094	6716	+	genbank
GII	OP805361	GII.17	7497	VP2	6716	7495	+	genbank
GII	OP805361	GII.17	7497	ORF1	5	5113	+	genbank
GII	OP805361	GII.17	7497	p48	5	1332	+	orf1_relative
GII	OP805361	GII.17	7497	NTPase	1333	2099	+	orf1_relative
GII	OP805361	GII.17	7497	p22	2100	2507	+	orf1_relative
GII	OP805361	GII.17	7497	VPg	2508	2916	+	orf1_relative
GII	OP805361	GII.17	7497	3CLpro	2917	3478	+	orf1_relative
GII	OP805361	GII.17	7497	RdRp	4332	5088	+	inferred_from_region_blast
GII	OP805362	GII.17	7451	VP1	5072	6688	+	genbank
GII	OP805362	GII.17	7451	VP2	6688	7451	+	genbank
GII	OP805362	GII.17	7451	ORF1	1	5091	+	genbank
GII	OP805362	GII.17	7451	p48	1	1324	+	orf1_relative
GII	OP805362	GII.17	7451	NTPase	1325	2087	+	orf1_relative
GII	OP805362	GII.17	7451	p22	2088	2495	+	orf1_relative
GII	OP805362	GII.17	7451	VPg	2496	2902	+	orf1_relative
GII	OP805362	GII.17	7451	3CLpro	2903	3462	+	orf1_relative
GII	OP805362	GII.17	7451	RdRp	4310	5066	+	inferred_from_region_blast
GII	OP805363	GII.17	7451	VP1	5072	6688	+	genbank
GII	OP805363	GII.17	7451	VP2	6688	7451	+	genbank
GII	OP805363	GII.17	7451	ORF1	1	5091	+	genbank
GII	OP805363	GII.17	7451	p48	1	1324	+	orf1_relative
GII	OP805363	GII.17	7451	NTPase	1325	2087	+	orf1_relative
GII	OP805363	GII.17	7451	p22	2088	2495	+	orf1_relative
GII	OP805363	GII.17	7451	VPg	2496	2902	+	orf1_relative
GII	OP805363	GII.17	7451	3CLpro	2903	3462	+	orf1_relative
GII	OP805363	GII.17	7451	RdRp	4310	5066	+	inferred_from_region_blast
GII	OP805364	GII.17	7451	VP1	5072	6688	+	genbank
GII	OP805364	GII.17	7451	VP2	6688	7451	+	genbank
GII	OP805364	GII.17	7451	ORF1	1	5091	+	genbank
GII	OP805364	GII.17	7451	p48	1	1324	+	orf1_relative
GII	OP805364	GII.17	7451	NTPase	1325	2087	+	orf1_relative
GII	OP805364	GII.17	7451	p22	2088	2495	+	orf1_relative
GII	OP805364	GII.17	7451	VPg	2496	2902	+	orf1_relative
GII	OP805364	GII.17	7451	3CLpro	2903	3462	+	orf1_relative
GII	OP805364	GII.17	7451	RdRp	4310	5066	+	inferred_from_region_blast
GII	OR062612	GII.17	7561	VP1	5094	6716	+	genbank
GII	OR062612	GII.17	7561	VP2	6716	7495	+	genbank
GII	OR062612	GII.17	7561	ORF1	5	5113	+	genbank
GII	OR062612	GII.17	7561	p48	5	1332	+	orf1_relative
GII	OR062612	GII.17	7561	NTPase	1333	2099	+	orf1_relative
GII	OR062612	GII.17	7561	p22	2100	2507	+	orf1_relative
GII	OR062612	GII.17	7561	VPg	2508	2916	+	orf1_relative
GII	OR062612	GII.17	7561	3CLpro	2917	3478	+	orf1_relative
GII	OR062612	GII.17	7561	RdRp	4332	5088	+	inferred_from_region_blast
GII	OR685283	GII.17	7494	VP1	5090	6715	+	genbank
GII	OR685283	GII.17	7494	VP2	6715	7494	+	genbank
GII	OR685283	GII.17	7494	ORF1	1	5109	+	genbank
GII	OR685283	GII.17	7494	p48	1	1328	+	orf1_relative
GII	OR685283	GII.17	7494	NTPase	1329	2095	+	orf1_relative
GII	OR685283	GII.17	7494	p22	2096	2503	+	orf1_relative
GII	OR685283	GII.17	7494	VPg	2504	2912	+	orf1_relative
GII	OR685283	GII.17	7494	3CLpro	2913	3474	+	orf1_relative
GII	OR685283	GII.17	7494	RdRp	4328	5084	+	inferred_from_region_blast
GII	OR687156	GII.17	7476	VP1	5075	6697	+	genbank
GII	OR687156	GII.17	7476	VP2	6697	7476	+	genbank
GII	OR687156	GII.17	7476	ORF1	1	5094	+	genbank
GII	OR687156	GII.17	7476	p48	1	1324	+	orf1_relative
GII	OR687156	GII.17	7476	NTPase	1325	2089	+	orf1_relative
GII	OR687156	GII.17	7476	p22	2090	2496	+	orf1_relative
GII	OR687156	GII.17	7476	VPg	2497	2904	+	orf1_relative
GII	OR687156	GII.17	7476	3CLpro	2905	3464	+	orf1_relative
GII	OR687156	GII.17	7476	RdRp	4313	5069	+	inferred_from_region_blast
GII	PP267276	GII.17	7505	VP1	5085	6707	+	genbank
GII	PP267276	GII.17	7505	VP2	6707	7486	+	genbank
GII	PP267276	GII.17	7505	ORF1	1	5104	+	genbank
GII	PP267276	GII.17	7505	p48	1	1327	+	orf1_relative
GII	PP267276	GII.17	7505	NTPase	1328	2093	+	orf1_relative
GII	PP267276	GII.17	7505	p22	2094	2501	+	orf1_relative
GII	PP267276	GII.17	7505	VPg	2502	2909	+	orf1_relative
GII	PP267276	GII.17	7505	3CLpro	2910	3471	+	orf1_relative
GII	PP267276	GII.17	7505	RdRp	4323	5079	+	inferred_from_region_blast
GII	PP267277	GII.17	7504	VP1	5085	6707	+	genbank
GII	PP267277	GII.17	7504	VP2	6707	7486	+	genbank
GII	PP267277	GII.17	7504	ORF1	1	5104	+	genbank
GII	PP267277	GII.17	7504	p48	1	1327	+	orf1_relative
GII	PP267277	GII.17	7504	NTPase	1328	2093	+	orf1_relative
GII	PP267277	GII.17	7504	p22	2094	2501	+	orf1_relative
GII	PP267277	GII.17	7504	VPg	2502	2909	+	orf1_relative
GII	PP267277	GII.17	7504	3CLpro	2910	3471	+	orf1_relative
GII	PP267277	GII.17	7504	RdRp	4323	5079	+	inferred_from_region_blast
GII	PP267278	GII.17	7493	VP1	5084	6706	+	genbank
GII	PP267278	GII.17	7493	VP2	6706	7485	+	genbank
GII	PP267278	GII.17	7493	ORF1	1	5103	+	genbank
GII	PP267278	GII.17	7493	p48	1	1327	+	orf1_relative
GII	PP267278	GII.17	7493	NTPase	1328	2092	+	orf1_relative
GII	PP267278	GII.17	7493	p22	2093	2500	+	orf1_relative
GII	PP267278	GII.17	7493	VPg	2501	2909	+	orf1_relative
GII	PP267278	GII.17	7493	3CLpro	2910	3470	+	orf1_relative
GII	PP267278	GII.17	7493	RdRp	4322	5078	+	inferred_from_region_blast
GII	PP267279	GII.17	7504	VP1	5094	6716	+	genbank
GII	PP267279	GII.17	7504	VP2	6716	7495	+	genbank
GII	PP267279	GII.17	7504	ORF1	5	5113	+	genbank
GII	PP267279	GII.17	7504	p48	5	1332	+	orf1_relative
GII	PP267279	GII.17	7504	NTPase	1333	2099	+	orf1_relative
GII	PP267279	GII.17	7504	p22	2100	2507	+	orf1_relative
GII	PP267279	GII.17	7504	VPg	2508	2916	+	orf1_relative
GII	PP267279	GII.17	7504	3CLpro	2917	3478	+	orf1_relative
GII	PP267279	GII.17	7504	RdRp	4332	5088	+	inferred_from_region_blast
GII	PP267280	GII.17	7491	VP1	5082	6704	+	genbank
GII	PP267280	GII.17	7491	VP2	6704	7483	+	genbank
GII	PP267280	GII.17	7491	ORF1	1	5101	+	genbank
GII	PP267280	GII.17	7491	p48	1	1326	+	orf1_relative
GII	PP267280	GII.17	7491	NTPase	1327	2091	+	orf1_relative
GII	PP267280	GII.17	7491	p22	2092	2499	+	orf1_relative
GII	PP267280	GII.17	7491	VPg	2500	2908	+	orf1_relative
GII	PP267280	GII.17	7491	3CLpro	2909	3469	+	orf1_relative
GII	PP267280	GII.17	7491	RdRp	4320	5076	+	inferred_from_region_blast
GII	PP267281	GII.17	7491	VP1	5082	6704	+	genbank
GII	PP267281	GII.17	7491	VP2	6704	7483	+	genbank
GII	PP267281	GII.17	7491	ORF1	1	5101	+	genbank
GII	PP267281	GII.17	7491	p48	1	1326	+	orf1_relative
GII	PP267281	GII.17	7491	NTPase	1327	2091	+	orf1_relative
GII	PP267281	GII.17	7491	p22	2092	2499	+	orf1_relative
GII	PP267281	GII.17	7491	VPg	2500	2908	+	orf1_relative
GII	PP267281	GII.17	7491	3CLpro	2909	3469	+	orf1_relative
GII	PP267281	GII.17	7491	RdRp	4320	5076	+	inferred_from_region_blast
GII	PP267282	GII.17	7488	VP1	5079	6701	+	genbank
GII	PP267282	GII.17	7488	VP2	6701	7480	+	genbank
GII	PP267282	GII.17	7488	ORF1	1	5098	+	genbank
GII	PP267282	GII.17	7488	p48	1	1325	+	orf1_relative
GII	PP267282	GII.17	7488	NTPase	1326	2090	+	orf1_relative
GII	PP267282	GII.17	7488	p22	2091	2498	+	orf1_relative
GII	PP267282	GII.17	7488	VPg	2499	2906	+	orf1_relative
GII	PP267282	GII.17	7488	3CLpro	2907	3467	+	orf1_relative
GII	PP267282	GII.17	7488	RdRp	4317	5073	+	inferred_from_region_blast
GII	PP267283	GII.17	7490	VP1	5082	6704	+	genbank
GII	PP267283	GII.17	7490	VP2	6704	7483	+	genbank
GII	PP267283	GII.17	7490	ORF1	1	5101	+	genbank
GII	PP267283	GII.17	7490	p48	1	1326	+	orf1_relative
GII	PP267283	GII.17	7490	NTPase	1327	2091	+	orf1_relative
GII	PP267283	GII.17	7490	p22	2092	2499	+	orf1_relative
GII	PP267283	GII.17	7490	VPg	2500	2908	+	orf1_relative
GII	PP267283	GII.17	7490	3CLpro	2909	3469	+	orf1_relative
GII	PP267283	GII.17	7490	RdRp	4320	5076	+	inferred_from_region_blast
GII	PP267284	GII.17	7503	VP1	5094	6716	+	genbank
GII	PP267284	GII.17	7503	VP2	6716	7495	+	genbank
GII	PP267284	GII.17	7503	ORF1	5	5113	+	genbank
GII	PP267284	GII.17	7503	p48	5	1332	+	orf1_relative
GII	PP267284	GII.17	7503	NTPase	1333	2099	+	orf1_relative
GII	PP267284	GII.17	7503	p22	2100	2507	+	orf1_relative
GII	PP267284	GII.17	7503	VPg	2508	2916	+	orf1_relative
GII	PP267284	GII.17	7503	3CLpro	2917	3478	+	orf1_relative
GII	PP267284	GII.17	7503	RdRp	4332	5088	+	inferred_from_region_blast
GII	PP267285	GII.17	7503	VP1	5094	6716	+	genbank
GII	PP267285	GII.17	7503	VP2	6716	7495	+	genbank
GII	PP267285	GII.17	7503	ORF1	5	5113	+	genbank
GII	PP267285	GII.17	7503	p48	5	1332	+	orf1_relative
GII	PP267285	GII.17	7503	NTPase	1333	2099	+	orf1_relative
GII	PP267285	GII.17	7503	p22	2100	2507	+	orf1_relative
GII	PP267285	GII.17	7503	VPg	2508	2916	+	orf1_relative
GII	PP267285	GII.17	7503	3CLpro	2917	3478	+	orf1_relative
GII	PP267285	GII.17	7503	RdRp	4332	5088	+	inferred_from_region_blast
GII	PP267286	GII.17	7489	VP1	5081	6703	+	genbank
GII	PP267286	GII.17	7489	VP2	6703	7482	+	genbank
GII	PP267286	GII.17	7489	ORF1	1	5100	+	genbank
GII	PP267286	GII.17	7489	p48	1	1326	+	orf1_relative
GII	PP267286	GII.17	7489	NTPase	1327	2091	+	orf1_relative
GII	PP267286	GII.17	7489	p22	2092	2499	+	orf1_relative
GII	PP267286	GII.17	7489	VPg	2500	2907	+	orf1_relative
GII	PP267286	GII.17	7489	3CLpro	2908	3468	+	orf1_relative
GII	PP267286	GII.17	7489	RdRp	4319	5075	+	inferred_from_region_blast
GII	PP267287	GII.17	7488	VP1	5079	6701	+	genbank
GII	PP267287	GII.17	7488	VP2	6701	7480	+	genbank
GII	PP267287	GII.17	7488	ORF1	1	5098	+	genbank
GII	PP267287	GII.17	7488	p48	1	1325	+	orf1_relative
GII	PP267287	GII.17	7488	NTPase	1326	2090	+	orf1_relative
GII	PP267287	GII.17	7488	p22	2091	2498	+	orf1_relative
GII	PP267287	GII.17	7488	VPg	2499	2906	+	orf1_relative
GII	PP267287	GII.17	7488	3CLpro	2907	3467	+	orf1_relative
GII	PP267287	GII.17	7488	RdRp	4317	5073	+	inferred_from_region_blast
GII	PP267288	GII.17	7494	VP1	5085	6707	+	genbank
GII	PP267288	GII.17	7494	VP2	6707	7486	+	genbank
GII	PP267288	GII.17	7494	ORF1	1	5104	+	genbank
GII	PP267288	GII.17	7494	p48	1	1327	+	orf1_relative
GII	PP267288	GII.17	7494	NTPase	1328	2093	+	orf1_relative
GII	PP267288	GII.17	7494	p22	2094	2501	+	orf1_relative
GII	PP267288	GII.17	7494	VPg	2502	2909	+	orf1_relative
GII	PP267288	GII.17	7494	3CLpro	2910	3471	+	orf1_relative
GII	PP267288	GII.17	7494	RdRp	4323	5079	+	inferred_from_region_blast
GII	PP267289	GII.17	7490	VP1	5081	6703	+	genbank
GII	PP267289	GII.17	7490	VP2	6703	7482	+	genbank
GII	PP267289	GII.17	7490	ORF1	1	5100	+	genbank
GII	PP267289	GII.17	7490	p48	1	1326	+	orf1_relative
GII	PP267289	GII.17	7490	NTPase	1327	2091	+	orf1_relative
GII	PP267289	GII.17	7490	p22	2092	2499	+	orf1_relative
GII	PP267289	GII.17	7490	VPg	2500	2907	+	orf1_relative
GII	PP267289	GII.17	7490	3CLpro	2908	3468	+	orf1_relative
GII	PP267289	GII.17	7490	RdRp	4319	5075	+	inferred_from_region_blast
GII	PP267290	GII.17	7488	VP1	5080	6702	+	genbank
GII	PP267290	GII.17	7488	VP2	6702	7481	+	genbank
GII	PP267290	GII.17	7488	ORF1	1	5099	+	genbank
GII	PP267290	GII.17	7488	p48	1	1326	+	orf1_relative
GII	PP267290	GII.17	7488	NTPase	1327	2091	+	orf1_relative
GII	PP267290	GII.17	7488	p22	2092	2499	+	orf1_relative
GII	PP267290	GII.17	7488	VPg	2500	2906	+	orf1_relative
GII	PP267290	GII.17	7488	3CLpro	2907	3467	+	orf1_relative
GII	PP267290	GII.17	7488	RdRp	4318	5074	+	inferred_from_region_blast
GII	PP267291	GII.17	7488	VP1	5080	6702	+	genbank
GII	PP267291	GII.17	7488	VP2	6702	7481	+	genbank
GII	PP267291	GII.17	7488	ORF1	1	5099	+	genbank
GII	PP267291	GII.17	7488	p48	1	1326	+	orf1_relative
GII	PP267291	GII.17	7488	NTPase	1327	2091	+	orf1_relative
GII	PP267291	GII.17	7488	p22	2092	2499	+	orf1_relative
GII	PP267291	GII.17	7488	VPg	2500	2906	+	orf1_relative
GII	PP267291	GII.17	7488	3CLpro	2907	3467	+	orf1_relative
GII	PP267291	GII.17	7488	RdRp	4318	5074	+	inferred_from_region_blast
GII	PP267292	GII.17	7490	VP1	5081	6703	+	genbank
GII	PP267292	GII.17	7490	VP2	6703	7482	+	genbank
GII	PP267292	GII.17	7490	ORF1	1	5100	+	genbank
GII	PP267292	GII.17	7490	p48	1	1326	+	orf1_relative
GII	PP267292	GII.17	7490	NTPase	1327	2091	+	orf1_relative
GII	PP267292	GII.17	7490	p22	2092	2499	+	orf1_relative
GII	PP267292	GII.17	7490	VPg	2500	2907	+	orf1_relative
GII	PP267292	GII.17	7490	3CLpro	2908	3468	+	orf1_relative
GII	PP267292	GII.17	7490	RdRp	4319	5075	+	inferred_from_region_blast
GII	PP267293	GII.17	7491	VP1	5082	6704	+	genbank
GII	PP267293	GII.17	7491	VP2	6704	7483	+	genbank
GII	PP267293	GII.17	7491	ORF1	1	5101	+	genbank
GII	PP267293	GII.17	7491	p48	1	1326	+	orf1_relative
GII	PP267293	GII.17	7491	NTPase	1327	2091	+	orf1_relative
GII	PP267293	GII.17	7491	p22	2092	2499	+	orf1_relative
GII	PP267293	GII.17	7491	VPg	2500	2908	+	orf1_relative
GII	PP267293	GII.17	7491	3CLpro	2909	3469	+	orf1_relative
GII	PP267293	GII.17	7491	RdRp	4320	5076	+	inferred_from_region_blast
GII	PP267294	GII.17	7489	VP1	5080	6702	+	genbank
GII	PP267294	GII.17	7489	VP2	6702	7481	+	genbank
GII	PP267294	GII.17	7489	ORF1	1	5099	+	genbank
GII	PP267294	GII.17	7489	p48	1	1326	+	orf1_relative
GII	PP267294	GII.17	7489	NTPase	1327	2091	+	orf1_relative
GII	PP267294	GII.17	7489	p22	2092	2499	+	orf1_relative
GII	PP267294	GII.17	7489	VPg	2500	2906	+	orf1_relative
GII	PP267294	GII.17	7489	3CLpro	2907	3467	+	orf1_relative
GII	PP267294	GII.17	7489	RdRp	4318	5074	+	inferred_from_region_blast
GII	PP267295	GII.17	7491	VP1	5082	6704	+	genbank
GII	PP267295	GII.17	7491	VP2	6704	7483	+	genbank
GII	PP267295	GII.17	7491	ORF1	1	5101	+	genbank
GII	PP267295	GII.17	7491	p48	1	1326	+	orf1_relative
GII	PP267295	GII.17	7491	NTPase	1327	2091	+	orf1_relative
GII	PP267295	GII.17	7491	p22	2092	2499	+	orf1_relative
GII	PP267295	GII.17	7491	VPg	2500	2908	+	orf1_relative
GII	PP267295	GII.17	7491	3CLpro	2909	3469	+	orf1_relative
GII	PP267295	GII.17	7491	RdRp	4320	5076	+	inferred_from_region_blast
GII	PP267296	GII.17	7489	VP1	5080	6702	+	genbank
GII	PP267296	GII.17	7489	VP2	6702	7481	+	genbank
GII	PP267296	GII.17	7489	ORF1	1	5099	+	genbank
GII	PP267296	GII.17	7489	p48	1	1326	+	orf1_relative
GII	PP267296	GII.17	7489	NTPase	1327	2091	+	orf1_relative
GII	PP267296	GII.17	7489	p22	2092	2499	+	orf1_relative
GII	PP267296	GII.17	7489	VPg	2500	2906	+	orf1_relative
GII	PP267296	GII.17	7489	3CLpro	2907	3467	+	orf1_relative
GII	PP267296	GII.17	7489	RdRp	4318	5074	+	inferred_from_region_blast
GII	PP267298	GII.17	7503	VP1	5094	6716	+	genbank
GII	PP267298	GII.17	7503	VP2	6716	7495	+	genbank
GII	PP267298	GII.17	7503	ORF1	5	5113	+	genbank
GII	PP267298	GII.17	7503	p48	5	1332	+	orf1_relative
GII	PP267298	GII.17	7503	NTPase	1333	2099	+	orf1_relative
GII	PP267298	GII.17	7503	p22	2100	2507	+	orf1_relative
GII	PP267298	GII.17	7503	VPg	2508	2916	+	orf1_relative
GII	PP267298	GII.17	7503	3CLpro	2917	3478	+	orf1_relative
GII	PP267298	GII.17	7503	RdRp	4332	5088	+	inferred_from_region_blast
GII	PP381824	GII.17	7553	VP1	5094	6716	+	genbank
GII	PP381824	GII.17	7553	VP2	6716	7495	+	genbank
GII	PP381824	GII.17	7553	ORF1	5	5113	+	genbank
GII	PP381824	GII.17	7553	p48	5	1332	+	orf1_relative
GII	PP381824	GII.17	7553	NTPase	1333	2099	+	orf1_relative
GII	PP381824	GII.17	7553	p22	2100	2507	+	orf1_relative
GII	PP381824	GII.17	7553	VPg	2508	2916	+	orf1_relative
GII	PP381824	GII.17	7553	3CLpro	2917	3478	+	orf1_relative
GII	PP381824	GII.17	7553	RdRp	4332	5088	+	inferred_from_region_blast
GII	PP423019	GII.17	7484	VP1	5079	6701	+	genbank
GII	PP423019	GII.17	7484	VP2	6701	7480	+	genbank
GII	PP423019	GII.17	7484	ORF1	1	5098	+	genbank
GII	PP423019	GII.17	7484	p48	1	1325	+	orf1_relative
GII	PP423019	GII.17	7484	NTPase	1326	2090	+	orf1_relative
GII	PP423019	GII.17	7484	p22	2091	2498	+	orf1_relative
GII	PP423019	GII.17	7484	VPg	2499	2906	+	orf1_relative
GII	PP423019	GII.17	7484	3CLpro	2907	3467	+	orf1_relative
GII	PP423019	GII.17	7484	RdRp	4317	5073	+	inferred_from_region_blast
GII	PP423020	GII.17	7487	VP1	5082	6704	+	genbank
GII	PP423020	GII.17	7487	VP2	6704	7483	+	genbank
GII	PP423020	GII.17	7487	ORF1	1	5101	+	genbank
GII	PP423020	GII.17	7487	p48	1	1326	+	orf1_relative
GII	PP423020	GII.17	7487	NTPase	1327	2091	+	orf1_relative
GII	PP423020	GII.17	7487	p22	2092	2499	+	orf1_relative
GII	PP423020	GII.17	7487	VPg	2500	2908	+	orf1_relative
GII	PP423020	GII.17	7487	3CLpro	2909	3469	+	orf1_relative
GII	PP423020	GII.17	7487	RdRp	4320	5076	+	inferred_from_region_blast
GII	PP587392	GII.17	7561	VP1	5094	6716	+	genbank
GII	PP587392	GII.17	7561	VP2	6716	7495	+	genbank
GII	PP587392	GII.17	7561	ORF1	5	5113	+	genbank
GII	PP587392	GII.17	7561	p48	5	1332	+	orf1_relative
GII	PP587392	GII.17	7561	NTPase	1333	2099	+	orf1_relative
GII	PP587392	GII.17	7561	p22	2100	2507	+	orf1_relative
GII	PP587392	GII.17	7561	VPg	2508	2916	+	orf1_relative
GII	PP587392	GII.17	7561	3CLpro	2917	3478	+	orf1_relative
GII	PP587392	GII.17	7561	RdRp	4332	5088	+	inferred_from_region_blast
GII	PP587393	GII.17	7561	VP1	5094	6716	+	genbank
GII	PP587393	GII.17	7561	VP2	6716	7495	+	genbank
GII	PP587393	GII.17	7561	ORF1	5	5113	+	genbank
GII	PP587393	GII.17	7561	p48	5	1332	+	orf1_relative
GII	PP587393	GII.17	7561	NTPase	1333	2099	+	orf1_relative
GII	PP587393	GII.17	7561	p22	2100	2507	+	orf1_relative
GII	PP587393	GII.17	7561	VPg	2508	2916	+	orf1_relative
GII	PP587393	GII.17	7561	3CLpro	2917	3478	+	orf1_relative
GII	PP587393	GII.17	7561	RdRp	4332	5088	+	inferred_from_region_blast
GII	PQ031234	GII.17	7534	VP1	5086	6702	+	genbank
GII	PQ031234	GII.17	7534	VP2	6702	7481	+	genbank
GII	PQ031234	GII.17	7534	ORF1	1	5105	+	genbank
GII	PQ031234	GII.17	7534	p48	1	1327	+	orf1_relative
GII	PQ031234	GII.17	7534	NTPase	1328	2093	+	orf1_relative
GII	PQ031234	GII.17	7534	p22	2094	2501	+	orf1_relative
GII	PQ031234	GII.17	7534	VPg	2502	2910	+	orf1_relative
GII	PQ031234	GII.17	7534	3CLpro	2911	3471	+	orf1_relative
GII	PQ031234	GII.17	7534	RdRp	4324	5080	+	inferred_from_region_blast
GII	PQ304610	GII.17	7560	VP1	5094	6710	+	genbank
GII	PQ304610	GII.17	7560	VP2	6710	7489	+	genbank
GII	PQ304610	GII.17	7560	ORF1	5	5113	+	genbank
GII	PQ304610	GII.17	7560	p48	5	1332	+	orf1_relative
GII	PQ304610	GII.17	7560	NTPase	1333	2099	+	orf1_relative
GII	PQ304610	GII.17	7560	p22	2100	2507	+	orf1_relative
GII	PQ304610	GII.17	7560	VPg	2508	2916	+	orf1_relative
GII	PQ304610	GII.17	7560	3CLpro	2917	3478	+	orf1_relative
GII	PQ304610	GII.17	7560	RdRp	4332	5088	+	inferred_from_region_blast
GII	PQ304611	GII.17	7560	VP1	5094	6710	+	genbank
GII	PQ304611	GII.17	7560	VP2	6710	7489	+	genbank
GII	PQ304611	GII.17	7560	ORF1	5	5113	+	genbank
GII	PQ304611	GII.17	7560	p48	5	1332	+	orf1_relative
GII	PQ304611	GII.17	7560	NTPase	1333	2099	+	orf1_relative
GII	PQ304611	GII.17	7560	p22	2100	2507	+	orf1_relative
GII	PQ304611	GII.17	7560	VPg	2508	2916	+	orf1_relative
GII	PQ304611	GII.17	7560	3CLpro	2917	3478	+	orf1_relative
GII	PQ304611	GII.17	7560	RdRp	4332	5088	+	inferred_from_region_blast
GII	PQ304612	GII.17	7556	VP1	5090	6706	+	genbank
GII	PQ304612	GII.17	7556	VP2	6706	7485	+	genbank
GII	PQ304612	GII.17	7556	ORF1	1	5109	+	genbank
GII	PQ304612	GII.17	7556	p48	1	1328	+	orf1_relative
GII	PQ304612	GII.17	7556	NTPase	1329	2095	+	orf1_relative
GII	PQ304612	GII.17	7556	p22	2096	2503	+	orf1_relative
GII	PQ304612	GII.17	7556	VPg	2504	2912	+	orf1_relative
GII	PQ304612	GII.17	7556	3CLpro	2913	3474	+	orf1_relative
GII	PQ304612	GII.17	7556	RdRp	4328	5084	+	inferred_from_region_blast
GII	PQ304613	GII.17	7556	VP1	5090	6706	+	genbank
GII	PQ304613	GII.17	7556	VP2	6706	7485	+	genbank
GII	PQ304613	GII.17	7556	ORF1	1	5109	+	genbank
GII	PQ304613	GII.17	7556	p48	1	1328	+	orf1_relative
GII	PQ304613	GII.17	7556	NTPase	1329	2095	+	orf1_relative
GII	PQ304613	GII.17	7556	p22	2096	2503	+	orf1_relative
GII	PQ304613	GII.17	7556	VPg	2504	2912	+	orf1_relative
GII	PQ304613	GII.17	7556	3CLpro	2913	3474	+	orf1_relative
GII	PQ304613	GII.17	7556	RdRp	4328	5084	+	inferred_from_region_blast
GII	PQ304614	GII.17	7560	VP1	5094	6710	+	genbank
GII	PQ304614	GII.17	7560	VP2	6710	7489	+	genbank
GII	PQ304614	GII.17	7560	ORF1	5	5113	+	genbank
GII	PQ304614	GII.17	7560	p48	5	1332	+	orf1_relative
GII	PQ304614	GII.17	7560	NTPase	1333	2099	+	orf1_relative
GII	PQ304614	GII.17	7560	p22	2100	2507	+	orf1_relative
GII	PQ304614	GII.17	7560	VPg	2508	2916	+	orf1_relative
GII	PQ304614	GII.17	7560	3CLpro	2917	3478	+	orf1_relative
GII	PQ304614	GII.17	7560	RdRp	4332	5088	+	inferred_from_region_blast
GII	PQ304632	GII.17	7508	VP1	5086	6708	+	genbank
GII	PQ304632	GII.17	7508	VP2	6708	7487	+	genbank
GII	PQ304632	GII.17	7508	ORF1	6	5105	+	genbank
GII	PQ304632	GII.17	7508	p48	6	1331	+	orf1_relative
GII	PQ304632	GII.17	7508	NTPase	1332	2096	+	orf1_relative
GII	PQ304632	GII.17	7508	p22	2097	2504	+	orf1_relative
GII	PQ304632	GII.17	7508	VPg	2505	2912	+	orf1_relative
GII	PQ304632	GII.17	7508	3CLpro	2913	3473	+	orf1_relative
GII	PQ304632	GII.17	7508	RdRp	4324	5080	+	inferred_from_region_blast
GII	PQ304633	GII.17	7554	VP1	5095	6720	+	genbank
GII	PQ304633	GII.17	7554	VP2	6720	7499	+	genbank
GII	PQ304633	GII.17	7554	ORF1	6	5114	+	genbank
GII	PQ304633	GII.17	7554	p48	6	1333	+	orf1_relative
GII	PQ304633	GII.17	7554	NTPase	1334	2100	+	orf1_relative
GII	PQ304633	GII.17	7554	p22	2101	2508	+	orf1_relative
GII	PQ304633	GII.17	7554	VPg	2509	2917	+	orf1_relative
GII	PQ304633	GII.17	7554	3CLpro	2918	3479	+	orf1_relative
GII	PQ304633	GII.17	7554	RdRp	4333	5089	+	inferred_from_region_blast
GII	PQ304634	GII.17	7549	VP1	5090	6715	+	genbank
GII	PQ304634	GII.17	7549	VP2	6715	7494	+	genbank
GII	PQ304634	GII.17	7549	ORF1	1	5109	+	genbank
GII	PQ304634	GII.17	7549	p48	1	1328	+	orf1_relative
GII	PQ304634	GII.17	7549	NTPase	1329	2095	+	orf1_relative
GII	PQ304634	GII.17	7549	p22	2096	2503	+	orf1_relative
GII	PQ304634	GII.17	7549	VPg	2504	2912	+	orf1_relative
GII	PQ304634	GII.17	7549	3CLpro	2913	3474	+	orf1_relative
GII	PQ304634	GII.17	7549	RdRp	4328	5084	+	inferred_from_region_blast
GII	PQ308684	GII.17	7524	VP1	5094	6710	+	genbank
GII	PQ308684	GII.17	7524	VP2	6710	7489	+	genbank
GII	PQ308684	GII.17	7524	ORF1	5	5113	+	genbank
GII	PQ308684	GII.17	7524	p48	5	1332	+	orf1_relative
GII	PQ308684	GII.17	7524	NTPase	1333	2099	+	orf1_relative
GII	PQ308684	GII.17	7524	p22	2100	2507	+	orf1_relative
GII	PQ308684	GII.17	7524	VPg	2508	2916	+	orf1_relative
GII	PQ308684	GII.17	7524	3CLpro	2917	3478	+	orf1_relative
GII	PQ308684	GII.17	7524	RdRp	4334	5088	+	inferred_from_region_blast
GII	PQ308685	GII.17	7520	VP1	5090	6706	+	genbank
GII	PQ308685	GII.17	7520	VP2	6706	7485	+	genbank
GII	PQ308685	GII.17	7520	ORF1	1	5109	+	genbank
GII	PQ308685	GII.17	7520	p48	1	1328	+	orf1_relative
GII	PQ308685	GII.17	7520	NTPase	1329	2095	+	orf1_relative
GII	PQ308685	GII.17	7520	p22	2096	2503	+	orf1_relative
GII	PQ308685	GII.17	7520	VPg	2504	2912	+	orf1_relative
GII	PQ308685	GII.17	7520	3CLpro	2913	3474	+	orf1_relative
GII	PQ308685	GII.17	7520	RdRp	4330	5084	+	inferred_from_region_blast
GII	PQ308686	GII.17	7520	VP1	5090	6706	+	genbank
GII	PQ308686	GII.17	7520	VP2	6706	7485	+	genbank
GII	PQ308686	GII.17	7520	ORF1	1	5109	+	genbank
GII	PQ308686	GII.17	7520	p48	1	1328	+	orf1_relative
GII	PQ308686	GII.17	7520	NTPase	1329	2095	+	orf1_relative
GII	PQ308686	GII.17	7520	p22	2096	2503	+	orf1_relative
GII	PQ308686	GII.17	7520	VPg	2504	2912	+	orf1_relative
GII	PQ308686	GII.17	7520	3CLpro	2913	3474	+	orf1_relative
GII	PQ308686	GII.17	7520	RdRp	4328	5084	+	inferred_from_region_blast
GII	PQ308687	GII.17	7520	VP1	5090	6706	+	genbank
GII	PQ308687	GII.17	7520	VP2	6706	7485	+	genbank
GII	PQ308687	GII.17	7520	ORF1	1	5109	+	genbank
GII	PQ308687	GII.17	7520	p48	1	1328	+	orf1_relative
GII	PQ308687	GII.17	7520	NTPase	1329	2095	+	orf1_relative
GII	PQ308687	GII.17	7520	p22	2096	2503	+	orf1_relative
GII	PQ308687	GII.17	7520	VPg	2504	2912	+	orf1_relative
GII	PQ308687	GII.17	7520	3CLpro	2913	3474	+	orf1_relative
GII	PQ308687	GII.17	7520	RdRp	4328	5084	+	inferred_from_region_blast
GII	PQ308689	GII.17	7520	VP1	5090	6706	+	genbank
GII	PQ308689	GII.17	7520	VP2	6706	7485	+	genbank
GII	PQ308689	GII.17	7520	ORF1	1	5109	+	genbank
GII	PQ308689	GII.17	7520	p48	1	1328	+	orf1_relative
GII	PQ308689	GII.17	7520	NTPase	1329	2095	+	orf1_relative
GII	PQ308689	GII.17	7520	p22	2096	2503	+	orf1_relative
GII	PQ308689	GII.17	7520	VPg	2504	2912	+	orf1_relative
GII	PQ308689	GII.17	7520	3CLpro	2913	3474	+	orf1_relative
GII	PQ308689	GII.17	7520	RdRp	4328	5084	+	inferred_from_region_blast
GII	PQ308690	GII.17	7251	VP1	5094	6710	+	genbank
GII	PQ308690	GII.17	7251	VP2	6710	7251	+	genbank
GII	PQ308690	GII.17	7251	ORF1	5	5113	+	genbank
GII	PQ308690	GII.17	7251	p48	5	1332	+	orf1_relative
GII	PQ308690	GII.17	7251	NTPase	1333	2099	+	orf1_relative
GII	PQ308690	GII.17	7251	p22	2100	2507	+	orf1_relative
GII	PQ308690	GII.17	7251	VPg	2508	2916	+	orf1_relative
GII	PQ308690	GII.17	7251	3CLpro	2917	3478	+	orf1_relative
GII	PQ308690	GII.17	7251	RdRp	4332	5088	+	inferred_from_region_blast
GII	PQ310124	GII.17	7504	VP1	5094	6710	+	genbank
GII	PQ310124	GII.17	7504	VP2	6710	7489	+	genbank
GII	PQ310124	GII.17	7504	ORF1	5	5113	+	genbank
GII	PQ310124	GII.17	7504	p48	5	1332	+	orf1_relative
GII	PQ310124	GII.17	7504	NTPase	1333	2099	+	orf1_relative
GII	PQ310124	GII.17	7504	p22	2100	2507	+	orf1_relative
GII	PQ310124	GII.17	7504	VPg	2508	2916	+	orf1_relative
GII	PQ310124	GII.17	7504	3CLpro	2917	3478	+	orf1_relative
GII	PQ310124	GII.17	7504	RdRp	4332	5088	+	inferred_from_region_blast
GII	PQ310126	GII.17	7504	VP1	5094	6710	+	genbank
GII	PQ310126	GII.17	7504	VP2	6710	7489	+	genbank
GII	PQ310126	GII.17	7504	ORF1	5	5113	+	genbank
GII	PQ310126	GII.17	7504	p48	5	1332	+	orf1_relative
GII	PQ310126	GII.17	7504	NTPase	1333	2099	+	orf1_relative
GII	PQ310126	GII.17	7504	p22	2100	2507	+	orf1_relative
GII	PQ310126	GII.17	7504	VPg	2508	2916	+	orf1_relative
GII	PQ310126	GII.17	7504	3CLpro	2917	3478	+	orf1_relative
GII	PQ310126	GII.17	7504	RdRp	4332	5088	+	inferred_from_region_blast
GII	PQ310127	GII.17	7504	VP1	5094	6710	+	genbank
GII	PQ310127	GII.17	7504	VP2	6710	7489	+	genbank
GII	PQ310127	GII.17	7504	ORF1	5	5113	+	genbank
GII	PQ310127	GII.17	7504	p48	5	1332	+	orf1_relative
GII	PQ310127	GII.17	7504	NTPase	1333	2099	+	orf1_relative
GII	PQ310127	GII.17	7504	p22	2100	2507	+	orf1_relative
GII	PQ310127	GII.17	7504	VPg	2508	2916	+	orf1_relative
GII	PQ310127	GII.17	7504	3CLpro	2917	3478	+	orf1_relative
GII	PQ310127	GII.17	7504	RdRp	4332	5088	+	inferred_from_region_blast
GII	PQ310128	GII.17	7504	VP1	5094	6710	+	genbank
GII	PQ310128	GII.17	7504	VP2	6710	7489	+	genbank
GII	PQ310128	GII.17	7504	ORF1	5	5113	+	genbank
GII	PQ310128	GII.17	7504	p48	5	1332	+	orf1_relative
GII	PQ310128	GII.17	7504	NTPase	1333	2099	+	orf1_relative
GII	PQ310128	GII.17	7504	p22	2100	2507	+	orf1_relative
GII	PQ310128	GII.17	7504	VPg	2508	2916	+	orf1_relative
GII	PQ310128	GII.17	7504	3CLpro	2917	3478	+	orf1_relative
GII	PQ310128	GII.17	7504	RdRp	4332	5088	+	inferred_from_region_blast
GII	PQ310129	GII.17	7504	VP1	5094	6710	+	genbank
GII	PQ310129	GII.17	7504	VP2	6710	7489	+	genbank
GII	PQ310129	GII.17	7504	ORF1	5	5113	+	genbank
GII	PQ310129	GII.17	7504	p48	5	1332	+	orf1_relative
GII	PQ310129	GII.17	7504	NTPase	1333	2099	+	orf1_relative
GII	PQ310129	GII.17	7504	p22	2100	2507	+	orf1_relative
GII	PQ310129	GII.17	7504	VPg	2508	2916	+	orf1_relative
GII	PQ310129	GII.17	7504	3CLpro	2917	3478	+	orf1_relative
GII	PQ310129	GII.17	7504	RdRp	4332	5088	+	inferred_from_region_blast
GII	PQ310130	GII.17	7504	VP1	5094	6710	+	genbank
GII	PQ310130	GII.17	7504	VP2	6710	7489	+	genbank
GII	PQ310130	GII.17	7504	ORF1	5	5113	+	genbank
GII	PQ310130	GII.17	7504	p48	5	1332	+	orf1_relative
GII	PQ310130	GII.17	7504	NTPase	1333	2099	+	orf1_relative
GII	PQ310130	GII.17	7504	p22	2100	2507	+	orf1_relative
GII	PQ310130	GII.17	7504	VPg	2508	2916	+	orf1_relative
GII	PQ310130	GII.17	7504	3CLpro	2917	3478	+	orf1_relative
GII	PQ310130	GII.17	7504	RdRp	4332	5088	+	inferred_from_region_blast
GII	PQ310131	GII.17	7504	VP1	5094	6710	+	genbank
GII	PQ310131	GII.17	7504	VP2	6710	7489	+	genbank
GII	PQ310131	GII.17	7504	ORF1	5	5113	+	genbank
GII	PQ310131	GII.17	7504	p48	5	1332	+	orf1_relative
GII	PQ310131	GII.17	7504	NTPase	1333	2099	+	orf1_relative
GII	PQ310131	GII.17	7504	p22	2100	2507	+	orf1_relative
GII	PQ310131	GII.17	7504	VPg	2508	2916	+	orf1_relative
GII	PQ310131	GII.17	7504	3CLpro	2917	3478	+	orf1_relative
GII	PQ310131	GII.17	7504	RdRp	4332	5088	+	inferred_from_region_blast
GII	PQ310234	GII.17	7556	VP1	5090	6706	+	genbank
GII	PQ310234	GII.17	7556	VP2	6706	7485	+	genbank
GII	PQ310234	GII.17	7556	ORF1	1	5109	+	genbank
GII	PQ310234	GII.17	7556	p48	1	1328	+	orf1_relative
GII	PQ310234	GII.17	7556	NTPase	1329	2095	+	orf1_relative
GII	PQ310234	GII.17	7556	p22	2096	2503	+	orf1_relative
GII	PQ310234	GII.17	7556	VPg	2504	2912	+	orf1_relative
GII	PQ310234	GII.17	7556	3CLpro	2913	3474	+	orf1_relative
GII	PQ310234	GII.17	7556	RdRp	4328	5084	+	inferred_from_region_blast
GII	PQ310235	GII.17	7560	VP1	5094	6710	+	genbank
GII	PQ310235	GII.17	7560	VP2	6710	7489	+	genbank
GII	PQ310235	GII.17	7560	ORF1	5	5113	+	genbank
GII	PQ310235	GII.17	7560	p48	5	1332	+	orf1_relative
GII	PQ310235	GII.17	7560	NTPase	1333	2099	+	orf1_relative
GII	PQ310235	GII.17	7560	p22	2100	2507	+	orf1_relative
GII	PQ310235	GII.17	7560	VPg	2508	2916	+	orf1_relative
GII	PQ310235	GII.17	7560	3CLpro	2917	3478	+	orf1_relative
GII	PQ310235	GII.17	7560	RdRp	4332	5088	+	inferred_from_region_blast
GII	PQ310236	GII.17	7556	VP1	5090	6706	+	genbank
GII	PQ310236	GII.17	7556	VP2	6706	7485	+	genbank
GII	PQ310236	GII.17	7556	ORF1	1	5109	+	genbank
GII	PQ310236	GII.17	7556	p48	1	1328	+	orf1_relative
GII	PQ310236	GII.17	7556	NTPase	1329	2095	+	orf1_relative
GII	PQ310236	GII.17	7556	p22	2096	2503	+	orf1_relative
GII	PQ310236	GII.17	7556	VPg	2504	2912	+	orf1_relative
GII	PQ310236	GII.17	7556	3CLpro	2913	3474	+	orf1_relative
GII	PQ310236	GII.17	7556	RdRp	4328	5084	+	inferred_from_region_blast
GII	PQ310251	GII.17	7544	VP1	5087	6703	+	genbank
GII	PQ310251	GII.17	7544	VP2	6703	7482	+	genbank
GII	PQ310251	GII.17	7544	ORF1	1	5106	+	genbank
GII	PQ310251	GII.17	7544	p48	1	1328	+	orf1_relative
GII	PQ310251	GII.17	7544	NTPase	1329	2093	+	orf1_relative
GII	PQ310251	GII.17	7544	p22	2094	2502	+	orf1_relative
GII	PQ310251	GII.17	7544	VPg	2503	2910	+	orf1_relative
GII	PQ310251	GII.17	7544	3CLpro	2911	3472	+	orf1_relative
GII	PQ310251	GII.17	7544	RdRp	4325	5081	+	inferred_from_region_blast
GII	PQ310252	GII.17	7544	VP1	5087	6703	+	genbank
GII	PQ310252	GII.17	7544	VP2	6703	7482	+	genbank
GII	PQ310252	GII.17	7544	ORF1	1	5106	+	genbank
GII	PQ310252	GII.17	7544	p48	1	1328	+	orf1_relative
GII	PQ310252	GII.17	7544	NTPase	1329	2093	+	orf1_relative
GII	PQ310252	GII.17	7544	p22	2094	2502	+	orf1_relative
GII	PQ310252	GII.17	7544	VPg	2503	2910	+	orf1_relative
GII	PQ310252	GII.17	7544	3CLpro	2911	3472	+	orf1_relative
GII	PQ310252	GII.17	7544	RdRp	4325	5081	+	inferred_from_region_blast
GII	PQ310354	GII.17	7554	VP1	5088	6704	+	genbank
GII	PQ310354	GII.17	7554	VP2	6704	7483	+	genbank
GII	PQ310354	GII.17	7554	ORF1	1	5107	+	genbank
GII	PQ310354	GII.17	7554	p48	1	1328	+	orf1_relative
GII	PQ310354	GII.17	7554	NTPase	1329	2094	+	orf1_relative
GII	PQ310354	GII.17	7554	p22	2095	2502	+	orf1_relative
GII	PQ310354	GII.17	7554	VPg	2503	2911	+	orf1_relative
GII	PQ310354	GII.17	7554	3CLpro	2912	3473	+	orf1_relative
GII	PQ310354	GII.17	7554	RdRp	4326	5082	+	inferred_from_region_blast
GII	PQ310518	GII.17	7555	VP1	5094	6710	+	genbank
GII	PQ310518	GII.17	7555	VP2	6710	7489	+	genbank
GII	PQ310518	GII.17	7555	ORF1	5	5113	+	genbank
GII	PQ310518	GII.17	7555	p48	5	1332	+	orf1_relative
GII	PQ310518	GII.17	7555	NTPase	1333	2099	+	orf1_relative
GII	PQ310518	GII.17	7555	p22	2100	2507	+	orf1_relative
GII	PQ310518	GII.17	7555	VPg	2508	2916	+	orf1_relative
GII	PQ310518	GII.17	7555	3CLpro	2917	3478	+	orf1_relative
GII	PQ310518	GII.17	7555	RdRp	4332	5088	+	inferred_from_region_blast
GII	PQ310519	GII.17	7555	VP1	5094	6710	+	genbank
GII	PQ310519	GII.17	7555	VP2	6710	7489	+	genbank
GII	PQ310519	GII.17	7555	ORF1	5	5113	+	genbank
GII	PQ310519	GII.17	7555	p48	5	1332	+	orf1_relative
GII	PQ310519	GII.17	7555	NTPase	1333	2099	+	orf1_relative
GII	PQ310519	GII.17	7555	p22	2100	2507	+	orf1_relative
GII	PQ310519	GII.17	7555	VPg	2508	2916	+	orf1_relative
GII	PQ310519	GII.17	7555	3CLpro	2917	3478	+	orf1_relative
GII	PQ310519	GII.17	7555	RdRp	4332	5088	+	inferred_from_region_blast
GII	PQ310520	GII.17	7555	VP1	5094	6710	+	genbank
GII	PQ310520	GII.17	7555	VP2	6710	7489	+	genbank
GII	PQ310520	GII.17	7555	ORF1	5	5113	+	genbank
GII	PQ310520	GII.17	7555	p48	5	1332	+	orf1_relative
GII	PQ310520	GII.17	7555	NTPase	1333	2099	+	orf1_relative
GII	PQ310520	GII.17	7555	p22	2100	2507	+	orf1_relative
GII	PQ310520	GII.17	7555	VPg	2508	2916	+	orf1_relative
GII	PQ310520	GII.17	7555	3CLpro	2917	3478	+	orf1_relative
GII	PQ310520	GII.17	7555	RdRp	4332	5088	+	inferred_from_region_blast
GII	PQ310521	GII.17	7555	VP1	5094	6710	+	genbank
GII	PQ310521	GII.17	7555	VP2	6710	7489	+	genbank
GII	PQ310521	GII.17	7555	ORF1	5	5113	+	genbank
GII	PQ310521	GII.17	7555	p48	5	1332	+	orf1_relative
GII	PQ310521	GII.17	7555	NTPase	1333	2099	+	orf1_relative
GII	PQ310521	GII.17	7555	p22	2100	2507	+	orf1_relative
GII	PQ310521	GII.17	7555	VPg	2508	2916	+	orf1_relative
GII	PQ310521	GII.17	7555	3CLpro	2917	3478	+	orf1_relative
GII	PQ310521	GII.17	7555	RdRp	4332	5088	+	inferred_from_region_blast
GII	PQ310522	GII.17	7555	VP1	5094	6710	+	genbank
GII	PQ310522	GII.17	7555	VP2	6710	7489	+	genbank
GII	PQ310522	GII.17	7555	ORF1	5	5113	+	genbank
GII	PQ310522	GII.17	7555	p48	5	1332	+	orf1_relative
GII	PQ310522	GII.17	7555	NTPase	1333	2099	+	orf1_relative
GII	PQ310522	GII.17	7555	p22	2100	2507	+	orf1_relative
GII	PQ310522	GII.17	7555	VPg	2508	2916	+	orf1_relative
GII	PQ310522	GII.17	7555	3CLpro	2917	3478	+	orf1_relative
GII	PQ310522	GII.17	7555	RdRp	4332	5088	+	inferred_from_region_blast
GII	PQ336848	GII.17	7493	VP1	5067	6683	+	genbank
GII	PQ336848	GII.17	7493	VP2	6683	7462	+	genbank
GII	PQ336848	GII.17	7493	ORF1	1	5086	+	genbank
GII	PQ336848	GII.17	7493	p48	1	1322	+	orf1_relative
GII	PQ336848	GII.17	7493	NTPase	1323	2085	+	orf1_relative
GII	PQ336848	GII.17	7493	p22	2086	2492	+	orf1_relative
GII	PQ336848	GII.17	7493	VPg	2493	2899	+	orf1_relative
GII	PQ336848	GII.17	7493	3CLpro	2900	3458	+	orf1_relative
GII	PQ336848	GII.17	7493	RdRp	4305	5061	+	inferred_from_region_blast
GII	PQ336849	GII.17	7493	VP1	5067	6683	+	genbank
GII	PQ336849	GII.17	7493	VP2	6683	7462	+	genbank
GII	PQ336849	GII.17	7493	ORF1	1	5086	+	genbank
GII	PQ336849	GII.17	7493	p48	1	1322	+	orf1_relative
GII	PQ336849	GII.17	7493	NTPase	1323	2085	+	orf1_relative
GII	PQ336849	GII.17	7493	p22	2086	2492	+	orf1_relative
GII	PQ336849	GII.17	7493	VPg	2493	2899	+	orf1_relative
GII	PQ336849	GII.17	7493	3CLpro	2900	3458	+	orf1_relative
GII	PQ336849	GII.17	7493	RdRp	4305	5061	+	inferred_from_region_blast
GII	PQ336850	GII.17	7493	VP1	5067	6683	+	genbank
GII	PQ336850	GII.17	7493	VP2	6683	7462	+	genbank
GII	PQ336850	GII.17	7493	ORF1	1	5086	+	genbank
GII	PQ336850	GII.17	7493	p48	1	1322	+	orf1_relative
GII	PQ336850	GII.17	7493	NTPase	1323	2085	+	orf1_relative
GII	PQ336850	GII.17	7493	p22	2086	2492	+	orf1_relative
GII	PQ336850	GII.17	7493	VPg	2493	2899	+	orf1_relative
GII	PQ336850	GII.17	7493	3CLpro	2900	3458	+	orf1_relative
GII	PQ336850	GII.17	7493	RdRp	4305	5061	+	inferred_from_region_blast
GII	PQ336851	GII.17	7493	VP1	5067	6683	+	genbank
GII	PQ336851	GII.17	7493	VP2	6683	7462	+	genbank
GII	PQ336851	GII.17	7493	ORF1	1	5086	+	genbank
GII	PQ336851	GII.17	7493	p48	1	1322	+	orf1_relative
GII	PQ336851	GII.17	7493	NTPase	1323	2085	+	orf1_relative
GII	PQ336851	GII.17	7493	p22	2086	2492	+	orf1_relative
GII	PQ336851	GII.17	7493	VPg	2493	2899	+	orf1_relative
GII	PQ336851	GII.17	7493	3CLpro	2900	3458	+	orf1_relative
GII	PQ336851	GII.17	7493	RdRp	4305	5061	+	inferred_from_region_blast
GII	PQ336852	GII.17	7493	VP1	5067	6683	+	genbank
GII	PQ336852	GII.17	7493	VP2	6683	7462	+	genbank
GII	PQ336852	GII.17	7493	ORF1	1	5086	+	genbank
GII	PQ336852	GII.17	7493	p48	1	1322	+	orf1_relative
GII	PQ336852	GII.17	7493	NTPase	1323	2085	+	orf1_relative
GII	PQ336852	GII.17	7493	p22	2086	2492	+	orf1_relative
GII	PQ336852	GII.17	7493	VPg	2493	2899	+	orf1_relative
GII	PQ336852	GII.17	7493	3CLpro	2900	3458	+	orf1_relative
GII	PQ336852	GII.17	7493	RdRp	4305	5061	+	inferred_from_region_blast
GII	PQ336853	GII.17	7493	VP1	5067	6683	+	genbank
GII	PQ336853	GII.17	7493	VP2	6683	7462	+	genbank
GII	PQ336853	GII.17	7493	ORF1	1	5086	+	genbank
GII	PQ336853	GII.17	7493	p48	1	1322	+	orf1_relative
GII	PQ336853	GII.17	7493	NTPase	1323	2085	+	orf1_relative
GII	PQ336853	GII.17	7493	p22	2086	2492	+	orf1_relative
GII	PQ336853	GII.17	7493	VPg	2493	2899	+	orf1_relative
GII	PQ336853	GII.17	7493	3CLpro	2900	3458	+	orf1_relative
GII	PQ336853	GII.17	7493	RdRp	4305	5061	+	inferred_from_region_blast
GII	PQ336854	GII.17	7493	VP1	5067	6683	+	genbank
GII	PQ336854	GII.17	7493	VP2	6683	7462	+	genbank
GII	PQ336854	GII.17	7493	ORF1	1	5086	+	genbank
GII	PQ336854	GII.17	7493	p48	1	1322	+	orf1_relative
GII	PQ336854	GII.17	7493	NTPase	1323	2085	+	orf1_relative
GII	PQ336854	GII.17	7493	p22	2086	2492	+	orf1_relative
GII	PQ336854	GII.17	7493	VPg	2493	2899	+	orf1_relative
GII	PQ336854	GII.17	7493	3CLpro	2900	3458	+	orf1_relative
GII	PQ336854	GII.17	7493	RdRp	4305	5061	+	inferred_from_region_blast
GII	PQ336855	GII.17	7493	VP1	5067	6683	+	genbank
GII	PQ336855	GII.17	7493	VP2	6683	7462	+	genbank
GII	PQ336855	GII.17	7493	ORF1	1	5086	+	genbank
GII	PQ336855	GII.17	7493	p48	1	1322	+	orf1_relative
GII	PQ336855	GII.17	7493	NTPase	1323	2085	+	orf1_relative
GII	PQ336855	GII.17	7493	p22	2086	2492	+	orf1_relative
GII	PQ336855	GII.17	7493	VPg	2493	2899	+	orf1_relative
GII	PQ336855	GII.17	7493	3CLpro	2900	3458	+	orf1_relative
GII	PQ336855	GII.17	7493	RdRp	4305	5061	+	inferred_from_region_blast
GII	PQ336856	GII.17	7493	VP1	5067	6683	+	genbank
GII	PQ336856	GII.17	7493	VP2	6683	7462	+	genbank
GII	PQ336856	GII.17	7493	ORF1	1	5086	+	genbank
GII	PQ336856	GII.17	7493	p48	1	1322	+	orf1_relative
GII	PQ336856	GII.17	7493	NTPase	1323	2085	+	orf1_relative
GII	PQ336856	GII.17	7493	p22	2086	2492	+	orf1_relative
GII	PQ336856	GII.17	7493	VPg	2493	2899	+	orf1_relative
GII	PQ336856	GII.17	7493	3CLpro	2900	3458	+	orf1_relative
GII	PQ336856	GII.17	7493	RdRp	4305	5061	+	inferred_from_region_blast
GII	PQ336857	GII.17	7493	VP1	5067	6683	+	genbank
GII	PQ336857	GII.17	7493	VP2	6683	7462	+	genbank
GII	PQ336857	GII.17	7493	ORF1	1	5086	+	genbank
GII	PQ336857	GII.17	7493	p48	1	1322	+	orf1_relative
GII	PQ336857	GII.17	7493	NTPase	1323	2085	+	orf1_relative
GII	PQ336857	GII.17	7493	p22	2086	2492	+	orf1_relative
GII	PQ336857	GII.17	7493	VPg	2493	2899	+	orf1_relative
GII	PQ336857	GII.17	7493	3CLpro	2900	3458	+	orf1_relative
GII	PQ336857	GII.17	7493	RdRp	4305	5061	+	inferred_from_region_blast
GII	PQ336858	GII.17	7493	VP1	5067	6683	+	genbank
GII	PQ336858	GII.17	7493	VP2	6683	7462	+	genbank
GII	PQ336858	GII.17	7493	ORF1	1	5086	+	genbank
GII	PQ336858	GII.17	7493	p48	1	1322	+	orf1_relative
GII	PQ336858	GII.17	7493	NTPase	1323	2085	+	orf1_relative
GII	PQ336858	GII.17	7493	p22	2086	2492	+	orf1_relative
GII	PQ336858	GII.17	7493	VPg	2493	2899	+	orf1_relative
GII	PQ336858	GII.17	7493	3CLpro	2900	3458	+	orf1_relative
GII	PQ336858	GII.17	7493	RdRp	4305	5061	+	inferred_from_region_blast
GII	PQ336859	GII.17	7493	VP1	5067	6683	+	genbank
GII	PQ336859	GII.17	7493	VP2	6683	7462	+	genbank
GII	PQ336859	GII.17	7493	ORF1	1	5086	+	genbank
GII	PQ336859	GII.17	7493	p48	1	1322	+	orf1_relative
GII	PQ336859	GII.17	7493	NTPase	1323	2085	+	orf1_relative
GII	PQ336859	GII.17	7493	p22	2086	2492	+	orf1_relative
GII	PQ336859	GII.17	7493	VPg	2493	2899	+	orf1_relative
GII	PQ336859	GII.17	7493	3CLpro	2900	3458	+	orf1_relative
GII	PQ336859	GII.17	7493	RdRp	4305	5061	+	inferred_from_region_blast
GII	PQ336860	GII.17	7493	VP1	5067	6683	+	genbank
GII	PQ336860	GII.17	7493	VP2	6683	7462	+	genbank
GII	PQ336860	GII.17	7493	ORF1	1	5086	+	genbank
GII	PQ336860	GII.17	7493	p48	1	1322	+	orf1_relative
GII	PQ336860	GII.17	7493	NTPase	1323	2085	+	orf1_relative
GII	PQ336860	GII.17	7493	p22	2086	2492	+	orf1_relative
GII	PQ336860	GII.17	7493	VPg	2493	2899	+	orf1_relative
GII	PQ336860	GII.17	7493	3CLpro	2900	3458	+	orf1_relative
GII	PQ336860	GII.17	7493	RdRp	4305	5061	+	inferred_from_region_blast
GII	PQ336861	GII.17	7493	VP1	5067	6683	+	genbank
GII	PQ336861	GII.17	7493	VP2	6683	7462	+	genbank
GII	PQ336861	GII.17	7493	ORF1	1	5086	+	genbank
GII	PQ336861	GII.17	7493	p48	1	1322	+	orf1_relative
GII	PQ336861	GII.17	7493	NTPase	1323	2085	+	orf1_relative
GII	PQ336861	GII.17	7493	p22	2086	2492	+	orf1_relative
GII	PQ336861	GII.17	7493	VPg	2493	2899	+	orf1_relative
GII	PQ336861	GII.17	7493	3CLpro	2900	3458	+	orf1_relative
GII	PQ336861	GII.17	7493	RdRp	4305	5061	+	inferred_from_region_blast
GII	PQ336862	GII.17	7493	VP1	5067	6683	+	genbank
GII	PQ336862	GII.17	7493	VP2	6683	7462	+	genbank
GII	PQ336862	GII.17	7493	ORF1	1	5086	+	genbank
GII	PQ336862	GII.17	7493	p48	1	1322	+	orf1_relative
GII	PQ336862	GII.17	7493	NTPase	1323	2085	+	orf1_relative
GII	PQ336862	GII.17	7493	p22	2086	2492	+	orf1_relative
GII	PQ336862	GII.17	7493	VPg	2493	2899	+	orf1_relative
GII	PQ336862	GII.17	7493	3CLpro	2900	3458	+	orf1_relative
GII	PQ336862	GII.17	7493	RdRp	4305	5061	+	inferred_from_region_blast
GII	PQ336863	GII.17	7493	VP1	5067	6683	+	genbank
GII	PQ336863	GII.17	7493	VP2	6683	7462	+	genbank
GII	PQ336863	GII.17	7493	ORF1	1	5086	+	genbank
GII	PQ336863	GII.17	7493	p48	1	1322	+	orf1_relative
GII	PQ336863	GII.17	7493	NTPase	1323	2085	+	orf1_relative
GII	PQ336863	GII.17	7493	p22	2086	2492	+	orf1_relative
GII	PQ336863	GII.17	7493	VPg	2493	2899	+	orf1_relative
GII	PQ336863	GII.17	7493	3CLpro	2900	3458	+	orf1_relative
GII	PQ336863	GII.17	7493	RdRp	4305	5061	+	inferred_from_region_blast
GII	PQ336864	GII.17	7493	VP1	5067	6683	+	genbank
GII	PQ336864	GII.17	7493	VP2	6683	7462	+	genbank
GII	PQ336864	GII.17	7493	ORF1	1	5086	+	genbank
GII	PQ336864	GII.17	7493	p48	1	1322	+	orf1_relative
GII	PQ336864	GII.17	7493	NTPase	1323	2085	+	orf1_relative
GII	PQ336864	GII.17	7493	p22	2086	2492	+	orf1_relative
GII	PQ336864	GII.17	7493	VPg	2493	2899	+	orf1_relative
GII	PQ336864	GII.17	7493	3CLpro	2900	3458	+	orf1_relative
GII	PQ336864	GII.17	7493	RdRp	4305	5061	+	inferred_from_region_blast
GII	PQ336865	GII.17	7493	VP1	5067	6683	+	genbank
GII	PQ336865	GII.17	7493	VP2	6683	7462	+	genbank
GII	PQ336865	GII.17	7493	ORF1	1	5086	+	genbank
GII	PQ336865	GII.17	7493	p48	1	1322	+	orf1_relative
GII	PQ336865	GII.17	7493	NTPase	1323	2085	+	orf1_relative
GII	PQ336865	GII.17	7493	p22	2086	2492	+	orf1_relative
GII	PQ336865	GII.17	7493	VPg	2493	2899	+	orf1_relative
GII	PQ336865	GII.17	7493	3CLpro	2900	3458	+	orf1_relative
GII	PQ336865	GII.17	7493	RdRp	4305	5061	+	inferred_from_region_blast
GII	PQ336866	GII.17	7493	VP1	5067	6683	+	genbank
GII	PQ336866	GII.17	7493	VP2	6683	7462	+	genbank
GII	PQ336866	GII.17	7493	ORF1	1	5086	+	genbank
GII	PQ336866	GII.17	7493	p48	1	1322	+	orf1_relative
GII	PQ336866	GII.17	7493	NTPase	1323	2085	+	orf1_relative
GII	PQ336866	GII.17	7493	p22	2086	2492	+	orf1_relative
GII	PQ336866	GII.17	7493	VPg	2493	2899	+	orf1_relative
GII	PQ336866	GII.17	7493	3CLpro	2900	3458	+	orf1_relative
GII	PQ336866	GII.17	7493	RdRp	4305	5061	+	inferred_from_region_blast
GII	PQ336867	GII.17	7493	VP1	5067	6683	+	genbank
GII	PQ336867	GII.17	7493	VP2	6683	7462	+	genbank
GII	PQ336867	GII.17	7493	ORF1	1	5086	+	genbank
GII	PQ336867	GII.17	7493	p48	1	1322	+	orf1_relative
GII	PQ336867	GII.17	7493	NTPase	1323	2085	+	orf1_relative
GII	PQ336867	GII.17	7493	p22	2086	2492	+	orf1_relative
GII	PQ336867	GII.17	7493	VPg	2493	2899	+	orf1_relative
GII	PQ336867	GII.17	7493	3CLpro	2900	3458	+	orf1_relative
GII	PQ336867	GII.17	7493	RdRp	4305	5061	+	inferred_from_region_blast
GII	PQ336868	GII.17	7499	VP1	5067	6689	+	genbank
GII	PQ336868	GII.17	7499	VP2	6689	7468	+	genbank
GII	PQ336868	GII.17	7499	ORF1	1	5086	+	genbank
GII	PQ336868	GII.17	7499	p48	1	1322	+	orf1_relative
GII	PQ336868	GII.17	7499	NTPase	1323	2085	+	orf1_relative
GII	PQ336868	GII.17	7499	p22	2086	2492	+	orf1_relative
GII	PQ336868	GII.17	7499	VPg	2493	2899	+	orf1_relative
GII	PQ336868	GII.17	7499	3CLpro	2900	3458	+	orf1_relative
GII	PQ336868	GII.17	7499	RdRp	4305	5061	+	inferred_from_region_blast
GII	PQ336869	GII.17	7499	VP1	5067	6689	+	genbank
GII	PQ336869	GII.17	7499	VP2	6689	7468	+	genbank
GII	PQ336869	GII.17	7499	ORF1	1	5086	+	genbank
GII	PQ336869	GII.17	7499	p48	1	1322	+	orf1_relative
GII	PQ336869	GII.17	7499	NTPase	1323	2085	+	orf1_relative
GII	PQ336869	GII.17	7499	p22	2086	2492	+	orf1_relative
GII	PQ336869	GII.17	7499	VPg	2493	2899	+	orf1_relative
GII	PQ336869	GII.17	7499	3CLpro	2900	3458	+	orf1_relative
GII	PQ336869	GII.17	7499	RdRp	4305	5061	+	inferred_from_region_blast
GII	PQ336870	GII.17	7499	VP1	5067	6689	+	genbank
GII	PQ336870	GII.17	7499	VP2	6689	7468	+	genbank
GII	PQ336870	GII.17	7499	ORF1	1	5086	+	genbank
GII	PQ336870	GII.17	7499	p48	1	1322	+	orf1_relative
GII	PQ336870	GII.17	7499	NTPase	1323	2085	+	orf1_relative
GII	PQ336870	GII.17	7499	p22	2086	2492	+	orf1_relative
GII	PQ336870	GII.17	7499	VPg	2493	2899	+	orf1_relative
GII	PQ336870	GII.17	7499	3CLpro	2900	3458	+	orf1_relative
GII	PQ336870	GII.17	7499	RdRp	4305	5061	+	inferred_from_region_blast
GII	PQ336871	GII.17	7499	VP1	5067	6689	+	genbank
GII	PQ336871	GII.17	7499	VP2	6689	7468	+	genbank
GII	PQ336871	GII.17	7499	ORF1	1	5086	+	genbank
GII	PQ336871	GII.17	7499	p48	1	1322	+	orf1_relative
GII	PQ336871	GII.17	7499	NTPase	1323	2085	+	orf1_relative
GII	PQ336871	GII.17	7499	p22	2086	2492	+	orf1_relative
GII	PQ336871	GII.17	7499	VPg	2493	2899	+	orf1_relative
GII	PQ336871	GII.17	7499	3CLpro	2900	3458	+	orf1_relative
GII	PQ336871	GII.17	7499	RdRp	4305	5061	+	inferred_from_region_blast
GII	PQ336872	GII.17	7499	VP1	5067	6689	+	genbank
GII	PQ336872	GII.17	7499	VP2	6689	7468	+	genbank
GII	PQ336872	GII.17	7499	ORF1	1	5086	+	genbank
GII	PQ336872	GII.17	7499	p48	1	1322	+	orf1_relative
GII	PQ336872	GII.17	7499	NTPase	1323	2085	+	orf1_relative
GII	PQ336872	GII.17	7499	p22	2086	2492	+	orf1_relative
GII	PQ336872	GII.17	7499	VPg	2493	2899	+	orf1_relative
GII	PQ336872	GII.17	7499	3CLpro	2900	3458	+	orf1_relative
GII	PQ336872	GII.17	7499	RdRp	4305	5061	+	inferred_from_region_blast
GII	PQ336873	GII.17	7499	VP1	5067	6689	+	genbank
GII	PQ336873	GII.17	7499	VP2	6689	7468	+	genbank
GII	PQ336873	GII.17	7499	ORF1	1	5086	+	genbank
GII	PQ336873	GII.17	7499	p48	1	1322	+	orf1_relative
GII	PQ336873	GII.17	7499	NTPase	1323	2085	+	orf1_relative
GII	PQ336873	GII.17	7499	p22	2086	2492	+	orf1_relative
GII	PQ336873	GII.17	7499	VPg	2493	2899	+	orf1_relative
GII	PQ336873	GII.17	7499	3CLpro	2900	3458	+	orf1_relative
GII	PQ336873	GII.17	7499	RdRp	4305	5061	+	inferred_from_region_blast
GII	PQ336942	GII.17	7468	VP1	5073	6689	+	genbank
GII	PQ336942	GII.17	7468	VP2	6689	7468	+	genbank
GII	PQ336942	GII.17	7468	ORF1	1	5092	+	genbank
GII	PQ336942	GII.17	7468	p48	1	1324	+	orf1_relative
GII	PQ336942	GII.17	7468	NTPase	1325	2088	+	orf1_relative
GII	PQ336942	GII.17	7468	p22	2089	2495	+	orf1_relative
GII	PQ336942	GII.17	7468	VPg	2496	2902	+	orf1_relative
GII	PQ336942	GII.17	7468	3CLpro	2903	3463	+	orf1_relative
GII	PQ336942	GII.17	7468	RdRp	4311	5067	+	inferred_from_region_blast
GII	PQ336943	GII.17	7367	VP1	5022	6638	+	genbank
GII	PQ336943	GII.17	7367	VP2	6638	7367	+	genbank
GII	PQ336943	GII.17	7367	ORF1	1	5041	+	genbank
GII	PQ336943	GII.17	7367	p48	1	1311	+	orf1_relative
GII	PQ336943	GII.17	7367	NTPase	1312	2067	+	orf1_relative
GII	PQ336943	GII.17	7367	p22	2068	2470	+	orf1_relative
GII	PQ336943	GII.17	7367	VPg	2471	2873	+	orf1_relative
GII	PQ336943	GII.17	7367	3CLpro	2874	3428	+	orf1_relative
GII	PQ336943	GII.17	7367	RdRp	4260	5016	+	inferred_from_region_blast
GII	PQ336944	GII.17	7468	VP1	5073	6689	+	genbank
GII	PQ336944	GII.17	7468	VP2	6689	7468	+	genbank
GII	PQ336944	GII.17	7468	ORF1	1	5092	+	genbank
GII	PQ336944	GII.17	7468	p48	1	1324	+	orf1_relative
GII	PQ336944	GII.17	7468	NTPase	1325	2088	+	orf1_relative
GII	PQ336944	GII.17	7468	p22	2089	2495	+	orf1_relative
GII	PQ336944	GII.17	7468	VPg	2496	2902	+	orf1_relative
GII	PQ336944	GII.17	7468	3CLpro	2903	3463	+	orf1_relative
GII	PQ336944	GII.17	7468	RdRp	4311	5067	+	inferred_from_region_blast
GII	PQ336945	GII.17	7468	VP1	5073	6689	+	genbank
GII	PQ336945	GII.17	7468	VP2	6689	7468	+	genbank
GII	PQ336945	GII.17	7468	ORF1	1	5092	+	genbank
GII	PQ336945	GII.17	7468	p48	1	1324	+	orf1_relative
GII	PQ336945	GII.17	7468	NTPase	1325	2088	+	orf1_relative
GII	PQ336945	GII.17	7468	p22	2089	2495	+	orf1_relative
GII	PQ336945	GII.17	7468	VPg	2496	2902	+	orf1_relative
GII	PQ336945	GII.17	7468	3CLpro	2903	3463	+	orf1_relative
GII	PQ336945	GII.17	7468	RdRp	4311	5067	+	inferred_from_region_blast
GII	PQ373120	GII.17	7547	VP1	5094	6716	+	genbank
GII	PQ373120	GII.17	7547	VP2	6716	7495	+	genbank
GII	PQ373120	GII.17	7547	ORF1	5	5113	+	genbank
GII	PQ373120	GII.17	7547	p48	5	1332	+	orf1_relative
GII	PQ373120	GII.17	7547	NTPase	1333	2099	+	orf1_relative
GII	PQ373120	GII.17	7547	p22	2100	2507	+	orf1_relative
GII	PQ373120	GII.17	7547	VPg	2508	2916	+	orf1_relative
GII	PQ373120	GII.17	7547	3CLpro	2917	3478	+	orf1_relative
GII	PQ373120	GII.17	7547	RdRp	4332	5088	+	inferred_from_region_blast
GII	PQ373121	GII.17	7553	VP1	5094	6716	+	genbank
GII	PQ373121	GII.17	7553	VP2	6716	7495	+	genbank
GII	PQ373121	GII.17	7553	ORF1	5	5113	+	genbank
GII	PQ373121	GII.17	7553	p48	5	1332	+	orf1_relative
GII	PQ373121	GII.17	7553	NTPase	1333	2099	+	orf1_relative
GII	PQ373121	GII.17	7553	p22	2100	2507	+	orf1_relative
GII	PQ373121	GII.17	7553	VPg	2508	2916	+	orf1_relative
GII	PQ373121	GII.17	7553	3CLpro	2917	3478	+	orf1_relative
GII	PQ373121	GII.17	7553	RdRp	4332	5088	+	inferred_from_region_blast
GII	PQ373122	GII.17	7549	VP1	5094	6716	+	genbank
GII	PQ373122	GII.17	7549	VP2	6716	7495	+	genbank
GII	PQ373122	GII.17	7549	ORF1	5	5113	+	genbank
GII	PQ373122	GII.17	7549	p48	5	1332	+	orf1_relative
GII	PQ373122	GII.17	7549	NTPase	1333	2099	+	orf1_relative
GII	PQ373122	GII.17	7549	p22	2100	2507	+	orf1_relative
GII	PQ373122	GII.17	7549	VPg	2508	2916	+	orf1_relative
GII	PQ373122	GII.17	7549	3CLpro	2917	3478	+	orf1_relative
GII	PQ373122	GII.17	7549	RdRp	4332	5088	+	inferred_from_region_blast
GII	PQ373123	GII.17	7557	VP1	5094	6716	+	genbank
GII	PQ373123	GII.17	7557	VP2	6716	7495	+	genbank
GII	PQ373123	GII.17	7557	ORF1	5	5113	+	genbank
GII	PQ373123	GII.17	7557	p48	5	1332	+	orf1_relative
GII	PQ373123	GII.17	7557	NTPase	1333	2099	+	orf1_relative
GII	PQ373123	GII.17	7557	p22	2100	2507	+	orf1_relative
GII	PQ373123	GII.17	7557	VPg	2508	2916	+	orf1_relative
GII	PQ373123	GII.17	7557	3CLpro	2917	3478	+	orf1_relative
GII	PQ373123	GII.17	7557	RdRp	4332	5088	+	inferred_from_region_blast
GII	PQ373124	GII.17	7546	VP1	5094	6716	+	genbank
GII	PQ373124	GII.17	7546	VP2	6716	7495	+	genbank
GII	PQ373124	GII.17	7546	ORF1	5	5113	+	genbank
GII	PQ373124	GII.17	7546	p48	5	1332	+	orf1_relative
GII	PQ373124	GII.17	7546	NTPase	1333	2099	+	orf1_relative
GII	PQ373124	GII.17	7546	p22	2100	2507	+	orf1_relative
GII	PQ373124	GII.17	7546	VPg	2508	2916	+	orf1_relative
GII	PQ373124	GII.17	7546	3CLpro	2917	3478	+	orf1_relative
GII	PQ373124	GII.17	7546	RdRp	4332	5088	+	inferred_from_region_blast
GII	PQ373126	GII.17	7557	VP1	5094	6716	+	genbank
GII	PQ373126	GII.17	7557	VP2	6716	7495	+	genbank
GII	PQ373126	GII.17	7557	ORF1	5	5113	+	genbank
GII	PQ373126	GII.17	7557	p48	5	1332	+	orf1_relative
GII	PQ373126	GII.17	7557	NTPase	1333	2099	+	orf1_relative
GII	PQ373126	GII.17	7557	p22	2100	2507	+	orf1_relative
GII	PQ373126	GII.17	7557	VPg	2508	2916	+	orf1_relative
GII	PQ373126	GII.17	7557	3CLpro	2917	3478	+	orf1_relative
GII	PQ373126	GII.17	7557	RdRp	4332	5088	+	inferred_from_region_blast
GII	PQ373127	GII.17	7557	VP1	5094	6716	+	genbank
GII	PQ373127	GII.17	7557	VP2	6716	7495	+	genbank
GII	PQ373127	GII.17	7557	ORF1	5	5113	+	genbank
GII	PQ373127	GII.17	7557	p48	5	1332	+	orf1_relative
GII	PQ373127	GII.17	7557	NTPase	1333	2099	+	orf1_relative
GII	PQ373127	GII.17	7557	p22	2100	2507	+	orf1_relative
GII	PQ373127	GII.17	7557	VPg	2508	2916	+	orf1_relative
GII	PQ373127	GII.17	7557	3CLpro	2917	3478	+	orf1_relative
GII	PQ373127	GII.17	7557	RdRp	4332	5088	+	inferred_from_region_blast
GII	PQ373128	GII.17	7507	VP1	5090	6712	+	genbank
GII	PQ373128	GII.17	7507	VP2	6712	7491	+	genbank
GII	PQ373128	GII.17	7507	ORF1	1	5109	+	genbank
GII	PQ373128	GII.17	7507	p48	1	1328	+	orf1_relative
GII	PQ373128	GII.17	7507	NTPase	1329	2095	+	orf1_relative
GII	PQ373128	GII.17	7507	p22	2096	2503	+	orf1_relative
GII	PQ373128	GII.17	7507	VPg	2504	2912	+	orf1_relative
GII	PQ373128	GII.17	7507	3CLpro	2913	3474	+	orf1_relative
GII	PQ373128	GII.17	7507	RdRp	4328	5084	+	inferred_from_region_blast
GII	PQ373129	GII.17	7544	VP1	5089	6705	+	genbank
GII	PQ373129	GII.17	7544	VP2	6705	7484	+	genbank
GII	PQ373129	GII.17	7544	ORF1	1	5108	+	genbank
GII	PQ373129	GII.17	7544	p48	1	1328	+	orf1_relative
GII	PQ373129	GII.17	7544	NTPase	1329	2094	+	orf1_relative
GII	PQ373129	GII.17	7544	p22	2095	2503	+	orf1_relative
GII	PQ373129	GII.17	7544	VPg	2504	2912	+	orf1_relative
GII	PQ373129	GII.17	7544	3CLpro	2913	3473	+	orf1_relative
GII	PQ373129	GII.17	7544	RdRp	4327	5083	+	inferred_from_region_blast
GII	PQ373130	GII.17	7552	VP1	5090	6712	+	genbank
GII	PQ373130	GII.17	7552	VP2	6712	7491	+	genbank
GII	PQ373130	GII.17	7552	ORF1	1	5109	+	genbank
GII	PQ373130	GII.17	7552	p48	1	1328	+	orf1_relative
GII	PQ373130	GII.17	7552	NTPase	1329	2095	+	orf1_relative
GII	PQ373130	GII.17	7552	p22	2096	2503	+	orf1_relative
GII	PQ373130	GII.17	7552	VPg	2504	2912	+	orf1_relative
GII	PQ373130	GII.17	7552	3CLpro	2913	3474	+	orf1_relative
GII	PQ373130	GII.17	7552	RdRp	4328	5084	+	inferred_from_region_blast
GII	PQ373131	GII.17	7550	VP1	5094	6710	+	genbank
GII	PQ373131	GII.17	7550	VP2	6710	7489	+	genbank
GII	PQ373131	GII.17	7550	ORF1	5	5113	+	genbank
GII	PQ373131	GII.17	7550	p48	5	1332	+	orf1_relative
GII	PQ373131	GII.17	7550	NTPase	1333	2099	+	orf1_relative
GII	PQ373131	GII.17	7550	p22	2100	2507	+	orf1_relative
GII	PQ373131	GII.17	7550	VPg	2508	2916	+	orf1_relative
GII	PQ373131	GII.17	7550	3CLpro	2917	3478	+	orf1_relative
GII	PQ373131	GII.17	7550	RdRp	4332	5088	+	inferred_from_region_blast
GII	PQ373132	GII.17	7550	VP1	5094	6710	+	genbank
GII	PQ373132	GII.17	7550	VP2	6710	7489	+	genbank
GII	PQ373132	GII.17	7550	ORF1	5	5113	+	genbank
GII	PQ373132	GII.17	7550	p48	5	1332	+	orf1_relative
GII	PQ373132	GII.17	7550	NTPase	1333	2099	+	orf1_relative
GII	PQ373132	GII.17	7550	p22	2100	2507	+	orf1_relative
GII	PQ373132	GII.17	7550	VPg	2508	2916	+	orf1_relative
GII	PQ373132	GII.17	7550	3CLpro	2917	3478	+	orf1_relative
GII	PQ373132	GII.17	7550	RdRp	4332	5088	+	inferred_from_region_blast
GII	PQ373133	GII.17	7551	VP1	5094	6710	+	genbank
GII	PQ373133	GII.17	7551	VP2	6710	7489	+	genbank
GII	PQ373133	GII.17	7551	ORF1	5	5113	+	genbank
GII	PQ373133	GII.17	7551	p48	5	1332	+	orf1_relative
GII	PQ373133	GII.17	7551	NTPase	1333	2099	+	orf1_relative
GII	PQ373133	GII.17	7551	p22	2100	2507	+	orf1_relative
GII	PQ373133	GII.17	7551	VPg	2508	2916	+	orf1_relative
GII	PQ373133	GII.17	7551	3CLpro	2917	3478	+	orf1_relative
GII	PQ373133	GII.17	7551	RdRp	4332	5088	+	inferred_from_region_blast
GII	PQ373134	GII.17	7542	VP1	5090	6706	+	genbank
GII	PQ373134	GII.17	7542	VP2	6706	7485	+	genbank
GII	PQ373134	GII.17	7542	ORF1	1	5109	+	genbank
GII	PQ373134	GII.17	7542	p48	1	1328	+	orf1_relative
GII	PQ373134	GII.17	7542	NTPase	1329	2095	+	orf1_relative
GII	PQ373134	GII.17	7542	p22	2096	2503	+	orf1_relative
GII	PQ373134	GII.17	7542	VPg	2504	2912	+	orf1_relative
GII	PQ373134	GII.17	7542	3CLpro	2913	3474	+	orf1_relative
GII	PQ373134	GII.17	7542	RdRp	4328	5084	+	inferred_from_region_blast
GII	PQ373135	GII.17	7549	VP1	5090	6706	+	genbank
GII	PQ373135	GII.17	7549	VP2	6706	7485	+	genbank
GII	PQ373135	GII.17	7549	ORF1	1	5109	+	genbank
GII	PQ373135	GII.17	7549	p48	1	1328	+	orf1_relative
GII	PQ373135	GII.17	7549	NTPase	1329	2095	+	orf1_relative
GII	PQ373135	GII.17	7549	p22	2096	2503	+	orf1_relative
GII	PQ373135	GII.17	7549	VPg	2504	2912	+	orf1_relative
GII	PQ373135	GII.17	7549	3CLpro	2913	3474	+	orf1_relative
GII	PQ373135	GII.17	7549	RdRp	4328	5084	+	inferred_from_region_blast
GII	PQ373136	GII.17	7506	VP1	5090	6706	+	genbank
GII	PQ373136	GII.17	7506	VP2	6706	7482	+	genbank
GII	PQ373136	GII.17	7506	ORF1	1	5109	+	genbank
GII	PQ373136	GII.17	7506	p48	1	1328	+	orf1_relative
GII	PQ373136	GII.17	7506	NTPase	1329	2095	+	orf1_relative
GII	PQ373136	GII.17	7506	p22	2096	2503	+	orf1_relative
GII	PQ373136	GII.17	7506	VPg	2504	2912	+	orf1_relative
GII	PQ373136	GII.17	7506	3CLpro	2913	3474	+	orf1_relative
GII	PQ373136	GII.17	7506	RdRp	4328	5084	+	inferred_from_region_blast
GII	PQ373137	GII.17	7506	VP1	5090	6706	+	genbank
GII	PQ373137	GII.17	7506	VP2	6706	7482	+	genbank
GII	PQ373137	GII.17	7506	ORF1	1	5109	+	genbank
GII	PQ373137	GII.17	7506	p48	1	1328	+	orf1_relative
GII	PQ373137	GII.17	7506	NTPase	1329	2095	+	orf1_relative
GII	PQ373137	GII.17	7506	p22	2096	2503	+	orf1_relative
GII	PQ373137	GII.17	7506	VPg	2504	2912	+	orf1_relative
GII	PQ373137	GII.17	7506	3CLpro	2913	3474	+	orf1_relative
GII	PQ373137	GII.17	7506	RdRp	4328	5084	+	inferred_from_region_blast
GII	PQ373138	GII.17	7551	VP1	5094	6710	+	genbank
GII	PQ373138	GII.17	7551	VP2	6710	7489	+	genbank
GII	PQ373138	GII.17	7551	ORF1	5	5113	+	genbank
GII	PQ373138	GII.17	7551	p48	5	1332	+	orf1_relative
GII	PQ373138	GII.17	7551	NTPase	1333	2099	+	orf1_relative
GII	PQ373138	GII.17	7551	p22	2100	2507	+	orf1_relative
GII	PQ373138	GII.17	7551	VPg	2508	2916	+	orf1_relative
GII	PQ373138	GII.17	7551	3CLpro	2917	3478	+	orf1_relative
GII	PQ373138	GII.17	7551	RdRp	4332	5088	+	inferred_from_region_blast
GII	PQ373139	GII.17	7551	VP1	5094	6710	+	genbank
GII	PQ373139	GII.17	7551	VP2	6710	7489	+	genbank
GII	PQ373139	GII.17	7551	ORF1	5	5113	+	genbank
GII	PQ373139	GII.17	7551	p48	5	1332	+	orf1_relative
GII	PQ373139	GII.17	7551	NTPase	1333	2099	+	orf1_relative
GII	PQ373139	GII.17	7551	p22	2100	2507	+	orf1_relative
GII	PQ373139	GII.17	7551	VPg	2508	2916	+	orf1_relative
GII	PQ373139	GII.17	7551	3CLpro	2917	3478	+	orf1_relative
GII	PQ373139	GII.17	7551	RdRp	4332	5088	+	inferred_from_region_blast
GII	PQ373140	GII.17	7551	VP1	5094	6710	+	genbank
GII	PQ373140	GII.17	7551	VP2	6710	7489	+	genbank
GII	PQ373140	GII.17	7551	ORF1	5	5113	+	genbank
GII	PQ373140	GII.17	7551	p48	5	1332	+	orf1_relative
GII	PQ373140	GII.17	7551	NTPase	1333	2099	+	orf1_relative
GII	PQ373140	GII.17	7551	p22	2100	2507	+	orf1_relative
GII	PQ373140	GII.17	7551	VPg	2508	2916	+	orf1_relative
GII	PQ373140	GII.17	7551	3CLpro	2917	3478	+	orf1_relative
GII	PQ373140	GII.17	7551	RdRp	4332	5088	+	inferred_from_region_blast
GII	PQ373141	GII.17	7548	VP1	5090	6706	+	genbank
GII	PQ373141	GII.17	7548	VP2	6706	7485	+	genbank
GII	PQ373141	GII.17	7548	ORF1	1	5109	+	genbank
GII	PQ373141	GII.17	7548	p48	1	1328	+	orf1_relative
GII	PQ373141	GII.17	7548	NTPase	1329	2095	+	orf1_relative
GII	PQ373141	GII.17	7548	p22	2096	2503	+	orf1_relative
GII	PQ373141	GII.17	7548	VPg	2504	2912	+	orf1_relative
GII	PQ373141	GII.17	7548	3CLpro	2913	3474	+	orf1_relative
GII	PQ373141	GII.17	7548	RdRp	4328	5084	+	inferred_from_region_blast
GII	PQ373142	GII.17	7550	VP1	5094	6710	+	genbank
GII	PQ373142	GII.17	7550	VP2	6710	7489	+	genbank
GII	PQ373142	GII.17	7550	ORF1	5	5113	+	genbank
GII	PQ373142	GII.17	7550	p48	5	1332	+	orf1_relative
GII	PQ373142	GII.17	7550	NTPase	1333	2099	+	orf1_relative
GII	PQ373142	GII.17	7550	p22	2100	2507	+	orf1_relative
GII	PQ373142	GII.17	7550	VPg	2508	2916	+	orf1_relative
GII	PQ373142	GII.17	7550	3CLpro	2917	3478	+	orf1_relative
GII	PQ373142	GII.17	7550	RdRp	4332	5088	+	inferred_from_region_blast
GII	PQ373143	GII.17	7511	VP1	5090	6706	+	genbank
GII	PQ373143	GII.17	7511	VP2	6706	7485	+	genbank
GII	PQ373143	GII.17	7511	ORF1	1	5109	+	genbank
GII	PQ373143	GII.17	7511	p48	1	1328	+	orf1_relative
GII	PQ373143	GII.17	7511	NTPase	1329	2095	+	orf1_relative
GII	PQ373143	GII.17	7511	p22	2096	2503	+	orf1_relative
GII	PQ373143	GII.17	7511	VPg	2504	2912	+	orf1_relative
GII	PQ373143	GII.17	7511	3CLpro	2913	3474	+	orf1_relative
GII	PQ373143	GII.17	7511	RdRp	4328	5084	+	inferred_from_region_blast
GII	PQ373144	GII.17	7547	VP1	5090	6706	+	genbank
GII	PQ373144	GII.17	7547	VP2	6706	7485	+	genbank
GII	PQ373144	GII.17	7547	ORF1	1	5109	+	genbank
GII	PQ373144	GII.17	7547	p48	1	1328	+	orf1_relative
GII	PQ373144	GII.17	7547	NTPase	1329	2095	+	orf1_relative
GII	PQ373144	GII.17	7547	p22	2096	2503	+	orf1_relative
GII	PQ373144	GII.17	7547	VPg	2504	2912	+	orf1_relative
GII	PQ373144	GII.17	7547	3CLpro	2913	3474	+	orf1_relative
GII	PQ373144	GII.17	7547	RdRp	4328	5084	+	inferred_from_region_blast
GII	PQ373145	GII.17	7547	VP1	5090	6706	+	genbank
GII	PQ373145	GII.17	7547	VP2	6706	7485	+	genbank
GII	PQ373145	GII.17	7547	ORF1	1	5109	+	genbank
GII	PQ373145	GII.17	7547	p48	1	1328	+	orf1_relative
GII	PQ373145	GII.17	7547	NTPase	1329	2095	+	orf1_relative
GII	PQ373145	GII.17	7547	p22	2096	2503	+	orf1_relative
GII	PQ373145	GII.17	7547	VPg	2504	2912	+	orf1_relative
GII	PQ373145	GII.17	7547	3CLpro	2913	3474	+	orf1_relative
GII	PQ373145	GII.17	7547	RdRp	4328	5084	+	inferred_from_region_blast
GII	PQ373146	GII.17	7526	VP1	5090	6706	+	genbank
GII	PQ373146	GII.17	7526	VP2	6706	7485	+	genbank
GII	PQ373146	GII.17	7526	ORF1	1	5109	+	genbank
GII	PQ373146	GII.17	7526	p48	1	1328	+	orf1_relative
GII	PQ373146	GII.17	7526	NTPase	1329	2095	+	orf1_relative
GII	PQ373146	GII.17	7526	p22	2096	2503	+	orf1_relative
GII	PQ373146	GII.17	7526	VPg	2504	2912	+	orf1_relative
GII	PQ373146	GII.17	7526	3CLpro	2913	3474	+	orf1_relative
GII	PQ373146	GII.17	7526	RdRp	4328	5084	+	inferred_from_region_blast
GII	PQ373147	GII.17	7496	VP1	5089	6711	+	genbank
GII	PQ373147	GII.17	7496	VP2	6711	7490	+	genbank
GII	PQ373147	GII.17	7496	ORF1	1	5108	+	genbank
GII	PQ373147	GII.17	7496	p48	1	1328	+	orf1_relative
GII	PQ373147	GII.17	7496	NTPase	1329	2094	+	orf1_relative
GII	PQ373147	GII.17	7496	p22	2095	2503	+	orf1_relative
GII	PQ373147	GII.17	7496	VPg	2504	2912	+	orf1_relative
GII	PQ373147	GII.17	7496	3CLpro	2913	3473	+	orf1_relative
GII	PQ373147	GII.17	7496	RdRp	4327	5083	+	inferred_from_region_blast
GII	MG572182	GII.1	7518	VP1	5085	6692	+	genbank
GII	MG572182	GII.1	7518	VP2	6692	7471	+	genbank
GII	MG572182	GII.1	7518	ORF1	5	5104	+	genbank
GII	MG572182	GII.1	7518	p48	5	1330	+	orf1_relative
GII	MG572182	GII.1	7518	NTPase	1331	2095	+	orf1_relative
GII	MG572182	GII.1	7518	p22	2096	2503	+	orf1_relative
GII	MG572182	GII.1	7518	VPg	2504	2911	+	orf1_relative
GII	MG572182	GII.1	7518	3CLpro	2912	3472	+	orf1_relative
GII	MG572182	GII.1	7518	5'UTR	1	4	+	genbank
GII	MG572182	GII.1	7518	3'UTR	7472	7518	+	genbank
GII	MG572182	GII.1	7518	RdRp	4323	5079	+	inferred_from_region_blast
GII	MK483908	GII.1	7539	VP1	5085	6692	+	genbank
GII	MK483908	GII.1	7539	VP2	6692	7471	+	genbank
GII	MK483908	GII.1	7539	ORF1	5	5104	+	genbank
GII	MK483908	GII.1	7539	p48	5	1330	+	orf1_relative
GII	MK483908	GII.1	7539	NTPase	1331	2095	+	orf1_relative
GII	MK483908	GII.1	7539	p22	2096	2503	+	orf1_relative
GII	MK483908	GII.1	7539	VPg	2504	2911	+	orf1_relative
GII	MK483908	GII.1	7539	3CLpro	2912	3472	+	orf1_relative
GII	MK483908	GII.1	7539	5'UTR	1	4	+	genbank
GII	MK483908	GII.1	7539	3'UTR	7472	7518	+	genbank
GII	MK483908	GII.1	7539	RdRp	4323	5079	+	inferred_from_region_blast
GII	MK616584	GII.1	7452	VP1	5045	6652	+	genbank
GII	MK616584	GII.1	7452	VP2	6652	7425	+	genbank
GII	MK616584	GII.1	7452	ORF1	1	5064	+	genbank
GII	MK616584	GII.1	7452	p48	1	1317	+	orf1_relative
GII	MK616584	GII.1	7452	NTPase	1318	2076	+	orf1_relative
GII	MK616584	GII.1	7452	p22	2077	2481	+	orf1_relative
GII	MK616584	GII.1	7452	VPg	2482	2886	+	orf1_relative
GII	MK616584	GII.1	7452	3CLpro	2887	3444	+	orf1_relative
GII	MK616584	GII.1	7452	RdRp	4283	5039	+	inferred_from_region_blast
GII	MK616585	GII.1	7456	VP1	5063	6670	+	genbank
GII	MK616585	GII.1	7456	VP2	6670	7443	+	genbank
GII	MK616585	GII.1	7456	ORF1	1	5082	+	genbank
GII	MK616585	GII.1	7456	p48	1	1321	+	orf1_relative
GII	MK616585	GII.1	7456	NTPase	1322	2084	+	orf1_relative
GII	MK616585	GII.1	7456	p22	2085	2490	+	orf1_relative
GII	MK616585	GII.1	7456	VPg	2491	2897	+	orf1_relative
GII	MK616585	GII.1	7456	3CLpro	2898	3456	+	orf1_relative
GII	MK616585	GII.1	7456	RdRp	4301	5057	+	inferred_from_region_blast
GII	MK753033	GII.1	7486	VP1	5081	6688	+	genbank
GII	MK753033	GII.1	7486	VP2	6688	7461	+	genbank
GII	MK753033	GII.1	7486	ORF1	1	5100	+	genbank
GII	MK753033	GII.1	7486	p48	1	1326	+	orf1_relative
GII	MK753033	GII.1	7486	NTPase	1327	2091	+	orf1_relative
GII	MK753033	GII.1	7486	p22	2092	2499	+	orf1_relative
GII	MK753033	GII.1	7486	VPg	2500	2907	+	orf1_relative
GII	MK753033	GII.1	7486	3CLpro	2908	3468	+	orf1_relative
GII	MK753033	GII.1	7486	RdRp	4319	5075	+	inferred_from_region_blast
GII	MK753034	GII.1	7494	VP1	5085	6692	+	genbank
GII	MK753034	GII.1	7494	VP2	6692	7465	+	genbank
GII	MK753034	GII.1	7494	ORF1	5	5104	+	genbank
GII	MK753034	GII.1	7494	p48	5	1330	+	orf1_relative
GII	MK753034	GII.1	7494	NTPase	1331	2095	+	orf1_relative
GII	MK753034	GII.1	7494	p22	2096	2503	+	orf1_relative
GII	MK753034	GII.1	7494	VPg	2504	2911	+	orf1_relative
GII	MK753034	GII.1	7494	3CLpro	2912	3472	+	orf1_relative
GII	MK753034	GII.1	7494	RdRp	4323	5079	+	inferred_from_region_blast
GII	MT242487	GII.1	7372	VP1	5087	6694	+	genbank
GII	MT242487	GII.1	7372	VP2	6694	7372	+	genbank
GII	MT242487	GII.1	7372	ORF1	1	5106	+	genbank
GII	MT242487	GII.1	7372	p48	1	1328	+	orf1_relative
GII	MT242487	GII.1	7372	NTPase	1329	2093	+	orf1_relative
GII	MT242487	GII.1	7372	p22	2094	2502	+	orf1_relative
GII	MT242487	GII.1	7372	VPg	2503	2910	+	orf1_relative
GII	MT242487	GII.1	7372	3CLpro	2911	3472	+	orf1_relative
GII	MT242487	GII.1	7372	RdRp	4325	5081	+	inferred_from_region_blast
GII	MW661263	GII.1	7469	VP1	5085	6692	+	genbank
GII	MW661263	GII.1	7469	VP2	6692	7465	+	genbank
GII	MW661263	GII.1	7469	ORF1	5	5104	+	genbank
GII	MW661263	GII.1	7469	p48	5	1330	+	orf1_relative
GII	MW661263	GII.1	7469	NTPase	1331	2095	+	orf1_relative
GII	MW661263	GII.1	7469	p22	2096	2503	+	orf1_relative
GII	MW661263	GII.1	7469	VPg	2504	2911	+	orf1_relative
GII	MW661263	GII.1	7469	3CLpro	2912	3472	+	orf1_relative
GII	MW661263	GII.1	7469	RdRp	4323	5079	+	inferred_from_region_blast
GII	MW661266	GII.1	7511	VP1	5085	6692	+	genbank
GII	MW661266	GII.1	7511	VP2	6692	7465	+	genbank
GII	MW661266	GII.1	7511	ORF1	5	5104	+	genbank
GII	MW661266	GII.1	7511	p48	5	1330	+	orf1_relative
GII	MW661266	GII.1	7511	NTPase	1331	2095	+	orf1_relative
GII	MW661266	GII.1	7511	p22	2096	2503	+	orf1_relative
GII	MW661266	GII.1	7511	VPg	2504	2911	+	orf1_relative
GII	MW661266	GII.1	7511	3CLpro	2912	3472	+	orf1_relative
GII	MW661266	GII.1	7511	RdRp	4323	5079	+	inferred_from_region_blast
GII	MW661267	GII.1	7474	VP1	5085	6692	+	genbank
GII	MW661267	GII.1	7474	VP2	6692	7465	+	genbank
GII	MW661267	GII.1	7474	ORF1	5	5104	+	genbank
GII	MW661267	GII.1	7474	p48	5	1330	+	orf1_relative
GII	MW661267	GII.1	7474	NTPase	1331	2095	+	orf1_relative
GII	MW661267	GII.1	7474	p22	2096	2503	+	orf1_relative
GII	MW661267	GII.1	7474	VPg	2504	2911	+	orf1_relative
GII	MW661267	GII.1	7474	3CLpro	2912	3472	+	orf1_relative
GII	MW661267	GII.1	7474	RdRp	4323	5079	+	inferred_from_region_blast
GII	MW661268	GII.1	7526	VP1	5082	6689	+	genbank
GII	MW661268	GII.1	7526	VP2	6689	7462	+	genbank
GII	MW661268	GII.1	7526	ORF1	2	5101	+	genbank
GII	MW661268	GII.1	7526	p48	2	1327	+	orf1_relative
GII	MW661268	GII.1	7526	NTPase	1328	2092	+	orf1_relative
GII	MW661268	GII.1	7526	p22	2093	2500	+	orf1_relative
GII	MW661268	GII.1	7526	VPg	2501	2908	+	orf1_relative
GII	MW661268	GII.1	7526	3CLpro	2909	3469	+	orf1_relative
GII	MW661268	GII.1	7526	RdRp	4320	5076	+	inferred_from_region_blast
GII	MW661269	GII.1	7544	VP1	5083	6690	+	genbank
GII	MW661269	GII.1	7544	VP2	6690	7463	+	genbank
GII	MW661269	GII.1	7544	ORF1	3	5102	+	genbank
GII	MW661269	GII.1	7544	p48	3	1328	+	orf1_relative
GII	MW661269	GII.1	7544	NTPase	1329	2093	+	orf1_relative
GII	MW661269	GII.1	7544	p22	2094	2501	+	orf1_relative
GII	MW661269	GII.1	7544	VPg	2502	2909	+	orf1_relative
GII	MW661269	GII.1	7544	3CLpro	2910	3470	+	orf1_relative
GII	MW661269	GII.1	7544	RdRp	4321	5077	+	inferred_from_region_blast
GII	MW661270	GII.1	7544	VP1	5084	6691	+	genbank
GII	MW661270	GII.1	7544	VP2	6691	7464	+	genbank
GII	MW661270	GII.1	7544	ORF1	4	5103	+	genbank
GII	MW661270	GII.1	7544	p48	4	1329	+	orf1_relative
GII	MW661270	GII.1	7544	NTPase	1330	2094	+	orf1_relative
GII	MW661270	GII.1	7544	p22	2095	2502	+	orf1_relative
GII	MW661270	GII.1	7544	VPg	2503	2910	+	orf1_relative
GII	MW661270	GII.1	7544	3CLpro	2911	3471	+	orf1_relative
GII	MW661270	GII.1	7544	RdRp	4322	5078	+	inferred_from_region_blast
GII	MW661271	GII.1	7518	VP1	5085	6692	+	genbank
GII	MW661271	GII.1	7518	VP2	6692	7465	+	genbank
GII	MW661271	GII.1	7518	ORF1	5	5104	+	genbank
GII	MW661271	GII.1	7518	p48	5	1330	+	orf1_relative
GII	MW661271	GII.1	7518	NTPase	1331	2095	+	orf1_relative
GII	MW661271	GII.1	7518	p22	2096	2503	+	orf1_relative
GII	MW661271	GII.1	7518	VPg	2504	2911	+	orf1_relative
GII	MW661271	GII.1	7518	3CLpro	2912	3472	+	orf1_relative
GII	MW661271	GII.1	7518	RdRp	4323	5079	+	inferred_from_region_blast
GII	MW661272	GII.1	7529	VP1	5085	6692	+	genbank
GII	MW661272	GII.1	7529	VP2	6692	7465	+	genbank
GII	MW661272	GII.1	7529	ORF1	5	5104	+	genbank
GII	MW661272	GII.1	7529	p48	5	1330	+	orf1_relative
GII	MW661272	GII.1	7529	NTPase	1331	2095	+	orf1_relative
GII	MW661272	GII.1	7529	p22	2096	2503	+	orf1_relative
GII	MW661272	GII.1	7529	VPg	2504	2911	+	orf1_relative
GII	MW661272	GII.1	7529	3CLpro	2912	3472	+	orf1_relative
GII	MW661272	GII.1	7529	RdRp	4323	5079	+	inferred_from_region_blast
GII	OL898506	GII.1	7520	VP1	5091	6698	+	genbank
GII	OL898506	GII.1	7520	VP2	6698	7471	+	genbank
GII	OL898506	GII.1	7520	ORF1	5	5110	+	genbank
GII	OL898506	GII.1	7520	p48	5	1332	+	orf1_relative
GII	OL898506	GII.1	7520	NTPase	1333	2097	+	orf1_relative
GII	OL898506	GII.1	7520	p22	2098	2506	+	orf1_relative
GII	OL898506	GII.1	7520	VPg	2507	2914	+	orf1_relative
GII	OL898506	GII.1	7520	3CLpro	2915	3476	+	orf1_relative
GII	OL898506	GII.1	7520	RdRp	4329	5085	+	inferred_from_region_blast
GII	OP729310	GII.20	7245	VP1	4851	6464	+	genbank
GII	OP729310	GII.20	7245	VP2	6464	7240	+	genbank
GII	OP729310	GII.20	7245	ORF1	1	4870	+	genbank
GII	OP729310	GII.20	7245	p48	1	1266	+	orf1_relative
GII	OP729310	GII.20	7245	NTPase	1267	1997	+	orf1_relative
GII	OP729310	GII.20	7245	p22	1998	2386	+	orf1_relative
GII	OP729310	GII.20	7245	VPg	2387	2776	+	orf1_relative
GII	OP729310	GII.20	7245	3CLpro	2777	3312	+	orf1_relative
GII	OP729310	GII.20	7245	RdRp	4089	4845	+	inferred_from_region_blast
GII	OP729311	GII.20	7245	VP1	4851	6464	+	genbank
GII	OP729311	GII.20	7245	VP2	6464	7240	+	genbank
GII	OP729311	GII.20	7245	ORF1	1	4870	+	genbank
GII	OP729311	GII.20	7245	p48	1	1266	+	orf1_relative
GII	OP729311	GII.20	7245	NTPase	1267	1997	+	orf1_relative
GII	OP729311	GII.20	7245	p22	1998	2386	+	orf1_relative
GII	OP729311	GII.20	7245	VPg	2387	2776	+	orf1_relative
GII	OP729311	GII.20	7245	3CLpro	2777	3312	+	orf1_relative
GII	OP729311	GII.20	7245	RdRp	4089	4845	+	inferred_from_region_blast
GII	OP729312	GII.20	7245	VP1	4851	6464	+	genbank
GII	OP729312	GII.20	7245	VP2	6464	7240	+	genbank
GII	OP729312	GII.20	7245	ORF1	1	4870	+	genbank
GII	OP729312	GII.20	7245	p48	1	1266	+	orf1_relative
GII	OP729312	GII.20	7245	NTPase	1267	1997	+	orf1_relative
GII	OP729312	GII.20	7245	p22	1998	2386	+	orf1_relative
GII	OP729312	GII.20	7245	VPg	2387	2776	+	orf1_relative
GII	OP729312	GII.20	7245	3CLpro	2777	3312	+	orf1_relative
GII	OP729312	GII.20	7245	RdRp	4089	4845	+	inferred_from_region_blast
GII	OP729313	GII.20	7245	VP1	4851	6464	+	genbank
GII	OP729313	GII.20	7245	VP2	6464	7240	+	genbank
GII	OP729313	GII.20	7245	ORF1	1	4870	+	genbank
GII	OP729313	GII.20	7245	p48	1	1266	+	orf1_relative
GII	OP729313	GII.20	7245	NTPase	1267	1997	+	orf1_relative
GII	OP729313	GII.20	7245	p22	1998	2386	+	orf1_relative
GII	OP729313	GII.20	7245	VPg	2387	2776	+	orf1_relative
GII	OP729313	GII.20	7245	3CLpro	2777	3312	+	orf1_relative
GII	OP729313	GII.20	7245	RdRp	4089	4845	+	inferred_from_region_blast
GII	OP729314	GII.20	7245	VP1	4851	6464	+	genbank
GII	OP729314	GII.20	7245	VP2	6464	7240	+	genbank
GII	OP729314	GII.20	7245	ORF1	1	4870	+	genbank
GII	OP729314	GII.20	7245	p48	1	1266	+	orf1_relative
GII	OP729314	GII.20	7245	NTPase	1267	1997	+	orf1_relative
GII	OP729314	GII.20	7245	p22	1998	2386	+	orf1_relative
GII	OP729314	GII.20	7245	VPg	2387	2776	+	orf1_relative
GII	OP729314	GII.20	7245	3CLpro	2777	3312	+	orf1_relative
GII	OP729314	GII.20	7245	RdRp	4089	4845	+	inferred_from_region_blast
GII	KJ196284	GII.21	7491	VP1	5085	6704	+	genbank
GII	KJ196284	GII.21	7491	VP2	6704	7462	+	genbank
GII	KJ196284	GII.21	7491	ORF1	5	5104	+	genbank
GII	KJ196284	GII.21	7491	p48	5	1330	+	orf1_relative
GII	KJ196284	GII.21	7491	NTPase	1331	2095	+	orf1_relative
GII	KJ196284	GII.21	7491	p22	2096	2503	+	orf1_relative
GII	KJ196284	GII.21	7491	VPg	2504	2911	+	orf1_relative
GII	KJ196284	GII.21	7491	3CLpro	2912	3472	+	orf1_relative
GII	KJ196284	GII.21	7491	RdRp	4323	5079	+	inferred_from_region_blast
GII	KX079488	GII.21	7510	VP1	5085	6707	+	genbank
GII	KX079488	GII.21	7510	VP2	6707	7465	+	genbank
GII	KX079488	GII.21	7510	ORF1	5	5104	+	genbank
GII	KX079488	GII.21	7510	p48	5	1330	+	orf1_relative
GII	KX079488	GII.21	7510	NTPase	1331	2095	+	orf1_relative
GII	KX079488	GII.21	7510	p22	2096	2503	+	orf1_relative
GII	KX079488	GII.21	7510	VPg	2504	2911	+	orf1_relative
GII	KX079488	GII.21	7510	3CLpro	2912	3472	+	orf1_relative
GII	KX079488	GII.21	7510	RdRp	4323	5079	+	inferred_from_region_blast
GII	MH702257	GII.21	5836	VP1	3851	5473	+	genbank
GII	MH702257	GII.21	5836	VP2	5473	5836	+	genbank
GII	MH702257	GII.21	5836	ORF1	1	3870	+	genbank
GII	MH702257	GII.21	5836	p48	1	1006	+	orf1_relative
GII	MH702257	GII.21	5836	NTPase	1007	1587	+	orf1_relative
GII	MH702257	GII.21	5836	p22	1588	1896	+	orf1_relative
GII	MH702257	GII.21	5836	VPg	1897	2206	+	orf1_relative
GII	MH702257	GII.21	5836	3CLpro	2207	2632	+	orf1_relative
GII	MH702257	GII.21	5836	RdRp	3089	3845	+	inferred_from_region_blast
GII	MH702285	GII.21	7326	VP1	4996	6618	+	genbank
GII	MH702285	GII.21	7326	VP2	6618	7326	+	genbank
GII	MH702285	GII.21	7326	ORF1	1	5015	+	genbank
GII	MH702285	GII.21	7326	p48	1	1304	+	orf1_relative
GII	MH702285	GII.21	7326	NTPase	1305	2056	+	orf1_relative
GII	MH702285	GII.21	7326	p22	2057	2457	+	orf1_relative
GII	MH702285	GII.21	7326	VPg	2458	2859	+	orf1_relative
GII	MH702285	GII.21	7326	3CLpro	2860	3410	+	orf1_relative
GII	MH702285	GII.21	7326	RdRp	4234	4990	+	inferred_from_region_blast
GII	MW305706	GII.21	7459	VP1	5050	6672	+	genbank
GII	MW305706	GII.21	7459	VP2	6672	7430	+	genbank
GII	MW305706	GII.21	7459	ORF1	1	5069	+	genbank
GII	MW305706	GII.21	7459	p48	1	1318	+	orf1_relative
GII	MW305706	GII.21	7459	NTPase	1319	2078	+	orf1_relative
GII	MW305706	GII.21	7459	p22	2079	2484	+	orf1_relative
GII	MW305706	GII.21	7459	VPg	2485	2889	+	orf1_relative
GII	MW305706	GII.21	7459	3CLpro	2890	3447	+	orf1_relative
GII	MW305706	GII.21	7459	RdRp	4288	5044	+	inferred_from_region_blast
GII	MW305711	GII.21	7459	VP1	5050	6672	+	genbank
GII	MW305711	GII.21	7459	VP2	6672	7430	+	genbank
GII	MW305711	GII.21	7459	ORF1	1	5069	+	genbank
GII	MW305711	GII.21	7459	p48	1	1318	+	orf1_relative
GII	MW305711	GII.21	7459	NTPase	1319	2078	+	orf1_relative
GII	MW305711	GII.21	7459	p22	2079	2484	+	orf1_relative
GII	MW305711	GII.21	7459	VPg	2485	2889	+	orf1_relative
GII	MW305711	GII.21	7459	3CLpro	2890	3447	+	orf1_relative
GII	MW305711	GII.21	7459	RdRp	4288	5044	+	inferred_from_region_blast
GII	MW305712	GII.21	7459	VP1	5050	6672	+	genbank
GII	MW305712	GII.21	7459	VP2	6672	7430	+	genbank
GII	MW305712	GII.21	7459	ORF1	1	5069	+	genbank
GII	MW305712	GII.21	7459	p48	1	1318	+	orf1_relative
GII	MW305712	GII.21	7459	NTPase	1319	2078	+	orf1_relative
GII	MW305712	GII.21	7459	p22	2079	2484	+	orf1_relative
GII	MW305712	GII.21	7459	VPg	2485	2889	+	orf1_relative
GII	MW305712	GII.21	7459	3CLpro	2890	3447	+	orf1_relative
GII	MW305712	GII.21	7459	RdRp	4288	5044	+	inferred_from_region_blast
GII	MF352144	GII.24	7497	VP1	5054	6682	+	genbank
GII	MF352144	GII.24	7497	VP2	6682	7446	+	genbank
GII	MF352144	GII.24	7497	ORF1	91	5073	+	genbank
GII	MF352144	GII.24	7497	p48	91	1386	+	orf1_relative
GII	MF352144	GII.24	7497	NTPase	1387	2133	+	orf1_relative
GII	MF352144	GII.24	7497	p22	2134	2532	+	orf1_relative
GII	MF352144	GII.24	7497	VPg	2533	2930	+	orf1_relative
GII	MF352144	GII.24	7497	3CLpro	2931	3478	+	orf1_relative
GII	MF352144	GII.24	7497	RdRp	4292	5048	+	inferred_from_region_blast
GII	MG572732	GII.24	7497	VP1	5054	6682	+	genbank
GII	MG572732	GII.24	7497	VP2	6682	7446	+	genbank
GII	MG572732	GII.24	7497	ORF1	91	5073	+	genbank
GII	MG572732	GII.24	7497	p48	91	1386	+	orf1_relative
GII	MG572732	GII.24	7497	NTPase	1387	2133	+	orf1_relative
GII	MG572732	GII.24	7497	p22	2134	2532	+	orf1_relative
GII	MG572732	GII.24	7497	VPg	2533	2930	+	orf1_relative
GII	MG572732	GII.24	7497	3CLpro	2931	3478	+	orf1_relative
GII	MG572732	GII.24	7497	RdRp	4292	5048	+	inferred_from_region_blast
GII	MK733202	GII.24	7314	VP1	4884	6515	+	genbank
GII	MK733202	GII.24	7314	VP2	6515	7279	+	genbank
GII	MK733202	GII.24	7314	ORF1	1	4903	+	genbank
GII	MK733202	GII.24	7314	p48	1	1275	+	orf1_relative
GII	MK733202	GII.24	7314	NTPase	1276	2010	+	orf1_relative
GII	MK733202	GII.24	7314	p22	2011	2402	+	orf1_relative
GII	MK733202	GII.24	7314	VPg	2403	2795	+	orf1_relative
GII	MK733202	GII.24	7314	3CLpro	2796	3334	+	orf1_relative
GII	MK733202	GII.24	7314	RdRp	4122	4878	+	inferred_from_region_blast
GII	MK733203	GII.24	7302	VP1	4877	6508	+	genbank
GII	MK733203	GII.24	7302	VP2	6508	7272	+	genbank
GII	MK733203	GII.24	7302	ORF1	1	4896	+	genbank
GII	MK733203	GII.24	7302	p48	1	1273	+	orf1_relative
GII	MK733203	GII.24	7302	NTPase	1274	2007	+	orf1_relative
GII	MK733203	GII.24	7302	p22	2008	2399	+	orf1_relative
GII	MK733203	GII.24	7302	VPg	2400	2791	+	orf1_relative
GII	MK733203	GII.24	7302	3CLpro	2792	3329	+	orf1_relative
GII	MK733203	GII.24	7302	RdRp	4115	4871	+	inferred_from_region_blast
GII	MK733204	GII.24	7314	VP1	4878	6509	+	genbank
GII	MK733204	GII.24	7314	VP2	6509	7273	+	genbank
GII	MK733204	GII.24	7314	ORF1	1	4897	+	genbank
GII	MK733204	GII.24	7314	p48	1	1273	+	orf1_relative
GII	MK733204	GII.24	7314	NTPase	1274	2008	+	orf1_relative
GII	MK733204	GII.24	7314	p22	2009	2400	+	orf1_relative
GII	MK733204	GII.24	7314	VPg	2401	2791	+	orf1_relative
GII	MK733204	GII.24	7314	3CLpro	2792	3330	+	orf1_relative
GII	MK733204	GII.24	7314	RdRp	4116	4872	+	inferred_from_region_blast
GII	MK733205	GII.24	7308	VP1	4872	6503	+	genbank
GII	MK733205	GII.24	7308	VP2	6503	7267	+	genbank
GII	MK733205	GII.24	7308	ORF1	1	4891	+	genbank
GII	MK733205	GII.24	7308	p48	1	1272	+	orf1_relative
GII	MK733205	GII.24	7308	NTPase	1273	2005	+	orf1_relative
GII	MK733205	GII.24	7308	p22	2006	2397	+	orf1_relative
GII	MK733205	GII.24	7308	VPg	2398	2788	+	orf1_relative
GII	MK733205	GII.24	7308	3CLpro	2789	3326	+	orf1_relative
GII	MK733205	GII.24	7308	RdRp	4110	4866	+	inferred_from_region_blast
GII	KY225989	GII.25	7214	VP1	4851	6479	+	genbank
GII	KY225989	GII.25	7214	VP2	6479	7214	+	genbank
GII	KY225989	GII.25	7214	ORF1	1	4870	+	genbank
GII	KY225989	GII.25	7214	p48	1	1266	+	orf1_relative
GII	KY225989	GII.25	7214	NTPase	1267	1997	+	orf1_relative
GII	KY225989	GII.25	7214	p22	1998	2386	+	orf1_relative
GII	KY225989	GII.25	7214	VPg	2387	2776	+	orf1_relative
GII	KY225989	GII.25	7214	3CLpro	2777	3312	+	orf1_relative
GII	KY225989	GII.25	7214	RdRp	4089	4845	+	inferred_from_region_blast
GII	MG495081	GII.25	7241	VP1	4849	6477	+	genbank
GII	MG495081	GII.25	7241	VP2	6477	7241	+	genbank
GII	MG495081	GII.25	7241	ORF1	1	4868	+	genbank
GII	MG495081	GII.25	7241	p48	1	1266	+	orf1_relative
GII	MG495081	GII.25	7241	NTPase	1267	1996	+	orf1_relative
GII	MG495081	GII.25	7241	p22	1997	2385	+	orf1_relative
GII	MG495081	GII.25	7241	VPg	2386	2775	+	orf1_relative
GII	MG495081	GII.25	7241	3CLpro	2776	3310	+	orf1_relative
GII	MG495081	GII.25	7241	RdRp	4087	4843	+	inferred_from_region_blast
GII	MG495084	GII.25	7249	VP1	4849	6477	+	genbank
GII	MG495084	GII.25	7249	VP2	6477	7241	+	genbank
GII	MG495084	GII.25	7249	ORF1	1	4868	+	genbank
GII	MG495084	GII.25	7249	p48	1	1266	+	orf1_relative
GII	MG495084	GII.25	7249	NTPase	1267	1996	+	orf1_relative
GII	MG495084	GII.25	7249	p22	1997	2385	+	orf1_relative
GII	MG495084	GII.25	7249	VPg	2386	2775	+	orf1_relative
GII	MG495084	GII.25	7249	3CLpro	2776	3310	+	orf1_relative
GII	MG495084	GII.25	7249	3'UTR	7241	7249	+	genbank
GII	MG495084	GII.25	7249	RdRp	4087	4843	+	inferred_from_region_blast
GII	MG495085	GII.25	7204	VP1	4844	6472	+	genbank
GII	MG495085	GII.25	7204	VP2	6472	7204	+	genbank
GII	MG495085	GII.25	7204	ORF1	1	4863	+	genbank
GII	MG495085	GII.25	7204	p48	1	1264	+	orf1_relative
GII	MG495085	GII.25	7204	NTPase	1265	1994	+	orf1_relative
GII	MG495085	GII.25	7204	p22	1995	2383	+	orf1_relative
GII	MG495085	GII.25	7204	VPg	2384	2772	+	orf1_relative
GII	MG495085	GII.25	7204	3CLpro	2773	3307	+	orf1_relative
GII	MG495085	GII.25	7204	RdRp	4082	4838	+	inferred_from_region_blast
GII	MG706448	GII.NA2	7525	VP1	5076	6704	+	genbank
GII	MG706448	GII.NA2	7525	VP2	6704	7468	+	genbank
GII	MG706448	GII.NA2	7525	ORF1	5	5095	+	genbank
GII	MG706448	GII.NA2	7525	p48	5	1328	+	orf1_relative
GII	MG706448	GII.NA2	7525	NTPase	1329	2091	+	orf1_relative
GII	MG706448	GII.NA2	7525	p22	2092	2499	+	orf1_relative
GII	MG706448	GII.NA2	7525	VPg	2500	2906	+	orf1_relative
GII	MG706448	GII.NA2	7525	3CLpro	2907	3466	+	orf1_relative
GII	MG706448	GII.NA2	7525	5'UTR	1	4	+	genbank
GII	MG706448	GII.NA2	7525	3'UTR	7469	7525	+	genbank
GII	MG706448	GII.NA2	7525	RdRp	4314	5070	+	inferred_from_region_blast
GII	MN453359	GII.25	7523	VP1	5076	6704	+	genbank
GII	MN453359	GII.25	7523	VP2	6704	7468	+	genbank
GII	MN453359	GII.25	7523	ORF1	5	5095	+	genbank
GII	MN453359	GII.25	7523	p48	5	1328	+	orf1_relative
GII	MN453359	GII.25	7523	NTPase	1329	2091	+	orf1_relative
GII	MN453359	GII.25	7523	p22	2092	2499	+	orf1_relative
GII	MN453359	GII.25	7523	VPg	2500	2906	+	orf1_relative
GII	MN453359	GII.25	7523	3CLpro	2907	3466	+	orf1_relative
GII	MN453359	GII.25	7523	RdRp	4314	5070	+	inferred_from_region_blast
GII	MW305526	GII.25	7459	VP1	5032	6660	+	genbank
GII	MW305526	GII.25	7459	VP2	6660	7424	+	genbank
GII	MW305526	GII.25	7459	ORF1	1	5051	+	genbank
GII	MW305526	GII.25	7459	p48	1	1313	+	orf1_relative
GII	MW305526	GII.25	7459	NTPase	1314	2071	+	orf1_relative
GII	MW305526	GII.25	7459	p22	2072	2475	+	orf1_relative
GII	MW305526	GII.25	7459	VPg	2476	2879	+	orf1_relative
GII	MW305526	GII.25	7459	3CLpro	2880	3435	+	orf1_relative
GII	MW305526	GII.25	7459	RdRp	4270	5026	+	inferred_from_region_blast
GII	NC_044932	GII.25	7525	VP1	5076	6704	+	genbank
GII	NC_044932	GII.25	7525	VP2	6704	7468	+	genbank
GII	NC_044932	GII.25	7525	ORF1	5	5095	+	genbank
GII	NC_044932	GII.25	7525	p48	5	1328	+	orf1_relative
GII	NC_044932	GII.25	7525	NTPase	1329	2091	+	orf1_relative
GII	NC_044932	GII.25	7525	p22	2092	2499	+	orf1_relative
GII	NC_044932	GII.25	7525	VPg	2500	2906	+	orf1_relative
GII	NC_044932	GII.25	7525	3CLpro	2907	3466	+	orf1_relative
GII	NC_044932	GII.25	7525	5'UTR	1	4	+	genbank
GII	NC_044932	GII.25	7525	3'UTR	7469	7525	+	genbank
GII	NC_044932	GII.25	7525	RdRp	4314	5070	+	inferred_from_region_blast
GII	AY134748	GII.2	7537	VP1	5086	6694	+	inferred_from_region_blast
GII	AY134748	GII.2	7537	VP2	6713	7492	+	genbank
GII	AY134748	GII.2	7537	ORF1	5	5104	+	genbank
GII	AY134748	GII.2	7537	p48	5	1330	+	orf1_relative
GII	AY134748	GII.2	7537	NTPase	1331	2095	+	orf1_relative
GII	AY134748	GII.2	7537	p22	2096	2503	+	orf1_relative
GII	AY134748	GII.2	7537	VPg	2504	2911	+	orf1_relative
GII	AY134748	GII.2	7537	3CLpro	2912	3472	+	orf1_relative
GII	AY134748	GII.2	7537	RdRp	4323	5079	+	inferred_from_region_blast
GII	JX846925	GII.2	7492	VP1	5085	6713	+	genbank
GII	JX846925	GII.2	7492	VP2	6713	7492	+	genbank
GII	JX846925	GII.2	7492	ORF1	5	5104	+	genbank
GII	JX846925	GII.2	7492	p48	5	1330	+	orf1_relative
GII	JX846925	GII.2	7492	NTPase	1331	2095	+	orf1_relative
GII	JX846925	GII.2	7492	p22	2096	2503	+	orf1_relative
GII	JX846925	GII.2	7492	VPg	2504	2911	+	orf1_relative
GII	JX846925	GII.2	7492	3CLpro	2912	3472	+	orf1_relative
GII	JX846925	GII.2	7492	RdRp	4323	5079	+	inferred_from_region_blast
GII	KC597138	GII.2	5173	VP1	3772	5173	+	genbank
GII	KC597138	GII.2	5173	ORF1	1	3791	+	genbank
GII	KC597138	GII.2	5173	p48	1	986	+	orf1_relative
GII	KC597138	GII.2	5173	NTPase	987	1554	+	orf1_relative
GII	KC597138	GII.2	5173	p22	1555	1858	+	orf1_relative
GII	KC597138	GII.2	5173	VPg	1859	2161	+	orf1_relative
GII	KC597138	GII.2	5173	3CLpro	2162	2578	+	orf1_relative
GII	KC597138	GII.2	5173	RdRp	3010	3766	+	inferred_from_region_blast
GII	KF429769	GII.2	6156	VP1	5081	6156	+	genbank
GII	KF429769	GII.2	6156	ORF1	1	5100	+	genbank
GII	KF429769	GII.2	6156	p48	1	1326	+	orf1_relative
GII	KF429769	GII.2	6156	NTPase	1327	2091	+	orf1_relative
GII	KF429769	GII.2	6156	p22	2092	2499	+	orf1_relative
GII	KF429769	GII.2	6156	VPg	2500	2907	+	orf1_relative
GII	KF429769	GII.2	6156	3CLpro	2908	3468	+	orf1_relative
GII	KF429769	GII.2	6156	RdRp	4319	5075	+	inferred_from_region_blast
GII	KY865307	GII.2	7497	VP1	5083	6711	+	genbank
GII	KY865307	GII.2	7497	VP2	6711	7490	+	genbank
GII	KY865307	GII.2	7497	ORF1	3	5102	+	genbank
GII	KY865307	GII.2	7497	p48	3	1328	+	orf1_relative
GII	KY865307	GII.2	7497	NTPase	1329	2093	+	orf1_relative
GII	KY865307	GII.2	7497	p22	2094	2501	+	orf1_relative
GII	KY865307	GII.2	7497	VPg	2502	2909	+	orf1_relative
GII	KY865307	GII.2	7497	3CLpro	2910	3470	+	orf1_relative
GII	KY865307	GII.2	7497	5'UTR	1	2	+	genbank
GII	KY865307	GII.2	7497	3'UTR	7491	7497	+	genbank
GII	KY865307	GII.2	7497	RdRp	4321	5077	+	inferred_from_region_blast
GII	KY905336	GII.2	7527	VP1	5080	6708	+	genbank
GII	KY905336	GII.2	7527	VP2	6708	7487	+	genbank
GII	KY905336	GII.2	7527	ORF1	1	5099	+	genbank
GII	KY905336	GII.2	7527	p48	1	1326	+	orf1_relative
GII	KY905336	GII.2	7527	NTPase	1327	2091	+	orf1_relative
GII	KY905336	GII.2	7527	p22	2092	2499	+	orf1_relative
GII	KY905336	GII.2	7527	VPg	2500	2906	+	orf1_relative
GII	KY905336	GII.2	7527	3CLpro	2907	3467	+	orf1_relative
GII	KY905336	GII.2	7527	3'UTR	7488	7526	+	genbank
GII	KY905336	GII.2	7527	RdRp	4318	5074	+	inferred_from_region_blast
GII	KY905337	GII.2	7522	VP1	5080	6708	+	genbank
GII	KY905337	GII.2	7522	VP2	6708	7487	+	genbank
GII	KY905337	GII.2	7522	ORF1	1	5099	+	genbank
GII	KY905337	GII.2	7522	p48	1	1326	+	orf1_relative
GII	KY905337	GII.2	7522	NTPase	1327	2091	+	orf1_relative
GII	KY905337	GII.2	7522	p22	2092	2499	+	orf1_relative
GII	KY905337	GII.2	7522	VPg	2500	2906	+	orf1_relative
GII	KY905337	GII.2	7522	3CLpro	2907	3467	+	orf1_relative
GII	KY905337	GII.2	7522	3'UTR	7488	7521	+	genbank
GII	KY905337	GII.2	7522	RdRp	4318	5074	+	inferred_from_region_blast
GII	KY905338	GII.2	7522	VP1	5080	6708	+	genbank
GII	KY905338	GII.2	7522	VP2	6708	7487	+	genbank
GII	KY905338	GII.2	7522	ORF1	1	5099	+	genbank
GII	KY905338	GII.2	7522	p48	1	1326	+	orf1_relative
GII	KY905338	GII.2	7522	NTPase	1327	2091	+	orf1_relative
GII	KY905338	GII.2	7522	p22	2092	2499	+	orf1_relative
GII	KY905338	GII.2	7522	VPg	2500	2906	+	orf1_relative
GII	KY905338	GII.2	7522	3CLpro	2907	3467	+	orf1_relative
GII	KY905338	GII.2	7522	3'UTR	7488	7521	+	genbank
GII	KY905338	GII.2	7522	RdRp	4318	5074	+	inferred_from_region_blast
GII	LC122851	GII.2	7521	VP1	5071	6679	+	inferred_from_region_blast
GII	LC122851	GII.2	7521	RdRp	4308	5064	+	inferred_from_region_blast
GII	LC122852	GII.2	7525	VP1	5075	6683	+	inferred_from_region_blast
GII	LC122852	GII.2	7525	RdRp	4312	5068	+	inferred_from_region_blast
GII	LC122853	GII.2	7531	VP1	5081	6689	+	inferred_from_region_blast
GII	LC122853	GII.2	7531	RdRp	4318	5074	+	inferred_from_region_blast
GII	LC122854	GII.2	7522	VP1	5075	6683	+	inferred_from_region_blast
GII	LC122854	GII.2	7522	RdRp	4312	5068	+	inferred_from_region_blast
GII	LC122855	GII.2	7520	VP1	5072	6680	+	inferred_from_region_blast
GII	LC122855	GII.2	7520	RdRp	4309	5065	+	inferred_from_region_blast
GII	LC122856	GII.2	7536	VP1	5086	6694	+	inferred_from_region_blast
GII	LC122856	GII.2	7536	RdRp	4323	5079	+	inferred_from_region_blast
GII	LC209436	GII.2	7526	VP1	5075	6703	+	genbank
GII	LC209436	GII.2	7526	VP2	6703	7482	+	genbank
GII	LC209436	GII.2	7526	ORF1	1	5094	+	genbank
GII	LC209436	GII.2	7526	p48	1	1324	+	orf1_relative
GII	LC209436	GII.2	7526	NTPase	1325	2089	+	orf1_relative
GII	LC209436	GII.2	7526	p22	2090	2496	+	orf1_relative
GII	LC209436	GII.2	7526	VPg	2497	2904	+	orf1_relative
GII	LC209436	GII.2	7526	3CLpro	2905	3464	+	orf1_relative
GII	LC209436	GII.2	7526	RdRp	4313	5069	+	inferred_from_region_blast
GII	LC209437	GII.2	7519	VP1	5075	6703	+	genbank
GII	LC209437	GII.2	7519	VP2	6703	7482	+	genbank
GII	LC209437	GII.2	7519	ORF1	1	5094	+	genbank
GII	LC209437	GII.2	7519	p48	1	1324	+	orf1_relative
GII	LC209437	GII.2	7519	NTPase	1325	2089	+	orf1_relative
GII	LC209437	GII.2	7519	p22	2090	2496	+	orf1_relative
GII	LC209437	GII.2	7519	VPg	2497	2904	+	orf1_relative
GII	LC209437	GII.2	7519	3CLpro	2905	3464	+	orf1_relative
GII	LC209437	GII.2	7519	RdRp	4313	5069	+	inferred_from_region_blast
GII	LC209438	GII.2	7523	VP1	5079	6707	+	genbank
GII	LC209438	GII.2	7523	VP2	6707	7486	+	genbank
GII	LC209438	GII.2	7523	ORF1	1	5098	+	genbank
GII	LC209438	GII.2	7523	p48	1	1325	+	orf1_relative
GII	LC209438	GII.2	7523	NTPase	1326	2090	+	orf1_relative
GII	LC209438	GII.2	7523	p22	2091	2498	+	orf1_relative
GII	LC209438	GII.2	7523	VPg	2499	2906	+	orf1_relative
GII	LC209438	GII.2	7523	3CLpro	2907	3467	+	orf1_relative
GII	LC209438	GII.2	7523	RdRp	4317	5073	+	inferred_from_region_blast
GII	LC209439	GII.2	7536	VP1	5085	6713	+	genbank
GII	LC209439	GII.2	7536	VP2	6713	7492	+	genbank
GII	LC209439	GII.2	7536	ORF1	5	5104	+	genbank
GII	LC209439	GII.2	7536	p48	5	1330	+	orf1_relative
GII	LC209439	GII.2	7536	NTPase	1331	2095	+	orf1_relative
GII	LC209439	GII.2	7536	p22	2096	2503	+	orf1_relative
GII	LC209439	GII.2	7536	VPg	2504	2911	+	orf1_relative
GII	LC209439	GII.2	7536	3CLpro	2912	3472	+	orf1_relative
GII	LC209439	GII.2	7536	RdRp	4323	5079	+	inferred_from_region_blast
GII	LC209440	GII.2	7519	VP1	5071	6699	+	genbank
GII	LC209440	GII.2	7519	VP2	6699	7478	+	genbank
GII	LC209440	GII.2	7519	ORF1	1	5090	+	genbank
GII	LC209440	GII.2	7519	p48	1	1323	+	orf1_relative
GII	LC209440	GII.2	7519	NTPase	1324	2087	+	orf1_relative
GII	LC209440	GII.2	7519	p22	2088	2494	+	orf1_relative
GII	LC209440	GII.2	7519	VPg	2495	2901	+	orf1_relative
GII	LC209440	GII.2	7519	3CLpro	2902	3461	+	orf1_relative
GII	LC209440	GII.2	7519	RdRp	4309	5065	+	inferred_from_region_blast
GII	LC209457	GII.2	7559	VP1	5070	6698	+	genbank
GII	LC209457	GII.2	7559	VP2	6698	7477	+	genbank
GII	LC209457	GII.2	7559	ORF1	1	5089	+	genbank
GII	LC209457	GII.2	7559	p48	1	1323	+	orf1_relative
GII	LC209457	GII.2	7559	NTPase	1324	2086	+	orf1_relative
GII	LC209457	GII.2	7559	p22	2087	2494	+	orf1_relative
GII	LC209457	GII.2	7559	VPg	2495	2901	+	orf1_relative
GII	LC209457	GII.2	7559	3CLpro	2902	3461	+	orf1_relative
GII	LC209457	GII.2	7559	RdRp	4308	5064	+	inferred_from_region_blast
GII	LC209462	GII.2	7520	VP1	5071	6699	+	genbank
GII	LC209462	GII.2	7520	VP2	6699	7478	+	genbank
GII	LC209462	GII.2	7520	ORF1	1	5090	+	genbank
GII	LC209462	GII.2	7520	p48	1	1323	+	orf1_relative
GII	LC209462	GII.2	7520	NTPase	1324	2087	+	orf1_relative
GII	LC209462	GII.2	7520	p22	2088	2494	+	orf1_relative
GII	LC209462	GII.2	7520	VPg	2495	2901	+	orf1_relative
GII	LC209462	GII.2	7520	3CLpro	2902	3461	+	orf1_relative
GII	LC209462	GII.2	7520	RdRp	4309	5065	+	inferred_from_region_blast
GII	LC209463	GII.2	7536	VP1	5085	6713	+	genbank
GII	LC209463	GII.2	7536	VP2	6713	7492	+	genbank
GII	LC209463	GII.2	7536	ORF1	5	5104	+	genbank
GII	LC209463	GII.2	7536	p48	5	1330	+	orf1_relative
GII	LC209463	GII.2	7536	NTPase	1331	2095	+	orf1_relative
GII	LC209463	GII.2	7536	p22	2096	2503	+	orf1_relative
GII	LC209463	GII.2	7536	VPg	2504	2911	+	orf1_relative
GII	LC209463	GII.2	7536	3CLpro	2912	3472	+	orf1_relative
GII	LC209463	GII.2	7536	RdRp	4323	5079	+	inferred_from_region_blast
GII	LC209464	GII.2	7531	VP1	5080	6708	+	genbank
GII	LC209464	GII.2	7531	VP2	6708	7487	+	genbank
GII	LC209464	GII.2	7531	ORF1	1	5099	+	genbank
GII	LC209464	GII.2	7531	p48	1	1326	+	orf1_relative
GII	LC209464	GII.2	7531	NTPase	1327	2091	+	orf1_relative
GII	LC209464	GII.2	7531	p22	2092	2499	+	orf1_relative
GII	LC209464	GII.2	7531	VPg	2500	2906	+	orf1_relative
GII	LC209464	GII.2	7531	3CLpro	2907	3467	+	orf1_relative
GII	LC209464	GII.2	7531	RdRp	4318	5074	+	inferred_from_region_blast
GII	LC209465	GII.2	7525	VP1	5074	6702	+	genbank
GII	LC209465	GII.2	7525	VP2	6702	7481	+	genbank
GII	LC209465	GII.2	7525	ORF1	1	5093	+	genbank
GII	LC209465	GII.2	7525	p48	1	1324	+	orf1_relative
GII	LC209465	GII.2	7525	NTPase	1325	2088	+	orf1_relative
GII	LC209465	GII.2	7525	p22	2089	2496	+	orf1_relative
GII	LC209465	GII.2	7525	VPg	2497	2903	+	orf1_relative
GII	LC209465	GII.2	7525	3CLpro	2904	3463	+	orf1_relative
GII	LC209465	GII.2	7525	RdRp	4312	5068	+	inferred_from_region_blast
GII	LC209469	GII.2	7522	VP1	5074	6702	+	genbank
GII	LC209469	GII.2	7522	VP2	6702	7481	+	genbank
GII	LC209469	GII.2	7522	ORF1	1	5093	+	genbank
GII	LC209469	GII.2	7522	p48	1	1324	+	orf1_relative
GII	LC209469	GII.2	7522	NTPase	1325	2088	+	orf1_relative
GII	LC209469	GII.2	7522	p22	2089	2496	+	orf1_relative
GII	LC209469	GII.2	7522	VPg	2497	2903	+	orf1_relative
GII	LC209469	GII.2	7522	3CLpro	2904	3463	+	orf1_relative
GII	LC209469	GII.2	7522	RdRp	4312	5068	+	inferred_from_region_blast
GII	LC209472	GII.2	7524	VP1	5073	6701	+	genbank
GII	LC209472	GII.2	7524	VP2	6701	7480	+	genbank
GII	LC209472	GII.2	7524	ORF1	1	5092	+	genbank
GII	LC209472	GII.2	7524	p48	1	1324	+	orf1_relative
GII	LC209472	GII.2	7524	NTPase	1325	2088	+	orf1_relative
GII	LC209472	GII.2	7524	p22	2089	2495	+	orf1_relative
GII	LC209472	GII.2	7524	VPg	2496	2902	+	orf1_relative
GII	LC209472	GII.2	7524	3CLpro	2903	3463	+	orf1_relative
GII	LC209472	GII.2	7524	RdRp	4311	5067	+	inferred_from_region_blast
GII	LC209473	GII.2	7522	VP1	5071	6699	+	genbank
GII	LC209473	GII.2	7522	VP2	6699	7478	+	genbank
GII	LC209473	GII.2	7522	ORF1	1	5090	+	genbank
GII	LC209473	GII.2	7522	p48	1	1323	+	orf1_relative
GII	LC209473	GII.2	7522	NTPase	1324	2087	+	orf1_relative
GII	LC209473	GII.2	7522	p22	2088	2494	+	orf1_relative
GII	LC209473	GII.2	7522	VPg	2495	2901	+	orf1_relative
GII	LC209473	GII.2	7522	3CLpro	2902	3461	+	orf1_relative
GII	LC209473	GII.2	7522	RdRp	4309	5065	+	inferred_from_region_blast
GII	LC209474	GII.2	7521	VP1	5070	6698	+	genbank
GII	LC209474	GII.2	7521	VP2	6698	7477	+	genbank
GII	LC209474	GII.2	7521	ORF1	1	5089	+	genbank
GII	LC209474	GII.2	7521	p48	1	1323	+	orf1_relative
GII	LC209474	GII.2	7521	NTPase	1324	2086	+	orf1_relative
GII	LC209474	GII.2	7521	p22	2087	2494	+	orf1_relative
GII	LC209474	GII.2	7521	VPg	2495	2901	+	orf1_relative
GII	LC209474	GII.2	7521	3CLpro	2902	3461	+	orf1_relative
GII	LC209474	GII.2	7521	RdRp	4308	5064	+	inferred_from_region_blast
GII	LC384108	GII.2	7540	VP1	5086	6694	+	inferred_from_region_blast
GII	LC384108	GII.2	7540	ORF1	5	5104	+	genbank
GII	LC384108	GII.2	7540	p48	5	1330	+	orf1_relative
GII	LC384108	GII.2	7540	NTPase	1331	2095	+	orf1_relative
GII	LC384108	GII.2	7540	p22	2096	2503	+	orf1_relative
GII	LC384108	GII.2	7540	VPg	2504	2911	+	orf1_relative
GII	LC384108	GII.2	7540	3CLpro	2912	3472	+	orf1_relative
GII	LC384108	GII.2	7540	RdRp	4323	5079	+	inferred_from_region_blast
GII	LC384109	GII.2	7517	VP1	5086	6694	+	inferred_from_region_blast
GII	LC384109	GII.2	7517	ORF1	5	5104	+	genbank
GII	LC384109	GII.2	7517	p48	5	1330	+	orf1_relative
GII	LC384109	GII.2	7517	NTPase	1331	2095	+	orf1_relative
GII	LC384109	GII.2	7517	p22	2096	2503	+	orf1_relative
GII	LC384109	GII.2	7517	VPg	2504	2911	+	orf1_relative
GII	LC384109	GII.2	7517	3CLpro	2912	3472	+	orf1_relative
GII	LC384109	GII.2	7517	RdRp	4323	5079	+	inferred_from_region_blast
GII	LC384110	GII.2	7492	VP1	5086	6694	+	inferred_from_region_blast
GII	LC384110	GII.2	7492	ORF1	5	5104	+	genbank
GII	LC384110	GII.2	7492	p48	5	1330	+	orf1_relative
GII	LC384110	GII.2	7492	NTPase	1331	2095	+	orf1_relative
GII	LC384110	GII.2	7492	p22	2096	2503	+	orf1_relative
GII	LC384110	GII.2	7492	VPg	2504	2911	+	orf1_relative
GII	LC384110	GII.2	7492	3CLpro	2912	3472	+	orf1_relative
GII	LC384110	GII.2	7492	RdRp	4323	5079	+	inferred_from_region_blast
GII	LC384111	GII.2	7536	VP1	5086	6694	+	inferred_from_region_blast
GII	LC384111	GII.2	7536	ORF1	5	5104	+	genbank
GII	LC384111	GII.2	7536	p48	5	1330	+	orf1_relative
GII	LC384111	GII.2	7536	NTPase	1331	2095	+	orf1_relative
GII	LC384111	GII.2	7536	p22	2096	2503	+	orf1_relative
GII	LC384111	GII.2	7536	VPg	2504	2911	+	orf1_relative
GII	LC384111	GII.2	7536	3CLpro	2912	3472	+	orf1_relative
GII	LC384111	GII.2	7536	RdRp	4323	5079	+	inferred_from_region_blast
GII	LC384112	GII.2	7536	VP1	5086	6694	+	inferred_from_region_blast
GII	LC384112	GII.2	7536	ORF1	5	5104	+	genbank
GII	LC384112	GII.2	7536	p48	5	1330	+	orf1_relative
GII	LC384112	GII.2	7536	NTPase	1331	2095	+	orf1_relative
GII	LC384112	GII.2	7536	p22	2096	2503	+	orf1_relative
GII	LC384112	GII.2	7536	VPg	2504	2911	+	orf1_relative
GII	LC384112	GII.2	7536	3CLpro	2912	3472	+	orf1_relative
GII	LC384112	GII.2	7536	RdRp	4323	5079	+	inferred_from_region_blast
GII	LC646332	GII.2	7480	VP1	5073	6701	+	genbank
GII	LC646332	GII.2	7480	VP2	6701	7480	+	genbank
GII	LC646332	GII.2	7480	ORF1	1	5092	+	genbank
GII	LC646332	GII.2	7480	p48	1	1324	+	orf1_relative
GII	LC646332	GII.2	7480	NTPase	1325	2088	+	orf1_relative
GII	LC646332	GII.2	7480	p22	2089	2495	+	orf1_relative
GII	LC646332	GII.2	7480	VPg	2496	2902	+	orf1_relative
GII	LC646332	GII.2	7480	3CLpro	2903	3463	+	orf1_relative
GII	LC646332	GII.2	7480	RdRp	4311	5067	+	inferred_from_region_blast
GII	LC646333	GII.2	7478	VP1	5071	6699	+	genbank
GII	LC646333	GII.2	7478	VP2	6699	7478	+	genbank
GII	LC646333	GII.2	7478	ORF1	1	5090	+	genbank
GII	LC646333	GII.2	7478	p48	1	1323	+	orf1_relative
GII	LC646333	GII.2	7478	NTPase	1324	2087	+	orf1_relative
GII	LC646333	GII.2	7478	p22	2088	2494	+	orf1_relative
GII	LC646333	GII.2	7478	VPg	2495	2901	+	orf1_relative
GII	LC646333	GII.2	7478	3CLpro	2902	3461	+	orf1_relative
GII	LC646333	GII.2	7478	RdRp	4309	5065	+	inferred_from_region_blast
GII	LC726079	GII.2	7346	VP1	4951	6579	+	genbank
GII	LC726079	GII.2	7346	VP2	6579	7346	+	genbank
GII	LC726079	GII.2	7346	ORF1	1	4970	+	genbank
GII	LC726079	GII.2	7346	p48	1	1292	+	orf1_relative
GII	LC726079	GII.2	7346	NTPase	1293	2038	+	orf1_relative
GII	LC726079	GII.2	7346	p22	2039	2435	+	orf1_relative
GII	LC726079	GII.2	7346	VPg	2436	2833	+	orf1_relative
GII	LC726079	GII.2	7346	3CLpro	2834	3380	+	orf1_relative
GII	LC726079	GII.2	7346	RdRp	4189	4945	+	inferred_from_region_blast
GII	LC726080	GII.2	7439	VP1	5039	6667	+	genbank
GII	LC726080	GII.2	7439	VP2	6667	7439	+	genbank
GII	LC726080	GII.2	7439	ORF1	1	5058	+	genbank
GII	LC726080	GII.2	7439	p48	1	1315	+	orf1_relative
GII	LC726080	GII.2	7439	NTPase	1316	2074	+	orf1_relative
GII	LC726080	GII.2	7439	p22	2075	2478	+	orf1_relative
GII	LC726080	GII.2	7439	VPg	2479	2883	+	orf1_relative
GII	LC726080	GII.2	7439	3CLpro	2884	3439	+	orf1_relative
GII	LC726080	GII.2	7439	RdRp	4277	5033	+	inferred_from_region_blast
GII	LC726081	GII.2	7367	VP1	4976	6604	+	genbank
GII	LC726081	GII.2	7367	VP2	6604	7367	+	genbank
GII	LC726081	GII.2	7367	ORF1	1	4995	+	genbank
GII	LC726081	GII.2	7367	p48	1	1299	+	orf1_relative
GII	LC726081	GII.2	7367	NTPase	1300	2048	+	orf1_relative
GII	LC726081	GII.2	7367	p22	2049	2448	+	orf1_relative
GII	LC726081	GII.2	7367	VPg	2449	2847	+	orf1_relative
GII	LC726081	GII.2	7367	3CLpro	2848	3397	+	orf1_relative
GII	LC726081	GII.2	7367	RdRp	4214	4970	+	inferred_from_region_blast
GII	LC726082	GII.2	7492	VP1	5068	6696	+	genbank
GII	LC726082	GII.2	7492	VP2	6696	7475	+	genbank
GII	LC726082	GII.2	7492	ORF1	1	5087	+	genbank
GII	LC726082	GII.2	7492	p48	1	1323	+	orf1_relative
GII	LC726082	GII.2	7492	NTPase	1324	2086	+	orf1_relative
GII	LC726082	GII.2	7492	p22	2087	2493	+	orf1_relative
GII	LC726082	GII.2	7492	VPg	2494	2900	+	orf1_relative
GII	LC726082	GII.2	7492	3CLpro	2901	3459	+	orf1_relative
GII	LC726082	GII.2	7492	RdRp	4306	5062	+	inferred_from_region_blast
GII	LC726083	GII.2	7500	VP1	5069	6697	+	genbank
GII	LC726083	GII.2	7500	VP2	6697	7476	+	genbank
GII	LC726083	GII.2	7500	ORF1	1	5088	+	genbank
GII	LC726083	GII.2	7500	p48	1	1323	+	orf1_relative
GII	LC726083	GII.2	7500	NTPase	1324	2086	+	orf1_relative
GII	LC726083	GII.2	7500	p22	2087	2493	+	orf1_relative
GII	LC726083	GII.2	7500	VPg	2494	2900	+	orf1_relative
GII	LC726083	GII.2	7500	3CLpro	2901	3460	+	orf1_relative
GII	LC726083	GII.2	7500	RdRp	4307	5063	+	inferred_from_region_blast
GII	LC726084	GII.2	7364	VP1	4940	6568	+	genbank
GII	LC726084	GII.2	7364	VP2	6568	7347	+	genbank
GII	LC726084	GII.2	7364	ORF1	1	4959	+	genbank
GII	LC726084	GII.2	7364	p48	1	1289	+	orf1_relative
GII	LC726084	GII.2	7364	NTPase	1290	2033	+	orf1_relative
GII	LC726084	GII.2	7364	p22	2034	2430	+	orf1_relative
GII	LC726084	GII.2	7364	VPg	2431	2827	+	orf1_relative
GII	LC726084	GII.2	7364	3CLpro	2828	3372	+	orf1_relative
GII	LC726084	GII.2	7364	RdRp	4178	4934	+	inferred_from_region_blast
GII	LC726085	GII.2	7499	VP1	5068	6696	+	genbank
GII	LC726085	GII.2	7499	VP2	6696	7475	+	genbank
GII	LC726085	GII.2	7499	ORF1	1	5087	+	genbank
GII	LC726085	GII.2	7499	p48	1	1323	+	orf1_relative
GII	LC726085	GII.2	7499	NTPase	1324	2086	+	orf1_relative
GII	LC726085	GII.2	7499	p22	2087	2493	+	orf1_relative
GII	LC726085	GII.2	7499	VPg	2494	2900	+	orf1_relative
GII	LC726085	GII.2	7499	3CLpro	2901	3459	+	orf1_relative
GII	LC726085	GII.2	7499	RdRp	4306	5062	+	inferred_from_region_blast
GII	LC726086	GII.2	7491	VP1	5064	6692	+	genbank
GII	LC726086	GII.2	7491	VP2	6692	7471	+	genbank
GII	LC726086	GII.2	7491	ORF1	1	5083	+	genbank
GII	LC726086	GII.2	7491	p48	1	1322	+	orf1_relative
GII	LC726086	GII.2	7491	NTPase	1323	2084	+	orf1_relative
GII	LC726086	GII.2	7491	p22	2085	2491	+	orf1_relative
GII	LC726086	GII.2	7491	VPg	2492	2897	+	orf1_relative
GII	LC726086	GII.2	7491	3CLpro	2898	3456	+	orf1_relative
GII	LC726086	GII.2	7491	RdRp	4302	5058	+	inferred_from_region_blast
GII	LC726087	GII.2	7493	VP1	5060	6688	+	genbank
GII	LC726087	GII.2	7493	VP2	6688	7467	+	genbank
GII	LC726087	GII.2	7493	ORF1	1	5079	+	genbank
GII	LC726087	GII.2	7493	p48	1	1321	+	orf1_relative
GII	LC726087	GII.2	7493	NTPase	1322	2082	+	orf1_relative
GII	LC726087	GII.2	7493	p22	2083	2489	+	orf1_relative
GII	LC726087	GII.2	7493	VPg	2490	2895	+	orf1_relative
GII	LC726087	GII.2	7493	3CLpro	2896	3454	+	orf1_relative
GII	LC726087	GII.2	7493	RdRp	4298	5054	+	inferred_from_region_blast
GII	LC726088	GII.2	7484	VP1	5064	6692	+	genbank
GII	LC726088	GII.2	7484	VP2	6692	7471	+	genbank
GII	LC726088	GII.2	7484	ORF1	1	5083	+	genbank
GII	LC726088	GII.2	7484	p48	1	1322	+	orf1_relative
GII	LC726088	GII.2	7484	NTPase	1323	2084	+	orf1_relative
GII	LC726088	GII.2	7484	p22	2085	2491	+	orf1_relative
GII	LC726088	GII.2	7484	VPg	2492	2897	+	orf1_relative
GII	LC726088	GII.2	7484	3CLpro	2898	3456	+	orf1_relative
GII	LC726088	GII.2	7484	RdRp	4302	5058	+	inferred_from_region_blast
GII	LC726089	GII.2	7516	VP1	5064	6692	+	genbank
GII	LC726089	GII.2	7516	VP2	6692	7471	+	genbank
GII	LC726089	GII.2	7516	ORF1	1	5083	+	genbank
GII	LC726089	GII.2	7516	p48	1	1322	+	orf1_relative
GII	LC726089	GII.2	7516	NTPase	1323	2084	+	orf1_relative
GII	LC726089	GII.2	7516	p22	2085	2491	+	orf1_relative
GII	LC726089	GII.2	7516	VPg	2492	2897	+	orf1_relative
GII	LC726089	GII.2	7516	3CLpro	2898	3456	+	orf1_relative
GII	LC726089	GII.2	7516	RdRp	4302	5058	+	inferred_from_region_blast
GII	LC726090	GII.2	7483	VP1	5064	6692	+	genbank
GII	LC726090	GII.2	7483	VP2	6692	7471	+	genbank
GII	LC726090	GII.2	7483	ORF1	1	5083	+	genbank
GII	LC726090	GII.2	7483	p48	1	1322	+	orf1_relative
GII	LC726090	GII.2	7483	NTPase	1323	2084	+	orf1_relative
GII	LC726090	GII.2	7483	p22	2085	2491	+	orf1_relative
GII	LC726090	GII.2	7483	VPg	2492	2897	+	orf1_relative
GII	LC726090	GII.2	7483	3CLpro	2898	3456	+	orf1_relative
GII	LC726090	GII.2	7483	RdRp	4302	5058	+	inferred_from_region_blast
GII	LC790055	GII.2	5781	VP1	3379	5007	+	genbank
GII	LC790055	GII.2	5781	VP2	5007	5781	+	genbank
GII	LC790055	GII.2	5781	ORF1	1	3398	+	genbank
GII	LC790055	GII.2	5781	p48	1	883	+	orf1_relative
GII	LC790055	GII.2	5781	NTPase	884	1393	+	orf1_relative
GII	LC790055	GII.2	5781	p22	1394	1665	+	orf1_relative
GII	LC790055	GII.2	5781	VPg	1666	1937	+	orf1_relative
GII	LC790055	GII.2	5781	3CLpro	1938	2311	+	orf1_relative
GII	LC790055	GII.2	5781	RdRp	2617	3373	+	inferred_from_region_blast
GII	LC790062	GII.2	7490	VP1	5073	6701	+	genbank
GII	LC790062	GII.2	7490	VP2	6701	7480	+	genbank
GII	LC790062	GII.2	7490	ORF1	1	5092	+	genbank
GII	LC790062	GII.2	7490	p48	1	1324	+	orf1_relative
GII	LC790062	GII.2	7490	NTPase	1325	2088	+	orf1_relative
GII	LC790062	GII.2	7490	p22	2089	2495	+	orf1_relative
GII	LC790062	GII.2	7490	VPg	2496	2902	+	orf1_relative
GII	LC790062	GII.2	7490	3CLpro	2903	3463	+	orf1_relative
GII	LC790062	GII.2	7490	RdRp	4311	5067	+	inferred_from_region_blast
GII	MF167650	GII.2	7502	VP1	5082	6690	+	inferred_from_region_blast
GII	MF167650	GII.2	7502	VP2	6709	7488	+	genbank
GII	MF167650	GII.2	7502	ORF1	1	5100	+	genbank
GII	MF167650	GII.2	7502	p48	1	1326	+	orf1_relative
GII	MF167650	GII.2	7502	NTPase	1327	2091	+	orf1_relative
GII	MF167650	GII.2	7502	p22	2092	2499	+	orf1_relative
GII	MF167650	GII.2	7502	VPg	2500	2907	+	orf1_relative
GII	MF167650	GII.2	7502	3CLpro	2908	3468	+	orf1_relative
GII	MF167650	GII.2	7502	RdRp	4319	5075	+	inferred_from_region_blast
GII	MF167651	GII.2	7502	VP1	5082	6690	+	inferred_from_region_blast
GII	MF167651	GII.2	7502	VP2	6709	7488	+	genbank
GII	MF167651	GII.2	7502	ORF1	1	5100	+	genbank
GII	MF167651	GII.2	7502	p48	1	1326	+	orf1_relative
GII	MF167651	GII.2	7502	NTPase	1327	2091	+	orf1_relative
GII	MF167651	GII.2	7502	p22	2092	2499	+	orf1_relative
GII	MF167651	GII.2	7502	VPg	2500	2907	+	orf1_relative
GII	MF167651	GII.2	7502	3CLpro	2908	3468	+	orf1_relative
GII	MF167651	GII.2	7502	RdRp	4319	5075	+	inferred_from_region_blast
GII	MF167652	GII.2	7502	VP1	5082	6690	+	inferred_from_region_blast
GII	MF167652	GII.2	7502	VP2	6709	7488	+	genbank
GII	MF167652	GII.2	7502	ORF1	1	5100	+	genbank
GII	MF167652	GII.2	7502	p48	1	1326	+	orf1_relative
GII	MF167652	GII.2	7502	NTPase	1327	2091	+	orf1_relative
GII	MF167652	GII.2	7502	p22	2092	2499	+	orf1_relative
GII	MF167652	GII.2	7502	VPg	2500	2907	+	orf1_relative
GII	MF167652	GII.2	7502	3CLpro	2908	3468	+	orf1_relative
GII	MF167652	GII.2	7502	RdRp	4319	5075	+	inferred_from_region_blast
GII	MF405169	GII.2	7536	VP1	5085	6713	+	genbank
GII	MF405169	GII.2	7536	VP2	6713	7492	+	genbank
GII	MF405169	GII.2	7536	ORF1	5	5104	+	genbank
GII	MF405169	GII.2	7536	p48	5	1330	+	orf1_relative
GII	MF405169	GII.2	7536	NTPase	1331	2095	+	orf1_relative
GII	MF405169	GII.2	7536	p22	2096	2503	+	orf1_relative
GII	MF405169	GII.2	7536	VPg	2504	2911	+	orf1_relative
GII	MF405169	GII.2	7536	3CLpro	2912	3472	+	orf1_relative
GII	MF405169	GII.2	7536	RdRp	4323	5079	+	inferred_from_region_blast
GII	MF802551	GII.2	7390	VP1	5086	6694	+	inferred_from_region_blast
GII	MF802551	GII.2	7390	VP2	6713	7390	+	genbank
GII	MF802551	GII.2	7390	ORF1	5	5104	+	genbank
GII	MF802551	GII.2	7390	p48	5	1330	+	orf1_relative
GII	MF802551	GII.2	7390	NTPase	1331	2095	+	orf1_relative
GII	MF802551	GII.2	7390	p22	2096	2503	+	orf1_relative
GII	MF802551	GII.2	7390	VPg	2504	2911	+	orf1_relative
GII	MF802551	GII.2	7390	3CLpro	2912	3472	+	orf1_relative
GII	MF802551	GII.2	7390	RdRp	4323	5079	+	inferred_from_region_blast
GII	MG745985	GII.2	7536	VP1	5085	6713	+	genbank
GII	MG745985	GII.2	7536	VP2	6713	7492	+	genbank
GII	MG745985	GII.2	7536	ORF1	5	5104	+	genbank
GII	MG745985	GII.2	7536	p48	5	1330	+	orf1_relative
GII	MG745985	GII.2	7536	NTPase	1331	2095	+	orf1_relative
GII	MG745985	GII.2	7536	p22	2096	2503	+	orf1_relative
GII	MG745985	GII.2	7536	VPg	2504	2911	+	orf1_relative
GII	MG745985	GII.2	7536	3CLpro	2912	3472	+	orf1_relative
GII	MG745985	GII.2	7536	5'UTR	1	4	+	genbank
GII	MG745985	GII.2	7536	3'UTR	7493	7536	+	genbank
GII	MG745985	GII.2	7536	RdRp	4323	5079	+	inferred_from_region_blast
GII	MG745986	GII.2	7536	VP1	5085	6713	+	genbank
GII	MG745986	GII.2	7536	VP2	6713	7492	+	genbank
GII	MG745986	GII.2	7536	ORF1	5	5104	+	genbank
GII	MG745986	GII.2	7536	p48	5	1330	+	orf1_relative
GII	MG745986	GII.2	7536	NTPase	1331	2095	+	orf1_relative
GII	MG745986	GII.2	7536	p22	2096	2503	+	orf1_relative
GII	MG745986	GII.2	7536	VPg	2504	2911	+	orf1_relative
GII	MG745986	GII.2	7536	3CLpro	2912	3472	+	orf1_relative
GII	MG745986	GII.2	7536	5'UTR	1	4	+	genbank
GII	MG745986	GII.2	7536	3'UTR	7493	7536	+	genbank
GII	MG745986	GII.2	7536	RdRp	4323	5079	+	inferred_from_region_blast
GII	MG745987	GII.2	7536	VP1	5085	6713	+	genbank
GII	MG745987	GII.2	7536	VP2	6713	7492	+	genbank
GII	MG745987	GII.2	7536	ORF1	5	5104	+	genbank
GII	MG745987	GII.2	7536	p48	5	1330	+	orf1_relative
GII	MG745987	GII.2	7536	NTPase	1331	2095	+	orf1_relative
GII	MG745987	GII.2	7536	p22	2096	2503	+	orf1_relative
GII	MG745987	GII.2	7536	VPg	2504	2911	+	orf1_relative
GII	MG745987	GII.2	7536	3CLpro	2912	3472	+	orf1_relative
GII	MG745987	GII.2	7536	5'UTR	1	4	+	genbank
GII	MG745987	GII.2	7536	3'UTR	7493	7536	+	genbank
GII	MG745987	GII.2	7536	RdRp	4323	5079	+	inferred_from_region_blast
GII	MG745988	GII.2	7536	VP1	5085	6713	+	genbank
GII	MG745988	GII.2	7536	VP2	6713	7492	+	genbank
GII	MG745988	GII.2	7536	ORF1	5	5104	+	genbank
GII	MG745988	GII.2	7536	p48	5	1330	+	orf1_relative
GII	MG745988	GII.2	7536	NTPase	1331	2095	+	orf1_relative
GII	MG745988	GII.2	7536	p22	2096	2503	+	orf1_relative
GII	MG745988	GII.2	7536	VPg	2504	2911	+	orf1_relative
GII	MG745988	GII.2	7536	3CLpro	2912	3472	+	orf1_relative
GII	MG745988	GII.2	7536	5'UTR	1	4	+	genbank
GII	MG745988	GII.2	7536	3'UTR	7493	7536	+	genbank
GII	MG745988	GII.2	7536	RdRp	4323	5079	+	inferred_from_region_blast
GII	MG745989	GII.2	7536	VP1	5085	6713	+	genbank
GII	MG745989	GII.2	7536	VP2	6713	7492	+	genbank
GII	MG745989	GII.2	7536	ORF1	5	5104	+	genbank
GII	MG745989	GII.2	7536	p48	5	1330	+	orf1_relative
GII	MG745989	GII.2	7536	NTPase	1331	2095	+	orf1_relative
GII	MG745989	GII.2	7536	p22	2096	2503	+	orf1_relative
GII	MG745989	GII.2	7536	VPg	2504	2911	+	orf1_relative
GII	MG745989	GII.2	7536	3CLpro	2912	3472	+	orf1_relative
GII	MG745989	GII.2	7536	5'UTR	1	4	+	genbank
GII	MG745989	GII.2	7536	3'UTR	7493	7536	+	genbank
GII	MG745989	GII.2	7536	RdRp	4323	5079	+	inferred_from_region_blast
GII	MG745990	GII.2	7536	VP1	5085	6713	+	genbank
GII	MG745990	GII.2	7536	VP2	6713	7492	+	genbank
GII	MG745990	GII.2	7536	ORF1	5	5104	+	genbank
GII	MG745990	GII.2	7536	p48	5	1330	+	orf1_relative
GII	MG745990	GII.2	7536	NTPase	1331	2095	+	orf1_relative
GII	MG745990	GII.2	7536	p22	2096	2503	+	orf1_relative
GII	MG745990	GII.2	7536	VPg	2504	2911	+	orf1_relative
GII	MG745990	GII.2	7536	3CLpro	2912	3472	+	orf1_relative
GII	MG745990	GII.2	7536	5'UTR	1	4	+	genbank
GII	MG745990	GII.2	7536	3'UTR	7493	7536	+	genbank
GII	MG745990	GII.2	7536	RdRp	4323	5079	+	inferred_from_region_blast
GII	MG745991	GII.2	7536	VP1	5085	6713	+	genbank
GII	MG745991	GII.2	7536	VP2	6713	7492	+	genbank
GII	MG745991	GII.2	7536	ORF1	5	5104	+	genbank
GII	MG745991	GII.2	7536	p48	5	1330	+	orf1_relative
GII	MG745991	GII.2	7536	NTPase	1331	2095	+	orf1_relative
GII	MG745991	GII.2	7536	p22	2096	2503	+	orf1_relative
GII	MG745991	GII.2	7536	VPg	2504	2911	+	orf1_relative
GII	MG745991	GII.2	7536	3CLpro	2912	3472	+	orf1_relative
GII	MG745991	GII.2	7536	5'UTR	1	4	+	genbank
GII	MG745991	GII.2	7536	3'UTR	7493	7536	+	genbank
GII	MG745991	GII.2	7536	RdRp	4323	5079	+	inferred_from_region_blast
GII	MG745992	GII.2	7536	VP1	5085	6713	+	genbank
GII	MG745992	GII.2	7536	VP2	6713	7492	+	genbank
GII	MG745992	GII.2	7536	ORF1	5	5104	+	genbank
GII	MG745992	GII.2	7536	p48	5	1330	+	orf1_relative
GII	MG745992	GII.2	7536	NTPase	1331	2095	+	orf1_relative
GII	MG745992	GII.2	7536	p22	2096	2503	+	orf1_relative
GII	MG745992	GII.2	7536	VPg	2504	2911	+	orf1_relative
GII	MG745992	GII.2	7536	3CLpro	2912	3472	+	orf1_relative
GII	MG745992	GII.2	7536	5'UTR	1	4	+	genbank
GII	MG745992	GII.2	7536	3'UTR	7493	7536	+	genbank
GII	MG745992	GII.2	7536	RdRp	4323	5079	+	inferred_from_region_blast
GII	MG745993	GII.2	7536	VP1	5085	6713	+	genbank
GII	MG745993	GII.2	7536	VP2	6713	7492	+	genbank
GII	MG745993	GII.2	7536	ORF1	5	5104	+	genbank
GII	MG745993	GII.2	7536	p48	5	1330	+	orf1_relative
GII	MG745993	GII.2	7536	NTPase	1331	2095	+	orf1_relative
GII	MG745993	GII.2	7536	p22	2096	2503	+	orf1_relative
GII	MG745993	GII.2	7536	VPg	2504	2911	+	orf1_relative
GII	MG745993	GII.2	7536	3CLpro	2912	3472	+	orf1_relative
GII	MG745993	GII.2	7536	5'UTR	1	4	+	genbank
GII	MG745993	GII.2	7536	3'UTR	7493	7536	+	genbank
GII	MG745993	GII.2	7536	RdRp	4323	5079	+	inferred_from_region_blast
GII	MG745994	GII.2	7536	VP1	5085	6713	+	genbank
GII	MG745994	GII.2	7536	VP2	6713	7492	+	genbank
GII	MG745994	GII.2	7536	ORF1	5	5104	+	genbank
GII	MG745994	GII.2	7536	p48	5	1330	+	orf1_relative
GII	MG745994	GII.2	7536	NTPase	1331	2095	+	orf1_relative
GII	MG745994	GII.2	7536	p22	2096	2503	+	orf1_relative
GII	MG745994	GII.2	7536	VPg	2504	2911	+	orf1_relative
GII	MG745994	GII.2	7536	3CLpro	2912	3472	+	orf1_relative
GII	MG745994	GII.2	7536	5'UTR	1	4	+	genbank
GII	MG745994	GII.2	7536	3'UTR	7493	7536	+	genbank
GII	MG745994	GII.2	7536	RdRp	4323	5079	+	inferred_from_region_blast
GII	MG745995	GII.2	7536	VP1	5085	6713	+	genbank
GII	MG745995	GII.2	7536	VP2	6713	7492	+	genbank
GII	MG745995	GII.2	7536	ORF1	5	5104	+	genbank
GII	MG745995	GII.2	7536	p48	5	1330	+	orf1_relative
GII	MG745995	GII.2	7536	NTPase	1331	2095	+	orf1_relative
GII	MG745995	GII.2	7536	p22	2096	2503	+	orf1_relative
GII	MG745995	GII.2	7536	VPg	2504	2911	+	orf1_relative
GII	MG745995	GII.2	7536	3CLpro	2912	3472	+	orf1_relative
GII	MG745995	GII.2	7536	5'UTR	1	4	+	genbank
GII	MG745995	GII.2	7536	3'UTR	7493	7536	+	genbank
GII	MG745995	GII.2	7536	RdRp	4323	5079	+	inferred_from_region_blast
GII	MG745996	GII.2	7536	VP1	5085	6713	+	genbank
GII	MG745996	GII.2	7536	VP2	6713	7492	+	genbank
GII	MG745996	GII.2	7536	ORF1	5	5104	+	genbank
GII	MG745996	GII.2	7536	p48	5	1330	+	orf1_relative
GII	MG745996	GII.2	7536	NTPase	1331	2095	+	orf1_relative
GII	MG745996	GII.2	7536	p22	2096	2503	+	orf1_relative
GII	MG745996	GII.2	7536	VPg	2504	2911	+	orf1_relative
GII	MG745996	GII.2	7536	3CLpro	2912	3472	+	orf1_relative
GII	MG745996	GII.2	7536	5'UTR	1	4	+	genbank
GII	MG745996	GII.2	7536	3'UTR	7493	7536	+	genbank
GII	MG745996	GII.2	7536	RdRp	4323	5079	+	inferred_from_region_blast
GII	MG745997	GII.2	7536	VP1	5085	6713	+	genbank
GII	MG745997	GII.2	7536	VP2	6713	7492	+	genbank
GII	MG745997	GII.2	7536	ORF1	5	5104	+	genbank
GII	MG745997	GII.2	7536	p48	5	1330	+	orf1_relative
GII	MG745997	GII.2	7536	NTPase	1331	2095	+	orf1_relative
GII	MG745997	GII.2	7536	p22	2096	2503	+	orf1_relative
GII	MG745997	GII.2	7536	VPg	2504	2911	+	orf1_relative
GII	MG745997	GII.2	7536	3CLpro	2912	3472	+	orf1_relative
GII	MG745997	GII.2	7536	5'UTR	1	4	+	genbank
GII	MG745997	GII.2	7536	3'UTR	7493	7536	+	genbank
GII	MG745997	GII.2	7536	RdRp	4323	5079	+	inferred_from_region_blast
GII	MG745998	GII.2	7536	VP1	5085	6713	+	genbank
GII	MG745998	GII.2	7536	VP2	6713	7492	+	genbank
GII	MG745998	GII.2	7536	ORF1	5	5104	+	genbank
GII	MG745998	GII.2	7536	p48	5	1330	+	orf1_relative
GII	MG745998	GII.2	7536	NTPase	1331	2095	+	orf1_relative
GII	MG745998	GII.2	7536	p22	2096	2503	+	orf1_relative
GII	MG745998	GII.2	7536	VPg	2504	2911	+	orf1_relative
GII	MG745998	GII.2	7536	3CLpro	2912	3472	+	orf1_relative
GII	MG745998	GII.2	7536	5'UTR	1	4	+	genbank
GII	MG745998	GII.2	7536	3'UTR	7493	7536	+	genbank
GII	MG745998	GII.2	7536	RdRp	4323	5079	+	inferred_from_region_blast
GII	MG746000	GII.2	7536	VP1	5085	6713	+	genbank
GII	MG746000	GII.2	7536	VP2	6713	7492	+	genbank
GII	MG746000	GII.2	7536	ORF1	5	5104	+	genbank
GII	MG746000	GII.2	7536	p48	5	1330	+	orf1_relative
GII	MG746000	GII.2	7536	NTPase	1331	2095	+	orf1_relative
GII	MG746000	GII.2	7536	p22	2096	2503	+	orf1_relative
GII	MG746000	GII.2	7536	VPg	2504	2911	+	orf1_relative
GII	MG746000	GII.2	7536	3CLpro	2912	3472	+	orf1_relative
GII	MG746000	GII.2	7536	5'UTR	1	4	+	genbank
GII	MG746000	GII.2	7536	3'UTR	7493	7536	+	genbank
GII	MG746000	GII.2	7536	RdRp	4323	5079	+	inferred_from_region_blast
GII	MG746001	GII.2	7536	VP1	5085	6713	+	genbank
GII	MG746001	GII.2	7536	VP2	6713	7492	+	genbank
GII	MG746001	GII.2	7536	ORF1	5	5104	+	genbank
GII	MG746001	GII.2	7536	p48	5	1330	+	orf1_relative
GII	MG746001	GII.2	7536	NTPase	1331	2095	+	orf1_relative
GII	MG746001	GII.2	7536	p22	2096	2503	+	orf1_relative
GII	MG746001	GII.2	7536	VPg	2504	2911	+	orf1_relative
GII	MG746001	GII.2	7536	3CLpro	2912	3472	+	orf1_relative
GII	MG746001	GII.2	7536	5'UTR	1	4	+	genbank
GII	MG746001	GII.2	7536	3'UTR	7493	7536	+	genbank
GII	MG746001	GII.2	7536	RdRp	4323	5079	+	inferred_from_region_blast
GII	MG746002	GII.2	7536	VP1	5085	6713	+	genbank
GII	MG746002	GII.2	7536	VP2	6713	7492	+	genbank
GII	MG746002	GII.2	7536	ORF1	5	5104	+	genbank
GII	MG746002	GII.2	7536	p48	5	1330	+	orf1_relative
GII	MG746002	GII.2	7536	NTPase	1331	2095	+	orf1_relative
GII	MG746002	GII.2	7536	p22	2096	2503	+	orf1_relative
GII	MG746002	GII.2	7536	VPg	2504	2911	+	orf1_relative
GII	MG746002	GII.2	7536	3CLpro	2912	3472	+	orf1_relative
GII	MG746002	GII.2	7536	5'UTR	1	4	+	genbank
GII	MG746002	GII.2	7536	3'UTR	7493	7536	+	genbank
GII	MG746002	GII.2	7536	RdRp	4323	5079	+	inferred_from_region_blast
GII	MG746003	GII.2	7536	VP1	5085	6713	+	genbank
GII	MG746003	GII.2	7536	VP2	6713	7492	+	genbank
GII	MG746003	GII.2	7536	ORF1	5	5104	+	genbank
GII	MG746003	GII.2	7536	p48	5	1330	+	orf1_relative
GII	MG746003	GII.2	7536	NTPase	1331	2095	+	orf1_relative
GII	MG746003	GII.2	7536	p22	2096	2503	+	orf1_relative
GII	MG746003	GII.2	7536	VPg	2504	2911	+	orf1_relative
GII	MG746003	GII.2	7536	3CLpro	2912	3472	+	orf1_relative
GII	MG746003	GII.2	7536	5'UTR	1	4	+	genbank
GII	MG746003	GII.2	7536	3'UTR	7493	7536	+	genbank
GII	MG746003	GII.2	7536	RdRp	4323	5079	+	inferred_from_region_blast
GII	MG746004	GII.2	7536	VP1	5085	6713	+	genbank
GII	MG746004	GII.2	7536	VP2	6713	7492	+	genbank
GII	MG746004	GII.2	7536	ORF1	5	5104	+	genbank
GII	MG746004	GII.2	7536	p48	5	1330	+	orf1_relative
GII	MG746004	GII.2	7536	NTPase	1331	2095	+	orf1_relative
GII	MG746004	GII.2	7536	p22	2096	2503	+	orf1_relative
GII	MG746004	GII.2	7536	VPg	2504	2911	+	orf1_relative
GII	MG746004	GII.2	7536	3CLpro	2912	3472	+	orf1_relative
GII	MG746004	GII.2	7536	5'UTR	1	4	+	genbank
GII	MG746004	GII.2	7536	3'UTR	7493	7536	+	genbank
GII	MG746004	GII.2	7536	RdRp	4323	5079	+	inferred_from_region_blast
GII	MG746005	GII.2	7536	VP1	5085	6713	+	genbank
GII	MG746005	GII.2	7536	VP2	6713	7492	+	genbank
GII	MG746005	GII.2	7536	ORF1	5	5104	+	genbank
GII	MG746005	GII.2	7536	p48	5	1330	+	orf1_relative
GII	MG746005	GII.2	7536	NTPase	1331	2095	+	orf1_relative
GII	MG746005	GII.2	7536	p22	2096	2503	+	orf1_relative
GII	MG746005	GII.2	7536	VPg	2504	2911	+	orf1_relative
GII	MG746005	GII.2	7536	3CLpro	2912	3472	+	orf1_relative
GII	MG746005	GII.2	7536	5'UTR	1	4	+	genbank
GII	MG746005	GII.2	7536	3'UTR	7493	7536	+	genbank
GII	MG746005	GII.2	7536	RdRp	4323	5079	+	inferred_from_region_blast
GII	MG746006	GII.2	7536	VP1	5085	6713	+	genbank
GII	MG746006	GII.2	7536	VP2	6713	7492	+	genbank
GII	MG746006	GII.2	7536	ORF1	5	5104	+	genbank
GII	MG746006	GII.2	7536	p48	5	1330	+	orf1_relative
GII	MG746006	GII.2	7536	NTPase	1331	2095	+	orf1_relative
GII	MG746006	GII.2	7536	p22	2096	2503	+	orf1_relative
GII	MG746006	GII.2	7536	VPg	2504	2911	+	orf1_relative
GII	MG746006	GII.2	7536	3CLpro	2912	3472	+	orf1_relative
GII	MG746006	GII.2	7536	5'UTR	1	4	+	genbank
GII	MG746006	GII.2	7536	3'UTR	7493	7536	+	genbank
GII	MG746006	GII.2	7536	RdRp	4323	5079	+	inferred_from_region_blast
GII	MG746007	GII.2	7536	VP1	5085	6713	+	genbank
GII	MG746007	GII.2	7536	VP2	6713	7492	+	genbank
GII	MG746007	GII.2	7536	ORF1	5	5104	+	genbank
GII	MG746007	GII.2	7536	p48	5	1330	+	orf1_relative
GII	MG746007	GII.2	7536	NTPase	1331	2095	+	orf1_relative
GII	MG746007	GII.2	7536	p22	2096	2503	+	orf1_relative
GII	MG746007	GII.2	7536	VPg	2504	2911	+	orf1_relative
GII	MG746007	GII.2	7536	3CLpro	2912	3472	+	orf1_relative
GII	MG746007	GII.2	7536	5'UTR	1	4	+	genbank
GII	MG746007	GII.2	7536	3'UTR	7493	7536	+	genbank
GII	MG746007	GII.2	7536	RdRp	4323	5079	+	inferred_from_region_blast
GII	MG746008	GII.2	7536	VP1	5085	6713	+	genbank
GII	MG746008	GII.2	7536	VP2	6713	7492	+	genbank
GII	MG746008	GII.2	7536	ORF1	5	5104	+	genbank
GII	MG746008	GII.2	7536	p48	5	1330	+	orf1_relative
GII	MG746008	GII.2	7536	NTPase	1331	2095	+	orf1_relative
GII	MG746008	GII.2	7536	p22	2096	2503	+	orf1_relative
GII	MG746008	GII.2	7536	VPg	2504	2911	+	orf1_relative
GII	MG746008	GII.2	7536	3CLpro	2912	3472	+	orf1_relative
GII	MG746008	GII.2	7536	5'UTR	1	4	+	genbank
GII	MG746008	GII.2	7536	3'UTR	7493	7536	+	genbank
GII	MG746008	GII.2	7536	RdRp	4323	5079	+	inferred_from_region_blast
GII	MG746009	GII.2	7536	VP1	5085	6713	+	genbank
GII	MG746009	GII.2	7536	VP2	6713	7492	+	genbank
GII	MG746009	GII.2	7536	ORF1	5	5104	+	genbank
GII	MG746009	GII.2	7536	p48	5	1330	+	orf1_relative
GII	MG746009	GII.2	7536	NTPase	1331	2095	+	orf1_relative
GII	MG746009	GII.2	7536	p22	2096	2503	+	orf1_relative
GII	MG746009	GII.2	7536	VPg	2504	2911	+	orf1_relative
GII	MG746009	GII.2	7536	3CLpro	2912	3472	+	orf1_relative
GII	MG746009	GII.2	7536	5'UTR	1	4	+	genbank
GII	MG746009	GII.2	7536	3'UTR	7493	7536	+	genbank
GII	MG746009	GII.2	7536	RdRp	4323	5079	+	inferred_from_region_blast
GII	MG746010	GII.2	7536	VP1	5085	6713	+	genbank
GII	MG746010	GII.2	7536	VP2	6713	7492	+	genbank
GII	MG746010	GII.2	7536	ORF1	5	5104	+	genbank
GII	MG746010	GII.2	7536	p48	5	1330	+	orf1_relative
GII	MG746010	GII.2	7536	NTPase	1331	2095	+	orf1_relative
GII	MG746010	GII.2	7536	p22	2096	2503	+	orf1_relative
GII	MG746010	GII.2	7536	VPg	2504	2911	+	orf1_relative
GII	MG746010	GII.2	7536	3CLpro	2912	3472	+	orf1_relative
GII	MG746010	GII.2	7536	5'UTR	1	4	+	genbank
GII	MG746010	GII.2	7536	3'UTR	7493	7536	+	genbank
GII	MG746010	GII.2	7536	RdRp	4323	5079	+	inferred_from_region_blast
GII	MG746011	GII.2	7536	VP1	5085	6713	+	genbank
GII	MG746011	GII.2	7536	VP2	6713	7492	+	genbank
GII	MG746011	GII.2	7536	ORF1	5	5104	+	genbank
GII	MG746011	GII.2	7536	p48	5	1330	+	orf1_relative
GII	MG746011	GII.2	7536	NTPase	1331	2095	+	orf1_relative
GII	MG746011	GII.2	7536	p22	2096	2503	+	orf1_relative
GII	MG746011	GII.2	7536	VPg	2504	2911	+	orf1_relative
GII	MG746011	GII.2	7536	3CLpro	2912	3472	+	orf1_relative
GII	MG746011	GII.2	7536	5'UTR	1	4	+	genbank
GII	MG746011	GII.2	7536	3'UTR	7493	7536	+	genbank
GII	MG746011	GII.2	7536	RdRp	4323	5079	+	inferred_from_region_blast
GII	MG746012	GII.2	7536	VP1	5085	6713	+	genbank
GII	MG746012	GII.2	7536	VP2	6713	7492	+	genbank
GII	MG746012	GII.2	7536	ORF1	5	5104	+	genbank
GII	MG746012	GII.2	7536	p48	5	1330	+	orf1_relative
GII	MG746012	GII.2	7536	NTPase	1331	2095	+	orf1_relative
GII	MG746012	GII.2	7536	p22	2096	2503	+	orf1_relative
GII	MG746012	GII.2	7536	VPg	2504	2911	+	orf1_relative
GII	MG746012	GII.2	7536	3CLpro	2912	3472	+	orf1_relative
GII	MG746012	GII.2	7536	5'UTR	1	4	+	genbank
GII	MG746012	GII.2	7536	3'UTR	7493	7536	+	genbank
GII	MG746012	GII.2	7536	RdRp	4323	5079	+	inferred_from_region_blast
GII	MG746013	GII.2	7536	VP1	5085	6713	+	genbank
GII	MG746013	GII.2	7536	VP2	6713	7492	+	genbank
GII	MG746013	GII.2	7536	ORF1	5	5104	+	genbank
GII	MG746013	GII.2	7536	p48	5	1330	+	orf1_relative
GII	MG746013	GII.2	7536	NTPase	1331	2095	+	orf1_relative
GII	MG746013	GII.2	7536	p22	2096	2503	+	orf1_relative
GII	MG746013	GII.2	7536	VPg	2504	2911	+	orf1_relative
GII	MG746013	GII.2	7536	3CLpro	2912	3472	+	orf1_relative
GII	MG746013	GII.2	7536	5'UTR	1	4	+	genbank
GII	MG746013	GII.2	7536	3'UTR	7493	7536	+	genbank
GII	MG746013	GII.2	7536	RdRp	4323	5079	+	inferred_from_region_blast
GII	MG746014	GII.2	7536	VP1	5085	6713	+	genbank
GII	MG746014	GII.2	7536	VP2	6713	7492	+	genbank
GII	MG746014	GII.2	7536	ORF1	5	5104	+	genbank
GII	MG746014	GII.2	7536	p48	5	1330	+	orf1_relative
GII	MG746014	GII.2	7536	NTPase	1331	2095	+	orf1_relative
GII	MG746014	GII.2	7536	p22	2096	2503	+	orf1_relative
GII	MG746014	GII.2	7536	VPg	2504	2911	+	orf1_relative
GII	MG746014	GII.2	7536	3CLpro	2912	3472	+	orf1_relative
GII	MG746014	GII.2	7536	5'UTR	1	4	+	genbank
GII	MG746014	GII.2	7536	3'UTR	7493	7536	+	genbank
GII	MG746014	GII.2	7536	RdRp	4323	5079	+	inferred_from_region_blast
GII	MG746015	GII.2	7536	VP1	5085	6713	+	genbank
GII	MG746015	GII.2	7536	VP2	6713	7492	+	genbank
GII	MG746015	GII.2	7536	ORF1	5	5104	+	genbank
GII	MG746015	GII.2	7536	p48	5	1330	+	orf1_relative
GII	MG746015	GII.2	7536	NTPase	1331	2095	+	orf1_relative
GII	MG746015	GII.2	7536	p22	2096	2503	+	orf1_relative
GII	MG746015	GII.2	7536	VPg	2504	2911	+	orf1_relative
GII	MG746015	GII.2	7536	3CLpro	2912	3472	+	orf1_relative
GII	MG746015	GII.2	7536	5'UTR	1	4	+	genbank
GII	MG746015	GII.2	7536	3'UTR	7493	7536	+	genbank
GII	MG746015	GII.2	7536	RdRp	4323	5079	+	inferred_from_region_blast
GII	MG746016	GII.2	7536	VP1	5085	6713	+	genbank
GII	MG746016	GII.2	7536	VP2	6713	7492	+	genbank
GII	MG746016	GII.2	7536	ORF1	5	5104	+	genbank
GII	MG746016	GII.2	7536	p48	5	1330	+	orf1_relative
GII	MG746016	GII.2	7536	NTPase	1331	2095	+	orf1_relative
GII	MG746016	GII.2	7536	p22	2096	2503	+	orf1_relative
GII	MG746016	GII.2	7536	VPg	2504	2911	+	orf1_relative
GII	MG746016	GII.2	7536	3CLpro	2912	3472	+	orf1_relative
GII	MG746016	GII.2	7536	5'UTR	1	4	+	genbank
GII	MG746016	GII.2	7536	3'UTR	7493	7536	+	genbank
GII	MG746016	GII.2	7536	RdRp	4323	5079	+	inferred_from_region_blast
GII	MG746017	GII.2	7536	VP1	5085	6713	+	genbank
GII	MG746017	GII.2	7536	VP2	6713	7492	+	genbank
GII	MG746017	GII.2	7536	ORF1	5	5104	+	genbank
GII	MG746017	GII.2	7536	p48	5	1330	+	orf1_relative
GII	MG746017	GII.2	7536	NTPase	1331	2095	+	orf1_relative
GII	MG746017	GII.2	7536	p22	2096	2503	+	orf1_relative
GII	MG746017	GII.2	7536	VPg	2504	2911	+	orf1_relative
GII	MG746017	GII.2	7536	3CLpro	2912	3472	+	orf1_relative
GII	MG746017	GII.2	7536	5'UTR	1	4	+	genbank
GII	MG746017	GII.2	7536	3'UTR	7493	7536	+	genbank
GII	MG746017	GII.2	7536	RdRp	4323	5079	+	inferred_from_region_blast
GII	MG746018	GII.2	7536	VP1	5085	6713	+	genbank
GII	MG746018	GII.2	7536	VP2	6713	7492	+	genbank
GII	MG746018	GII.2	7536	ORF1	5	5104	+	genbank
GII	MG746018	GII.2	7536	p48	5	1330	+	orf1_relative
GII	MG746018	GII.2	7536	NTPase	1331	2095	+	orf1_relative
GII	MG746018	GII.2	7536	p22	2096	2503	+	orf1_relative
GII	MG746018	GII.2	7536	VPg	2504	2911	+	orf1_relative
GII	MG746018	GII.2	7536	3CLpro	2912	3472	+	orf1_relative
GII	MG746018	GII.2	7536	5'UTR	1	4	+	genbank
GII	MG746018	GII.2	7536	3'UTR	7493	7536	+	genbank
GII	MG746018	GII.2	7536	RdRp	4323	5079	+	inferred_from_region_blast
GII	MG746021	GII.2	7536	VP1	5085	6713	+	genbank
GII	MG746021	GII.2	7536	VP2	6713	7492	+	genbank
GII	MG746021	GII.2	7536	ORF1	5	5104	+	genbank
GII	MG746021	GII.2	7536	p48	5	1330	+	orf1_relative
GII	MG746021	GII.2	7536	NTPase	1331	2095	+	orf1_relative
GII	MG746021	GII.2	7536	p22	2096	2503	+	orf1_relative
GII	MG746021	GII.2	7536	VPg	2504	2911	+	orf1_relative
GII	MG746021	GII.2	7536	3CLpro	2912	3472	+	orf1_relative
GII	MG746021	GII.2	7536	5'UTR	1	4	+	genbank
GII	MG746021	GII.2	7536	3'UTR	7493	7536	+	genbank
GII	MG746021	GII.2	7536	RdRp	4323	5079	+	inferred_from_region_blast
GII	MG746022	GII.2	7536	VP1	5085	6713	+	genbank
GII	MG746022	GII.2	7536	VP2	6713	7492	+	genbank
GII	MG746022	GII.2	7536	ORF1	5	5104	+	genbank
GII	MG746022	GII.2	7536	p48	5	1330	+	orf1_relative
GII	MG746022	GII.2	7536	NTPase	1331	2095	+	orf1_relative
GII	MG746022	GII.2	7536	p22	2096	2503	+	orf1_relative
GII	MG746022	GII.2	7536	VPg	2504	2911	+	orf1_relative
GII	MG746022	GII.2	7536	3CLpro	2912	3472	+	orf1_relative
GII	MG746022	GII.2	7536	5'UTR	1	4	+	genbank
GII	MG746022	GII.2	7536	3'UTR	7493	7536	+	genbank
GII	MG746022	GII.2	7536	RdRp	4323	5079	+	inferred_from_region_blast
GII	MG746023	GII.2	7536	VP1	5085	6713	+	genbank
GII	MG746023	GII.2	7536	VP2	6713	7492	+	genbank
GII	MG746023	GII.2	7536	ORF1	5	5104	+	genbank
GII	MG746023	GII.2	7536	p48	5	1330	+	orf1_relative
GII	MG746023	GII.2	7536	NTPase	1331	2095	+	orf1_relative
GII	MG746023	GII.2	7536	p22	2096	2503	+	orf1_relative
GII	MG746023	GII.2	7536	VPg	2504	2911	+	orf1_relative
GII	MG746023	GII.2	7536	3CLpro	2912	3472	+	orf1_relative
GII	MG746023	GII.2	7536	5'UTR	1	4	+	genbank
GII	MG746023	GII.2	7536	3'UTR	7493	7536	+	genbank
GII	MG746023	GII.2	7536	RdRp	4323	5079	+	inferred_from_region_blast
GII	MG746024	GII.2	7536	VP1	5085	6713	+	genbank
GII	MG746024	GII.2	7536	VP2	6713	7492	+	genbank
GII	MG746024	GII.2	7536	ORF1	5	5104	+	genbank
GII	MG746024	GII.2	7536	p48	5	1330	+	orf1_relative
GII	MG746024	GII.2	7536	NTPase	1331	2095	+	orf1_relative
GII	MG746024	GII.2	7536	p22	2096	2503	+	orf1_relative
GII	MG746024	GII.2	7536	VPg	2504	2911	+	orf1_relative
GII	MG746024	GII.2	7536	3CLpro	2912	3472	+	orf1_relative
GII	MG746024	GII.2	7536	5'UTR	1	4	+	genbank
GII	MG746024	GII.2	7536	3'UTR	7493	7536	+	genbank
GII	MG746024	GII.2	7536	RdRp	4323	5079	+	inferred_from_region_blast
GII	MG746026	GII.2	7536	VP1	5085	6713	+	genbank
GII	MG746026	GII.2	7536	VP2	6713	7492	+	genbank
GII	MG746026	GII.2	7536	ORF1	5	5104	+	genbank
GII	MG746026	GII.2	7536	p48	5	1330	+	orf1_relative
GII	MG746026	GII.2	7536	NTPase	1331	2095	+	orf1_relative
GII	MG746026	GII.2	7536	p22	2096	2503	+	orf1_relative
GII	MG746026	GII.2	7536	VPg	2504	2911	+	orf1_relative
GII	MG746026	GII.2	7536	3CLpro	2912	3472	+	orf1_relative
GII	MG746026	GII.2	7536	5'UTR	1	4	+	genbank
GII	MG746026	GII.2	7536	3'UTR	7493	7536	+	genbank
GII	MG746026	GII.2	7536	RdRp	4323	5079	+	inferred_from_region_blast
GII	MG746027	GII.2	7536	VP1	5085	6713	+	genbank
GII	MG746027	GII.2	7536	VP2	6713	7492	+	genbank
GII	MG746027	GII.2	7536	ORF1	5	5104	+	genbank
GII	MG746027	GII.2	7536	p48	5	1330	+	orf1_relative
GII	MG746027	GII.2	7536	NTPase	1331	2095	+	orf1_relative
GII	MG746027	GII.2	7536	p22	2096	2503	+	orf1_relative
GII	MG746027	GII.2	7536	VPg	2504	2911	+	orf1_relative
GII	MG746027	GII.2	7536	3CLpro	2912	3472	+	orf1_relative
GII	MG746027	GII.2	7536	5'UTR	1	4	+	genbank
GII	MG746027	GII.2	7536	3'UTR	7493	7536	+	genbank
GII	MG746027	GII.2	7536	RdRp	4323	5079	+	inferred_from_region_blast
GII	MG746028	GII.2	7536	VP1	5085	6713	+	genbank
GII	MG746028	GII.2	7536	VP2	6713	7492	+	genbank
GII	MG746028	GII.2	7536	ORF1	5	5104	+	genbank
GII	MG746028	GII.2	7536	p48	5	1330	+	orf1_relative
GII	MG746028	GII.2	7536	NTPase	1331	2095	+	orf1_relative
GII	MG746028	GII.2	7536	p22	2096	2503	+	orf1_relative
GII	MG746028	GII.2	7536	VPg	2504	2911	+	orf1_relative
GII	MG746028	GII.2	7536	3CLpro	2912	3472	+	orf1_relative
GII	MG746028	GII.2	7536	5'UTR	1	4	+	genbank
GII	MG746028	GII.2	7536	3'UTR	7493	7536	+	genbank
GII	MG746028	GII.2	7536	RdRp	4323	5079	+	inferred_from_region_blast
GII	MG746029	GII.2	7536	VP1	5085	6713	+	genbank
GII	MG746029	GII.2	7536	VP2	6713	7492	+	genbank
GII	MG746029	GII.2	7536	ORF1	5	5104	+	genbank
GII	MG746029	GII.2	7536	p48	5	1330	+	orf1_relative
GII	MG746029	GII.2	7536	NTPase	1331	2095	+	orf1_relative
GII	MG746029	GII.2	7536	p22	2096	2503	+	orf1_relative
GII	MG746029	GII.2	7536	VPg	2504	2911	+	orf1_relative
GII	MG746029	GII.2	7536	3CLpro	2912	3472	+	orf1_relative
GII	MG746029	GII.2	7536	5'UTR	1	4	+	genbank
GII	MG746029	GII.2	7536	3'UTR	7493	7536	+	genbank
GII	MG746029	GII.2	7536	RdRp	4323	5079	+	inferred_from_region_blast
GII	MG746030	GII.2	7536	VP1	5085	6713	+	genbank
GII	MG746030	GII.2	7536	VP2	6713	7492	+	genbank
GII	MG746030	GII.2	7536	ORF1	5	5104	+	genbank
GII	MG746030	GII.2	7536	p48	5	1330	+	orf1_relative
GII	MG746030	GII.2	7536	NTPase	1331	2095	+	orf1_relative
GII	MG746030	GII.2	7536	p22	2096	2503	+	orf1_relative
GII	MG746030	GII.2	7536	VPg	2504	2911	+	orf1_relative
GII	MG746030	GII.2	7536	3CLpro	2912	3472	+	orf1_relative
GII	MG746030	GII.2	7536	5'UTR	1	4	+	genbank
GII	MG746030	GII.2	7536	3'UTR	7493	7536	+	genbank
GII	MG746030	GII.2	7536	RdRp	4323	5079	+	inferred_from_region_blast
GII	MG746031	GII.2	7536	VP1	5085	6713	+	genbank
GII	MG746031	GII.2	7536	VP2	6713	7492	+	genbank
GII	MG746031	GII.2	7536	ORF1	5	5104	+	genbank
GII	MG746031	GII.2	7536	p48	5	1330	+	orf1_relative
GII	MG746031	GII.2	7536	NTPase	1331	2095	+	orf1_relative
GII	MG746031	GII.2	7536	p22	2096	2503	+	orf1_relative
GII	MG746031	GII.2	7536	VPg	2504	2911	+	orf1_relative
GII	MG746031	GII.2	7536	3CLpro	2912	3472	+	orf1_relative
GII	MG746031	GII.2	7536	5'UTR	1	4	+	genbank
GII	MG746031	GII.2	7536	3'UTR	7493	7536	+	genbank
GII	MG746031	GII.2	7536	RdRp	4323	5079	+	inferred_from_region_blast
GII	MG746032	GII.2	7536	VP1	5085	6713	+	genbank
GII	MG746032	GII.2	7536	VP2	6713	7492	+	genbank
GII	MG746032	GII.2	7536	ORF1	5	5104	+	genbank
GII	MG746032	GII.2	7536	p48	5	1330	+	orf1_relative
GII	MG746032	GII.2	7536	NTPase	1331	2095	+	orf1_relative
GII	MG746032	GII.2	7536	p22	2096	2503	+	orf1_relative
GII	MG746032	GII.2	7536	VPg	2504	2911	+	orf1_relative
GII	MG746032	GII.2	7536	3CLpro	2912	3472	+	orf1_relative
GII	MG746032	GII.2	7536	5'UTR	1	4	+	genbank
GII	MG746032	GII.2	7536	3'UTR	7493	7536	+	genbank
GII	MG746032	GII.2	7536	RdRp	4323	5079	+	inferred_from_region_blast
GII	MG746033	GII.2	7536	VP1	5085	6713	+	genbank
GII	MG746033	GII.2	7536	VP2	6713	7492	+	genbank
GII	MG746033	GII.2	7536	ORF1	5	5104	+	genbank
GII	MG746033	GII.2	7536	p48	5	1330	+	orf1_relative
GII	MG746033	GII.2	7536	NTPase	1331	2095	+	orf1_relative
GII	MG746033	GII.2	7536	p22	2096	2503	+	orf1_relative
GII	MG746033	GII.2	7536	VPg	2504	2911	+	orf1_relative
GII	MG746033	GII.2	7536	3CLpro	2912	3472	+	orf1_relative
GII	MG746033	GII.2	7536	5'UTR	1	4	+	genbank
GII	MG746033	GII.2	7536	3'UTR	7493	7536	+	genbank
GII	MG746033	GII.2	7536	RdRp	4323	5079	+	inferred_from_region_blast
GII	MG746034	GII.2	7536	VP1	5085	6713	+	genbank
GII	MG746034	GII.2	7536	VP2	6713	7492	+	genbank
GII	MG746034	GII.2	7536	ORF1	5	5104	+	genbank
GII	MG746034	GII.2	7536	p48	5	1330	+	orf1_relative
GII	MG746034	GII.2	7536	NTPase	1331	2095	+	orf1_relative
GII	MG746034	GII.2	7536	p22	2096	2503	+	orf1_relative
GII	MG746034	GII.2	7536	VPg	2504	2911	+	orf1_relative
GII	MG746034	GII.2	7536	3CLpro	2912	3472	+	orf1_relative
GII	MG746034	GII.2	7536	5'UTR	1	4	+	genbank
GII	MG746034	GII.2	7536	3'UTR	7493	7536	+	genbank
GII	MG746034	GII.2	7536	RdRp	4323	5079	+	inferred_from_region_blast
GII	MG746035	GII.2	7536	VP1	5085	6713	+	genbank
GII	MG746035	GII.2	7536	VP2	6713	7492	+	genbank
GII	MG746035	GII.2	7536	ORF1	5	5104	+	genbank
GII	MG746035	GII.2	7536	p48	5	1330	+	orf1_relative
GII	MG746035	GII.2	7536	NTPase	1331	2095	+	orf1_relative
GII	MG746035	GII.2	7536	p22	2096	2503	+	orf1_relative
GII	MG746035	GII.2	7536	VPg	2504	2911	+	orf1_relative
GII	MG746035	GII.2	7536	3CLpro	2912	3472	+	orf1_relative
GII	MG746035	GII.2	7536	5'UTR	1	4	+	genbank
GII	MG746035	GII.2	7536	3'UTR	7493	7536	+	genbank
GII	MG746035	GII.2	7536	RdRp	4323	5079	+	inferred_from_region_blast
GII	MG746036	GII.2	7536	VP1	5085	6713	+	genbank
GII	MG746036	GII.2	7536	VP2	6713	7492	+	genbank
GII	MG746036	GII.2	7536	ORF1	5	5104	+	genbank
GII	MG746036	GII.2	7536	p48	5	1330	+	orf1_relative
GII	MG746036	GII.2	7536	NTPase	1331	2095	+	orf1_relative
GII	MG746036	GII.2	7536	p22	2096	2503	+	orf1_relative
GII	MG746036	GII.2	7536	VPg	2504	2911	+	orf1_relative
GII	MG746036	GII.2	7536	3CLpro	2912	3472	+	orf1_relative
GII	MG746036	GII.2	7536	5'UTR	1	4	+	genbank
GII	MG746036	GII.2	7536	3'UTR	7493	7536	+	genbank
GII	MG746036	GII.2	7536	RdRp	4323	5079	+	inferred_from_region_blast
GII	MG746037	GII.2	7536	VP1	5085	6713	+	genbank
GII	MG746037	GII.2	7536	VP2	6713	7492	+	genbank
GII	MG746037	GII.2	7536	ORF1	5	5104	+	genbank
GII	MG746037	GII.2	7536	p48	5	1330	+	orf1_relative
GII	MG746037	GII.2	7536	NTPase	1331	2095	+	orf1_relative
GII	MG746037	GII.2	7536	p22	2096	2503	+	orf1_relative
GII	MG746037	GII.2	7536	VPg	2504	2911	+	orf1_relative
GII	MG746037	GII.2	7536	3CLpro	2912	3472	+	orf1_relative
GII	MG746037	GII.2	7536	5'UTR	1	4	+	genbank
GII	MG746037	GII.2	7536	3'UTR	7493	7536	+	genbank
GII	MG746037	GII.2	7536	RdRp	4323	5079	+	inferred_from_region_blast
GII	MG746038	GII.2	7536	VP1	5085	6713	+	genbank
GII	MG746038	GII.2	7536	VP2	6713	7492	+	genbank
GII	MG746038	GII.2	7536	ORF1	5	5104	+	genbank
GII	MG746038	GII.2	7536	p48	5	1330	+	orf1_relative
GII	MG746038	GII.2	7536	NTPase	1331	2095	+	orf1_relative
GII	MG746038	GII.2	7536	p22	2096	2503	+	orf1_relative
GII	MG746038	GII.2	7536	VPg	2504	2911	+	orf1_relative
GII	MG746038	GII.2	7536	3CLpro	2912	3472	+	orf1_relative
GII	MG746038	GII.2	7536	5'UTR	1	4	+	genbank
GII	MG746038	GII.2	7536	3'UTR	7493	7536	+	genbank
GII	MG746038	GII.2	7536	RdRp	4323	5079	+	inferred_from_region_blast
GII	MG746039	GII.2	7536	VP1	5085	6713	+	genbank
GII	MG746039	GII.2	7536	VP2	6713	7492	+	genbank
GII	MG746039	GII.2	7536	ORF1	5	5104	+	genbank
GII	MG746039	GII.2	7536	p48	5	1330	+	orf1_relative
GII	MG746039	GII.2	7536	NTPase	1331	2095	+	orf1_relative
GII	MG746039	GII.2	7536	p22	2096	2503	+	orf1_relative
GII	MG746039	GII.2	7536	VPg	2504	2911	+	orf1_relative
GII	MG746039	GII.2	7536	3CLpro	2912	3472	+	orf1_relative
GII	MG746039	GII.2	7536	5'UTR	1	4	+	genbank
GII	MG746039	GII.2	7536	3'UTR	7493	7536	+	genbank
GII	MG746039	GII.2	7536	RdRp	4323	5079	+	inferred_from_region_blast
GII	MG746040	GII.2	7536	VP1	5085	6713	+	genbank
GII	MG746040	GII.2	7536	VP2	6713	7492	+	genbank
GII	MG746040	GII.2	7536	ORF1	5	5104	+	genbank
GII	MG746040	GII.2	7536	p48	5	1330	+	orf1_relative
GII	MG746040	GII.2	7536	NTPase	1331	2095	+	orf1_relative
GII	MG746040	GII.2	7536	p22	2096	2503	+	orf1_relative
GII	MG746040	GII.2	7536	VPg	2504	2911	+	orf1_relative
GII	MG746040	GII.2	7536	3CLpro	2912	3472	+	orf1_relative
GII	MG746040	GII.2	7536	5'UTR	1	4	+	genbank
GII	MG746040	GII.2	7536	3'UTR	7493	7536	+	genbank
GII	MG746040	GII.2	7536	RdRp	4323	5079	+	inferred_from_region_blast
GII	MG746041	GII.2	7536	VP1	5085	6713	+	genbank
GII	MG746041	GII.2	7536	VP2	6713	7492	+	genbank
GII	MG746041	GII.2	7536	ORF1	5	5104	+	genbank
GII	MG746041	GII.2	7536	p48	5	1330	+	orf1_relative
GII	MG746041	GII.2	7536	NTPase	1331	2095	+	orf1_relative
GII	MG746041	GII.2	7536	p22	2096	2503	+	orf1_relative
GII	MG746041	GII.2	7536	VPg	2504	2911	+	orf1_relative
GII	MG746041	GII.2	7536	3CLpro	2912	3472	+	orf1_relative
GII	MG746041	GII.2	7536	5'UTR	1	4	+	genbank
GII	MG746041	GII.2	7536	3'UTR	7493	7536	+	genbank
GII	MG746041	GII.2	7536	RdRp	4323	5079	+	inferred_from_region_blast
GII	MG746042	GII.2	7536	VP1	5085	6713	+	genbank
GII	MG746042	GII.2	7536	VP2	6713	7492	+	genbank
GII	MG746042	GII.2	7536	ORF1	5	5104	+	genbank
GII	MG746042	GII.2	7536	p48	5	1330	+	orf1_relative
GII	MG746042	GII.2	7536	NTPase	1331	2095	+	orf1_relative
GII	MG746042	GII.2	7536	p22	2096	2503	+	orf1_relative
GII	MG746042	GII.2	7536	VPg	2504	2911	+	orf1_relative
GII	MG746042	GII.2	7536	3CLpro	2912	3472	+	orf1_relative
GII	MG746042	GII.2	7536	5'UTR	1	4	+	genbank
GII	MG746042	GII.2	7536	3'UTR	7493	7536	+	genbank
GII	MG746042	GII.2	7536	RdRp	4323	5079	+	inferred_from_region_blast
GII	MG746043	GII.2	7536	VP1	5085	6713	+	genbank
GII	MG746043	GII.2	7536	VP2	6713	7492	+	genbank
GII	MG746043	GII.2	7536	ORF1	5	5104	+	genbank
GII	MG746043	GII.2	7536	p48	5	1330	+	orf1_relative
GII	MG746043	GII.2	7536	NTPase	1331	2095	+	orf1_relative
GII	MG746043	GII.2	7536	p22	2096	2503	+	orf1_relative
GII	MG746043	GII.2	7536	VPg	2504	2911	+	orf1_relative
GII	MG746043	GII.2	7536	3CLpro	2912	3472	+	orf1_relative
GII	MG746043	GII.2	7536	5'UTR	1	4	+	genbank
GII	MG746043	GII.2	7536	3'UTR	7493	7536	+	genbank
GII	MG746043	GII.2	7536	RdRp	4323	5079	+	inferred_from_region_blast
GII	MG746044	GII.2	7536	VP1	5085	6713	+	genbank
GII	MG746044	GII.2	7536	VP2	6713	7492	+	genbank
GII	MG746044	GII.2	7536	ORF1	5	5104	+	genbank
GII	MG746044	GII.2	7536	p48	5	1330	+	orf1_relative
GII	MG746044	GII.2	7536	NTPase	1331	2095	+	orf1_relative
GII	MG746044	GII.2	7536	p22	2096	2503	+	orf1_relative
GII	MG746044	GII.2	7536	VPg	2504	2911	+	orf1_relative
GII	MG746044	GII.2	7536	3CLpro	2912	3472	+	orf1_relative
GII	MG746044	GII.2	7536	5'UTR	1	4	+	genbank
GII	MG746044	GII.2	7536	3'UTR	7493	7536	+	genbank
GII	MG746044	GII.2	7536	RdRp	4323	5079	+	inferred_from_region_blast
GII	MG746045	GII.2	7536	VP1	5085	6713	+	genbank
GII	MG746045	GII.2	7536	VP2	6713	7492	+	genbank
GII	MG746045	GII.2	7536	ORF1	5	5104	+	genbank
GII	MG746045	GII.2	7536	p48	5	1330	+	orf1_relative
GII	MG746045	GII.2	7536	NTPase	1331	2095	+	orf1_relative
GII	MG746045	GII.2	7536	p22	2096	2503	+	orf1_relative
GII	MG746045	GII.2	7536	VPg	2504	2911	+	orf1_relative
GII	MG746045	GII.2	7536	3CLpro	2912	3472	+	orf1_relative
GII	MG746045	GII.2	7536	5'UTR	1	4	+	genbank
GII	MG746045	GII.2	7536	3'UTR	7493	7536	+	genbank
GII	MG746045	GII.2	7536	RdRp	4323	5079	+	inferred_from_region_blast
GII	MG892974	GII.2	7553	VP1	5081	6709	+	genbank
GII	MG892974	GII.2	7553	VP2	6709	7488	+	genbank
GII	MG892974	GII.2	7553	ORF1	1	5100	+	genbank
GII	MG892974	GII.2	7553	p48	1	1326	+	orf1_relative
GII	MG892974	GII.2	7553	NTPase	1327	2091	+	orf1_relative
GII	MG892974	GII.2	7553	p22	2092	2499	+	orf1_relative
GII	MG892974	GII.2	7553	VPg	2500	2907	+	orf1_relative
GII	MG892974	GII.2	7553	3CLpro	2908	3468	+	orf1_relative
GII	MG892974	GII.2	7553	3'UTR	7489	7532	+	genbank
GII	MG892974	GII.2	7553	RdRp	4319	5075	+	inferred_from_region_blast
GII	MH041321	GII.2	7532	VP1	5081	6709	+	genbank
GII	MH041321	GII.2	7532	VP2	6709	7488	+	genbank
GII	MH041321	GII.2	7532	ORF1	1	5100	+	genbank
GII	MH041321	GII.2	7532	p48	1	1326	+	orf1_relative
GII	MH041321	GII.2	7532	NTPase	1327	2091	+	orf1_relative
GII	MH041321	GII.2	7532	p22	2092	2499	+	orf1_relative
GII	MH041321	GII.2	7532	VPg	2500	2907	+	orf1_relative
GII	MH041321	GII.2	7532	3CLpro	2908	3468	+	orf1_relative
GII	MH041321	GII.2	7532	RdRp	4319	5075	+	inferred_from_region_blast
GII	MH041322	GII.2	7532	VP1	5081	6709	+	genbank
GII	MH041322	GII.2	7532	VP2	6709	7488	+	genbank
GII	MH041322	GII.2	7532	ORF1	1	5100	+	genbank
GII	MH041322	GII.2	7532	p48	1	1326	+	orf1_relative
GII	MH041322	GII.2	7532	NTPase	1327	2091	+	orf1_relative
GII	MH041322	GII.2	7532	p22	2092	2499	+	orf1_relative
GII	MH041322	GII.2	7532	VPg	2500	2907	+	orf1_relative
GII	MH041322	GII.2	7532	3CLpro	2908	3468	+	orf1_relative
GII	MH041322	GII.2	7532	RdRp	4319	5075	+	inferred_from_region_blast
GII	MH218648	GII.2	7543	VP1	5085	6713	+	genbank
GII	MH218648	GII.2	7543	VP2	6713	7492	+	genbank
GII	MH218648	GII.2	7543	ORF1	5	5104	+	genbank
GII	MH218648	GII.2	7543	p48	5	1330	+	orf1_relative
GII	MH218648	GII.2	7543	NTPase	1331	2095	+	orf1_relative
GII	MH218648	GII.2	7543	p22	2096	2503	+	orf1_relative
GII	MH218648	GII.2	7543	VPg	2504	2911	+	orf1_relative
GII	MH218648	GII.2	7543	3CLpro	2912	3472	+	orf1_relative
GII	MH218648	GII.2	7543	RdRp	4323	5079	+	inferred_from_region_blast
GII	MH218655	GII.2	7537	VP1	5085	6713	+	genbank
GII	MH218655	GII.2	7537	VP2	6713	7492	+	genbank
GII	MH218655	GII.2	7537	ORF1	5	5104	+	genbank
GII	MH218655	GII.2	7537	p48	5	1330	+	orf1_relative
GII	MH218655	GII.2	7537	NTPase	1331	2095	+	orf1_relative
GII	MH218655	GII.2	7537	p22	2096	2503	+	orf1_relative
GII	MH218655	GII.2	7537	VPg	2504	2911	+	orf1_relative
GII	MH218655	GII.2	7537	3CLpro	2912	3472	+	orf1_relative
GII	MH218655	GII.2	7537	RdRp	4323	5079	+	inferred_from_region_blast
GII	MH218657	GII.2	7497	VP1	5085	6713	+	genbank
GII	MH218657	GII.2	7497	VP2	6713	7492	+	genbank
GII	MH218657	GII.2	7497	ORF1	5	5104	+	genbank
GII	MH218657	GII.2	7497	p48	5	1330	+	orf1_relative
GII	MH218657	GII.2	7497	NTPase	1331	2095	+	orf1_relative
GII	MH218657	GII.2	7497	p22	2096	2503	+	orf1_relative
GII	MH218657	GII.2	7497	VPg	2504	2911	+	orf1_relative
GII	MH218657	GII.2	7497	3CLpro	2912	3472	+	orf1_relative
GII	MH218657	GII.2	7497	RdRp	4323	5079	+	inferred_from_region_blast
GII	MH218697	GII.2	7545	VP1	5085	6713	+	genbank
GII	MH218697	GII.2	7545	VP2	6713	7492	+	genbank
GII	MH218697	GII.2	7545	ORF1	5	5104	+	genbank
GII	MH218697	GII.2	7545	p48	5	1330	+	orf1_relative
GII	MH218697	GII.2	7545	NTPase	1331	2095	+	orf1_relative
GII	MH218697	GII.2	7545	p22	2096	2503	+	orf1_relative
GII	MH218697	GII.2	7545	VPg	2504	2911	+	orf1_relative
GII	MH218697	GII.2	7545	3CLpro	2912	3472	+	orf1_relative
GII	MH218697	GII.2	7545	RdRp	4323	5079	+	inferred_from_region_blast
GII	MH218733	GII.2	7550	VP1	5085	6713	+	genbank
GII	MH218733	GII.2	7550	VP2	6713	7492	+	genbank
GII	MH218733	GII.2	7550	ORF1	5	5104	+	genbank
GII	MH218733	GII.2	7550	p48	5	1330	+	orf1_relative
GII	MH218733	GII.2	7550	NTPase	1331	2095	+	orf1_relative
GII	MH218733	GII.2	7550	p22	2096	2503	+	orf1_relative
GII	MH218733	GII.2	7550	VPg	2504	2911	+	orf1_relative
GII	MH218733	GII.2	7550	3CLpro	2912	3472	+	orf1_relative
GII	MH218733	GII.2	7550	RdRp	4323	5079	+	inferred_from_region_blast
GII	MH218734	GII.2	7536	VP1	5085	6713	+	genbank
GII	MH218734	GII.2	7536	VP2	6713	7492	+	genbank
GII	MH218734	GII.2	7536	ORF1	5	5104	+	genbank
GII	MH218734	GII.2	7536	p48	5	1330	+	orf1_relative
GII	MH218734	GII.2	7536	NTPase	1331	2095	+	orf1_relative
GII	MH218734	GII.2	7536	p22	2096	2503	+	orf1_relative
GII	MH218734	GII.2	7536	VPg	2504	2911	+	orf1_relative
GII	MH218734	GII.2	7536	3CLpro	2912	3472	+	orf1_relative
GII	MH218734	GII.2	7536	RdRp	4323	5079	+	inferred_from_region_blast
GII	MH218735	GII.2	7537	VP1	5085	6713	+	genbank
GII	MH218735	GII.2	7537	VP2	6713	7492	+	genbank
GII	MH218735	GII.2	7537	ORF1	5	5104	+	genbank
GII	MH218735	GII.2	7537	p48	5	1330	+	orf1_relative
GII	MH218735	GII.2	7537	NTPase	1331	2095	+	orf1_relative
GII	MH218735	GII.2	7537	p22	2096	2503	+	orf1_relative
GII	MH218735	GII.2	7537	VPg	2504	2911	+	orf1_relative
GII	MH218735	GII.2	7537	3CLpro	2912	3472	+	orf1_relative
GII	MH218735	GII.2	7537	RdRp	4323	5079	+	inferred_from_region_blast
GII	MH218736	GII.2	7537	VP1	5085	6713	+	genbank
GII	MH218736	GII.2	7537	VP2	6713	7492	+	genbank
GII	MH218736	GII.2	7537	ORF1	5	5104	+	genbank
GII	MH218736	GII.2	7537	p48	5	1330	+	orf1_relative
GII	MH218736	GII.2	7537	NTPase	1331	2095	+	orf1_relative
GII	MH218736	GII.2	7537	p22	2096	2503	+	orf1_relative
GII	MH218736	GII.2	7537	VPg	2504	2911	+	orf1_relative
GII	MH218736	GII.2	7537	3CLpro	2912	3472	+	orf1_relative
GII	MH218736	GII.2	7537	RdRp	4323	5079	+	inferred_from_region_blast
GII	MH218737	GII.2	7537	VP1	5085	6713	+	genbank
GII	MH218737	GII.2	7537	VP2	6713	7492	+	genbank
GII	MH218737	GII.2	7537	ORF1	5	5104	+	genbank
GII	MH218737	GII.2	7537	p48	5	1330	+	orf1_relative
GII	MH218737	GII.2	7537	NTPase	1331	2095	+	orf1_relative
GII	MH218737	GII.2	7537	p22	2096	2503	+	orf1_relative
GII	MH218737	GII.2	7537	VPg	2504	2911	+	orf1_relative
GII	MH218737	GII.2	7537	3CLpro	2912	3472	+	orf1_relative
GII	MH218737	GII.2	7537	RdRp	4323	5079	+	inferred_from_region_blast
GII	MH260478	GII.2	7345	VP1	4993	6621	+	genbank
GII	MH260478	GII.2	7345	VP2	6621	7345	+	genbank
GII	MH260478	GII.2	7345	ORF1	1	5012	+	genbank
GII	MH260478	GII.2	7345	p48	1	1303	+	orf1_relative
GII	MH260478	GII.2	7345	NTPase	1304	2055	+	orf1_relative
GII	MH260478	GII.2	7345	p22	2056	2456	+	orf1_relative
GII	MH260478	GII.2	7345	VPg	2457	2857	+	orf1_relative
GII	MH260478	GII.2	7345	3CLpro	2858	3408	+	orf1_relative
GII	MH260478	GII.2	7345	RdRp	4231	4987	+	inferred_from_region_blast
GII	MH260493	GII.2	7513	VP1	5080	6708	+	genbank
GII	MH260493	GII.2	7513	VP2	6708	7487	+	genbank
GII	MH260493	GII.2	7513	ORF1	1	5099	+	genbank
GII	MH260493	GII.2	7513	p48	1	1326	+	orf1_relative
GII	MH260493	GII.2	7513	NTPase	1327	2091	+	orf1_relative
GII	MH260493	GII.2	7513	p22	2092	2499	+	orf1_relative
GII	MH260493	GII.2	7513	VPg	2500	2906	+	orf1_relative
GII	MH260493	GII.2	7513	3CLpro	2907	3467	+	orf1_relative
GII	MH260493	GII.2	7513	RdRp	4318	5074	+	inferred_from_region_blast
GII	MH260500	GII.2	7519	VP1	5080	6708	+	genbank
GII	MH260500	GII.2	7519	VP2	6708	7487	+	genbank
GII	MH260500	GII.2	7519	ORF1	1	5099	+	genbank
GII	MH260500	GII.2	7519	p48	1	1326	+	orf1_relative
GII	MH260500	GII.2	7519	NTPase	1327	2091	+	orf1_relative
GII	MH260500	GII.2	7519	p22	2092	2499	+	orf1_relative
GII	MH260500	GII.2	7519	VPg	2500	2906	+	orf1_relative
GII	MH260500	GII.2	7519	3CLpro	2907	3467	+	orf1_relative
GII	MH260500	GII.2	7519	RdRp	4318	5074	+	inferred_from_region_blast
GII	MH260501	GII.2	7490	VP1	5080	6708	+	genbank
GII	MH260501	GII.2	7490	VP2	6708	7487	+	genbank
GII	MH260501	GII.2	7490	ORF1	1	5099	+	genbank
GII	MH260501	GII.2	7490	p48	1	1326	+	orf1_relative
GII	MH260501	GII.2	7490	NTPase	1327	2091	+	orf1_relative
GII	MH260501	GII.2	7490	p22	2092	2499	+	orf1_relative
GII	MH260501	GII.2	7490	VPg	2500	2906	+	orf1_relative
GII	MH260501	GII.2	7490	3CLpro	2907	3467	+	orf1_relative
GII	MH260501	GII.2	7490	RdRp	4318	5074	+	inferred_from_region_blast
GII	MH260509	GII.2	7457	VP1	5009	6637	+	genbank
GII	MH260509	GII.2	7457	VP2	6637	7416	+	genbank
GII	MH260509	GII.2	7457	ORF1	1	5028	+	genbank
GII	MH260509	GII.2	7457	p48	1	1307	+	orf1_relative
GII	MH260509	GII.2	7457	NTPase	1308	2061	+	orf1_relative
GII	MH260509	GII.2	7457	p22	2062	2464	+	orf1_relative
GII	MH260509	GII.2	7457	VPg	2465	2866	+	orf1_relative
GII	MH260509	GII.2	7457	3CLpro	2867	3419	+	orf1_relative
GII	MH260509	GII.2	7457	RdRp	4247	5003	+	inferred_from_region_blast
GII	MH321825	GII.2	7536	VP1	5085	6713	+	genbank
GII	MH321825	GII.2	7536	VP2	6713	7492	+	genbank
GII	MH321825	GII.2	7536	ORF1	5	5104	+	genbank
GII	MH321825	GII.2	7536	p48	5	1330	+	orf1_relative
GII	MH321825	GII.2	7536	NTPase	1331	2095	+	orf1_relative
GII	MH321825	GII.2	7536	p22	2096	2503	+	orf1_relative
GII	MH321825	GII.2	7536	VPg	2504	2911	+	orf1_relative
GII	MH321825	GII.2	7536	3CLpro	2912	3472	+	orf1_relative
GII	MH321825	GII.2	7536	RdRp	4323	5079	+	inferred_from_region_blast
GII	MH671553	GII.2	7536	VP1	5085	6713	+	genbank
GII	MH671553	GII.2	7536	VP2	6713	7492	+	genbank
GII	MH671553	GII.2	7536	ORF1	5	5104	+	genbank
GII	MH671553	GII.2	7536	p48	5	1330	+	orf1_relative
GII	MH671553	GII.2	7536	NTPase	1331	2095	+	orf1_relative
GII	MH671553	GII.2	7536	p22	2096	2503	+	orf1_relative
GII	MH671553	GII.2	7536	VPg	2504	2911	+	orf1_relative
GII	MH671553	GII.2	7536	3CLpro	2912	3472	+	orf1_relative
GII	MH671553	GII.2	7536	RdRp	4323	5079	+	inferred_from_region_blast
GII	MH702261	GII.2	6753	VP1	4607	6235	+	genbank
GII	MH702261	GII.2	6753	VP2	6235	6753	+	genbank
GII	MH702261	GII.2	6753	ORF1	1	4626	+	genbank
GII	MH702261	GII.2	6753	p48	1	1203	+	orf1_relative
GII	MH702261	GII.2	6753	NTPase	1204	1897	+	orf1_relative
GII	MH702261	GII.2	6753	p22	1898	2267	+	orf1_relative
GII	MH702261	GII.2	6753	VPg	2268	2637	+	orf1_relative
GII	MH702261	GII.2	6753	3CLpro	2638	3146	+	orf1_relative
GII	MH702261	GII.2	6753	RdRp	3845	4601	+	inferred_from_region_blast
GII	MH702265	GII.2	7220	VP1	4876	6504	+	genbank
GII	MH702265	GII.2	7220	VP2	6504	7220	+	genbank
GII	MH702265	GII.2	7220	ORF1	1	4895	+	genbank
GII	MH702265	GII.2	7220	p48	1	1273	+	orf1_relative
GII	MH702265	GII.2	7220	NTPase	1274	2007	+	orf1_relative
GII	MH702265	GII.2	7220	p22	2008	2399	+	orf1_relative
GII	MH702265	GII.2	7220	VPg	2400	2790	+	orf1_relative
GII	MH702265	GII.2	7220	3CLpro	2791	3329	+	orf1_relative
GII	MH702265	GII.2	7220	RdRp	4114	4870	+	inferred_from_region_blast
GII	MH979229	GII.2	7546	VP1	5085	6713	+	genbank
GII	MH979229	GII.2	7546	VP2	6713	7492	+	genbank
GII	MH979229	GII.2	7546	ORF1	5	5104	+	genbank
GII	MH979229	GII.2	7546	p48	5	1330	+	orf1_relative
GII	MH979229	GII.2	7546	NTPase	1331	2095	+	orf1_relative
GII	MH979229	GII.2	7546	p22	2096	2503	+	orf1_relative
GII	MH979229	GII.2	7546	VPg	2504	2911	+	orf1_relative
GII	MH979229	GII.2	7546	3CLpro	2912	3472	+	orf1_relative
GII	MH979229	GII.2	7546	RdRp	4323	5079	+	inferred_from_region_blast
GII	MK340748	GII.2	7473	VP1	5075	6703	+	genbank
GII	MK340748	GII.2	7473	VP2	6703	7473	+	genbank
GII	MK340748	GII.2	7473	ORF1	1	5094	+	genbank
GII	MK340748	GII.2	7473	p48	1	1324	+	orf1_relative
GII	MK340748	GII.2	7473	NTPase	1325	2089	+	orf1_relative
GII	MK340748	GII.2	7473	p22	2090	2496	+	orf1_relative
GII	MK340748	GII.2	7473	VPg	2497	2904	+	orf1_relative
GII	MK340748	GII.2	7473	3CLpro	2905	3464	+	orf1_relative
GII	MK340748	GII.2	7473	RdRp	4313	5069	+	inferred_from_region_blast
GII	MK590972	GII.2	7367	VP1	4933	6561	+	genbank
GII	MK590972	GII.2	7367	VP2	6561	7340	+	genbank
GII	MK590972	GII.2	7367	ORF1	1	4952	+	genbank
GII	MK590972	GII.2	7367	p48	1	1288	+	orf1_relative
GII	MK590972	GII.2	7367	NTPase	1289	2030	+	orf1_relative
GII	MK590972	GII.2	7367	p22	2031	2426	+	orf1_relative
GII	MK590972	GII.2	7367	VPg	2427	2823	+	orf1_relative
GII	MK590972	GII.2	7367	3CLpro	2824	3367	+	orf1_relative
GII	MK590972	GII.2	7367	RdRp	4171	4927	+	inferred_from_region_blast
GII	MK590973	GII.2	7471	VP1	5038	6666	+	genbank
GII	MK590973	GII.2	7471	VP2	6666	7445	+	genbank
GII	MK590973	GII.2	7471	ORF1	1	5057	+	genbank
GII	MK590973	GII.2	7471	p48	1	1315	+	orf1_relative
GII	MK590973	GII.2	7471	NTPase	1316	2073	+	orf1_relative
GII	MK590973	GII.2	7471	p22	2074	2478	+	orf1_relative
GII	MK590973	GII.2	7471	VPg	2479	2882	+	orf1_relative
GII	MK590973	GII.2	7471	3CLpro	2883	3439	+	orf1_relative
GII	MK590973	GII.2	7471	RdRp	4276	5032	+	inferred_from_region_blast
GII	MK590974	GII.2	7496	VP1	5080	6708	+	genbank
GII	MK590974	GII.2	7496	VP2	6708	7487	+	genbank
GII	MK590974	GII.2	7496	ORF1	1	5099	+	genbank
GII	MK590974	GII.2	7496	p48	1	1326	+	orf1_relative
GII	MK590974	GII.2	7496	NTPase	1327	2091	+	orf1_relative
GII	MK590974	GII.2	7496	p22	2092	2499	+	orf1_relative
GII	MK590974	GII.2	7496	VPg	2500	2906	+	orf1_relative
GII	MK590974	GII.2	7496	3CLpro	2907	3467	+	orf1_relative
GII	MK590974	GII.2	7496	RdRp	4318	5074	+	inferred_from_region_blast
GII	MK614124	GII.2	7536	VP1	5081	6709	+	genbank
GII	MK614124	GII.2	7536	VP2	6709	7488	+	genbank
GII	MK614124	GII.2	7536	ORF1	1	5100	+	genbank
GII	MK614124	GII.2	7536	p48	1	1326	+	orf1_relative
GII	MK614124	GII.2	7536	NTPase	1327	2091	+	orf1_relative
GII	MK614124	GII.2	7536	p22	2092	2499	+	orf1_relative
GII	MK614124	GII.2	7536	VPg	2500	2907	+	orf1_relative
GII	MK614124	GII.2	7536	3CLpro	2908	3468	+	orf1_relative
GII	MK614124	GII.2	7536	RdRp	4319	5075	+	inferred_from_region_blast
GII	MK614125	GII.2	7536	VP1	5081	6709	+	genbank
GII	MK614125	GII.2	7536	VP2	6709	7488	+	genbank
GII	MK614125	GII.2	7536	ORF1	1	5100	+	genbank
GII	MK614125	GII.2	7536	p48	1	1326	+	orf1_relative
GII	MK614125	GII.2	7536	NTPase	1327	2091	+	orf1_relative
GII	MK614125	GII.2	7536	p22	2092	2499	+	orf1_relative
GII	MK614125	GII.2	7536	VPg	2500	2907	+	orf1_relative
GII	MK614125	GII.2	7536	3CLpro	2908	3468	+	orf1_relative
GII	MK614125	GII.2	7536	RdRp	4319	5075	+	inferred_from_region_blast
GII	MK614126	GII.2	7536	VP1	5081	6709	+	genbank
GII	MK614126	GII.2	7536	VP2	6709	7488	+	genbank
GII	MK614126	GII.2	7536	ORF1	1	5100	+	genbank
GII	MK614126	GII.2	7536	p48	1	1326	+	orf1_relative
GII	MK614126	GII.2	7536	NTPase	1327	2091	+	orf1_relative
GII	MK614126	GII.2	7536	p22	2092	2499	+	orf1_relative
GII	MK614126	GII.2	7536	VPg	2500	2907	+	orf1_relative
GII	MK614126	GII.2	7536	3CLpro	2908	3468	+	orf1_relative
GII	MK614126	GII.2	7536	RdRp	4319	5075	+	inferred_from_region_blast
GII	MK614127	GII.2	7536	VP1	5081	6709	+	genbank
GII	MK614127	GII.2	7536	VP2	6709	7488	+	genbank
GII	MK614127	GII.2	7536	ORF1	1	5100	+	genbank
GII	MK614127	GII.2	7536	p48	1	1326	+	orf1_relative
GII	MK614127	GII.2	7536	NTPase	1327	2091	+	orf1_relative
GII	MK614127	GII.2	7536	p22	2092	2499	+	orf1_relative
GII	MK614127	GII.2	7536	VPg	2500	2907	+	orf1_relative
GII	MK614127	GII.2	7536	3CLpro	2908	3468	+	orf1_relative
GII	MK614127	GII.2	7536	RdRp	4319	5075	+	inferred_from_region_blast
GII	MK614128	GII.2	7536	VP1	5081	6709	+	genbank
GII	MK614128	GII.2	7536	VP2	6709	7488	+	genbank
GII	MK614128	GII.2	7536	ORF1	1	5100	+	genbank
GII	MK614128	GII.2	7536	p48	1	1326	+	orf1_relative
GII	MK614128	GII.2	7536	NTPase	1327	2091	+	orf1_relative
GII	MK614128	GII.2	7536	p22	2092	2499	+	orf1_relative
GII	MK614128	GII.2	7536	VPg	2500	2907	+	orf1_relative
GII	MK614128	GII.2	7536	3CLpro	2908	3468	+	orf1_relative
GII	MK614128	GII.2	7536	RdRp	4319	5075	+	inferred_from_region_blast
GII	MK614129	GII.2	7536	VP1	5081	6709	+	genbank
GII	MK614129	GII.2	7536	VP2	6709	7488	+	genbank
GII	MK614129	GII.2	7536	ORF1	1	5100	+	genbank
GII	MK614129	GII.2	7536	p48	1	1326	+	orf1_relative
GII	MK614129	GII.2	7536	NTPase	1327	2091	+	orf1_relative
GII	MK614129	GII.2	7536	p22	2092	2499	+	orf1_relative
GII	MK614129	GII.2	7536	VPg	2500	2907	+	orf1_relative
GII	MK614129	GII.2	7536	3CLpro	2908	3468	+	orf1_relative
GII	MK614129	GII.2	7536	RdRp	4319	5075	+	inferred_from_region_blast
GII	MK614130	GII.2	7536	VP1	5081	6709	+	genbank
GII	MK614130	GII.2	7536	VP2	6709	7488	+	genbank
GII	MK614130	GII.2	7536	ORF1	1	5100	+	genbank
GII	MK614130	GII.2	7536	p48	1	1326	+	orf1_relative
GII	MK614130	GII.2	7536	NTPase	1327	2091	+	orf1_relative
GII	MK614130	GII.2	7536	p22	2092	2499	+	orf1_relative
GII	MK614130	GII.2	7536	VPg	2500	2907	+	orf1_relative
GII	MK614130	GII.2	7536	3CLpro	2908	3468	+	orf1_relative
GII	MK614130	GII.2	7536	RdRp	4319	5075	+	inferred_from_region_blast
GII	MK614131	GII.2	7536	VP1	5081	6709	+	genbank
GII	MK614131	GII.2	7536	VP2	6709	7488	+	genbank
GII	MK614131	GII.2	7536	ORF1	1	5100	+	genbank
GII	MK614131	GII.2	7536	p48	1	1326	+	orf1_relative
GII	MK614131	GII.2	7536	NTPase	1327	2091	+	orf1_relative
GII	MK614131	GII.2	7536	p22	2092	2499	+	orf1_relative
GII	MK614131	GII.2	7536	VPg	2500	2907	+	orf1_relative
GII	MK614131	GII.2	7536	3CLpro	2908	3468	+	orf1_relative
GII	MK614131	GII.2	7536	RdRp	4319	5075	+	inferred_from_region_blast
GII	MK614132	GII.2	7536	VP1	5081	6709	+	genbank
GII	MK614132	GII.2	7536	VP2	6709	7488	+	genbank
GII	MK614132	GII.2	7536	ORF1	1	5100	+	genbank
GII	MK614132	GII.2	7536	p48	1	1326	+	orf1_relative
GII	MK614132	GII.2	7536	NTPase	1327	2091	+	orf1_relative
GII	MK614132	GII.2	7536	p22	2092	2499	+	orf1_relative
GII	MK614132	GII.2	7536	VPg	2500	2907	+	orf1_relative
GII	MK614132	GII.2	7536	3CLpro	2908	3468	+	orf1_relative
GII	MK614132	GII.2	7536	RdRp	4319	5075	+	inferred_from_region_blast
GII	MK614133	GII.2	7536	VP1	5081	6709	+	genbank
GII	MK614133	GII.2	7536	VP2	6709	7488	+	genbank
GII	MK614133	GII.2	7536	ORF1	1	5100	+	genbank
GII	MK614133	GII.2	7536	p48	1	1326	+	orf1_relative
GII	MK614133	GII.2	7536	NTPase	1327	2091	+	orf1_relative
GII	MK614133	GII.2	7536	p22	2092	2499	+	orf1_relative
GII	MK614133	GII.2	7536	VPg	2500	2907	+	orf1_relative
GII	MK614133	GII.2	7536	3CLpro	2908	3468	+	orf1_relative
GII	MK614133	GII.2	7536	RdRp	4319	5075	+	inferred_from_region_blast
GII	MK614134	GII.2	7536	VP1	5081	6709	+	genbank
GII	MK614134	GII.2	7536	VP2	6709	7488	+	genbank
GII	MK614134	GII.2	7536	ORF1	1	5100	+	genbank
GII	MK614134	GII.2	7536	p48	1	1326	+	orf1_relative
GII	MK614134	GII.2	7536	NTPase	1327	2091	+	orf1_relative
GII	MK614134	GII.2	7536	p22	2092	2499	+	orf1_relative
GII	MK614134	GII.2	7536	VPg	2500	2907	+	orf1_relative
GII	MK614134	GII.2	7536	3CLpro	2908	3468	+	orf1_relative
GII	MK614134	GII.2	7536	RdRp	4319	5075	+	inferred_from_region_blast
GII	MK614135	GII.2	7536	VP1	5081	6709	+	genbank
GII	MK614135	GII.2	7536	VP2	6709	7488	+	genbank
GII	MK614135	GII.2	7536	ORF1	1	5100	+	genbank
GII	MK614135	GII.2	7536	p48	1	1326	+	orf1_relative
GII	MK614135	GII.2	7536	NTPase	1327	2091	+	orf1_relative
GII	MK614135	GII.2	7536	p22	2092	2499	+	orf1_relative
GII	MK614135	GII.2	7536	VPg	2500	2907	+	orf1_relative
GII	MK614135	GII.2	7536	3CLpro	2908	3468	+	orf1_relative
GII	MK614135	GII.2	7536	RdRp	4319	5075	+	inferred_from_region_blast
GII	MK614136	GII.2	7536	VP1	5081	6709	+	genbank
GII	MK614136	GII.2	7536	VP2	6709	7488	+	genbank
GII	MK614136	GII.2	7536	ORF1	1	5100	+	genbank
GII	MK614136	GII.2	7536	p48	1	1326	+	orf1_relative
GII	MK614136	GII.2	7536	NTPase	1327	2091	+	orf1_relative
GII	MK614136	GII.2	7536	p22	2092	2499	+	orf1_relative
GII	MK614136	GII.2	7536	VPg	2500	2907	+	orf1_relative
GII	MK614136	GII.2	7536	3CLpro	2908	3468	+	orf1_relative
GII	MK614136	GII.2	7536	RdRp	4319	5075	+	inferred_from_region_blast
GII	MK614137	GII.2	7536	VP1	5081	6709	+	genbank
GII	MK614137	GII.2	7536	VP2	6709	7488	+	genbank
GII	MK614137	GII.2	7536	ORF1	1	5100	+	genbank
GII	MK614137	GII.2	7536	p48	1	1326	+	orf1_relative
GII	MK614137	GII.2	7536	NTPase	1327	2091	+	orf1_relative
GII	MK614137	GII.2	7536	p22	2092	2499	+	orf1_relative
GII	MK614137	GII.2	7536	VPg	2500	2907	+	orf1_relative
GII	MK614137	GII.2	7536	3CLpro	2908	3468	+	orf1_relative
GII	MK614137	GII.2	7536	RdRp	4319	5075	+	inferred_from_region_blast
GII	MK648237	GII.2	7419	VP1	5085	6713	+	genbank
GII	MK648237	GII.2	7419	VP2	6713	7419	+	genbank
GII	MK648237	GII.2	7419	ORF1	5	5104	+	genbank
GII	MK648237	GII.2	7419	p48	5	1330	+	orf1_relative
GII	MK648237	GII.2	7419	NTPase	1331	2095	+	orf1_relative
GII	MK648237	GII.2	7419	p22	2096	2503	+	orf1_relative
GII	MK648237	GII.2	7419	VPg	2504	2911	+	orf1_relative
GII	MK648237	GII.2	7419	3CLpro	2912	3472	+	orf1_relative
GII	MK648237	GII.2	7419	RdRp	4323	5079	+	inferred_from_region_blast
GII	MK648238	GII.2	7419	VP1	5085	6713	+	genbank
GII	MK648238	GII.2	7419	VP2	6713	7419	+	genbank
GII	MK648238	GII.2	7419	ORF1	5	5104	+	genbank
GII	MK648238	GII.2	7419	p48	5	1330	+	orf1_relative
GII	MK648238	GII.2	7419	NTPase	1331	2095	+	orf1_relative
GII	MK648238	GII.2	7419	p22	2096	2503	+	orf1_relative
GII	MK648238	GII.2	7419	VPg	2504	2911	+	orf1_relative
GII	MK648238	GII.2	7419	3CLpro	2912	3472	+	orf1_relative
GII	MK648238	GII.2	7419	RdRp	4323	5079	+	inferred_from_region_blast
GII	MK648239	GII.2	7419	VP1	5085	6713	+	genbank
GII	MK648239	GII.2	7419	VP2	6713	7419	+	genbank
GII	MK648239	GII.2	7419	ORF1	5	5104	+	genbank
GII	MK648239	GII.2	7419	p48	5	1330	+	orf1_relative
GII	MK648239	GII.2	7419	NTPase	1331	2095	+	orf1_relative
GII	MK648239	GII.2	7419	p22	2096	2503	+	orf1_relative
GII	MK648239	GII.2	7419	VPg	2504	2911	+	orf1_relative
GII	MK648239	GII.2	7419	3CLpro	2912	3472	+	orf1_relative
GII	MK648239	GII.2	7419	RdRp	4323	5079	+	inferred_from_region_blast
GII	MK648240	GII.2	7419	VP1	5085	6713	+	genbank
GII	MK648240	GII.2	7419	VP2	6713	7419	+	genbank
GII	MK648240	GII.2	7419	ORF1	5	5104	+	genbank
GII	MK648240	GII.2	7419	p48	5	1330	+	orf1_relative
GII	MK648240	GII.2	7419	NTPase	1331	2095	+	orf1_relative
GII	MK648240	GII.2	7419	p22	2096	2503	+	orf1_relative
GII	MK648240	GII.2	7419	VPg	2504	2911	+	orf1_relative
GII	MK648240	GII.2	7419	3CLpro	2912	3472	+	orf1_relative
GII	MK648240	GII.2	7419	RdRp	4323	5079	+	inferred_from_region_blast
GII	MK729086	GII.2	7496	VP1	5085	6713	+	genbank
GII	MK729086	GII.2	7496	VP2	6713	7492	+	genbank
GII	MK729086	GII.2	7496	ORF1	5	5104	+	genbank
GII	MK729086	GII.2	7496	p48	5	1330	+	orf1_relative
GII	MK729086	GII.2	7496	NTPase	1331	2095	+	orf1_relative
GII	MK729086	GII.2	7496	p22	2096	2503	+	orf1_relative
GII	MK729086	GII.2	7496	VPg	2504	2911	+	orf1_relative
GII	MK729086	GII.2	7496	3CLpro	2912	3472	+	orf1_relative
GII	MK729086	GII.2	7496	RdRp	4323	5079	+	inferred_from_region_blast
GII	MK752935	GII.2	7536	VP1	5085	6713	+	genbank
GII	MK752935	GII.2	7536	VP2	6713	7492	+	genbank
GII	MK752935	GII.2	7536	ORF1	5	5104	+	genbank
GII	MK752935	GII.2	7536	p48	5	1330	+	orf1_relative
GII	MK752935	GII.2	7536	NTPase	1331	2095	+	orf1_relative
GII	MK752935	GII.2	7536	p22	2096	2503	+	orf1_relative
GII	MK752935	GII.2	7536	VPg	2504	2911	+	orf1_relative
GII	MK752935	GII.2	7536	3CLpro	2912	3472	+	orf1_relative
GII	MK752935	GII.2	7536	RdRp	4323	5079	+	inferred_from_region_blast
GII	MK752939	GII.2	7498	VP1	5084	6712	+	genbank
GII	MK752939	GII.2	7498	VP2	6712	7491	+	genbank
GII	MK752939	GII.2	7498	ORF1	4	5103	+	genbank
GII	MK752939	GII.2	7498	p48	4	1329	+	orf1_relative
GII	MK752939	GII.2	7498	NTPase	1330	2094	+	orf1_relative
GII	MK752939	GII.2	7498	p22	2095	2502	+	orf1_relative
GII	MK752939	GII.2	7498	VPg	2503	2910	+	orf1_relative
GII	MK752939	GII.2	7498	3CLpro	2911	3471	+	orf1_relative
GII	MK752939	GII.2	7498	RdRp	4322	5078	+	inferred_from_region_blast
GII	MK752940	GII.2	7479	VP1	5080	6708	+	genbank
GII	MK752940	GII.2	7479	VP2	6708	7479	+	genbank
GII	MK752940	GII.2	7479	ORF1	1	5099	+	genbank
GII	MK752940	GII.2	7479	p48	1	1326	+	orf1_relative
GII	MK752940	GII.2	7479	NTPase	1327	2091	+	orf1_relative
GII	MK752940	GII.2	7479	p22	2092	2499	+	orf1_relative
GII	MK752940	GII.2	7479	VPg	2500	2906	+	orf1_relative
GII	MK752940	GII.2	7479	3CLpro	2907	3467	+	orf1_relative
GII	MK752940	GII.2	7479	RdRp	4318	5074	+	inferred_from_region_blast
GII	MK752941	GII.2	7509	VP1	5082	6710	+	genbank
GII	MK752941	GII.2	7509	VP2	6710	7489	+	genbank
GII	MK752941	GII.2	7509	ORF1	2	5101	+	genbank
GII	MK752941	GII.2	7509	p48	2	1327	+	orf1_relative
GII	MK752941	GII.2	7509	NTPase	1328	2092	+	orf1_relative
GII	MK752941	GII.2	7509	p22	2093	2500	+	orf1_relative
GII	MK752941	GII.2	7509	VPg	2501	2908	+	orf1_relative
GII	MK752941	GII.2	7509	3CLpro	2909	3469	+	orf1_relative
GII	MK752941	GII.2	7509	RdRp	4320	5076	+	inferred_from_region_blast
GII	MK752944	GII.2	7434	VP1	5033	6661	+	genbank
GII	MK752944	GII.2	7434	VP2	6661	7434	+	genbank
GII	MK752944	GII.2	7434	ORF1	1	5052	+	genbank
GII	MK752944	GII.2	7434	p48	1	1314	+	orf1_relative
GII	MK752944	GII.2	7434	NTPase	1315	2071	+	orf1_relative
GII	MK752944	GII.2	7434	p22	2072	2475	+	orf1_relative
GII	MK752944	GII.2	7434	VPg	2476	2880	+	orf1_relative
GII	MK752944	GII.2	7434	3CLpro	2881	3435	+	orf1_relative
GII	MK752944	GII.2	7434	RdRp	4271	5027	+	inferred_from_region_blast
GII	MK752945	GII.2	7487	VP1	5075	6703	+	genbank
GII	MK752945	GII.2	7487	VP2	6703	7482	+	genbank
GII	MK752945	GII.2	7487	ORF1	1	5094	+	genbank
GII	MK752945	GII.2	7487	p48	1	1324	+	orf1_relative
GII	MK752945	GII.2	7487	NTPase	1325	2089	+	orf1_relative
GII	MK752945	GII.2	7487	p22	2090	2496	+	orf1_relative
GII	MK752945	GII.2	7487	VPg	2497	2904	+	orf1_relative
GII	MK752945	GII.2	7487	3CLpro	2905	3464	+	orf1_relative
GII	MK752945	GII.2	7487	RdRp	4313	5069	+	inferred_from_region_blast
GII	MK753007	GII.2	7533	VP1	5082	6710	+	genbank
GII	MK753007	GII.2	7533	VP2	6710	7489	+	genbank
GII	MK753007	GII.2	7533	ORF1	2	5101	+	genbank
GII	MK753007	GII.2	7533	p48	2	1327	+	orf1_relative
GII	MK753007	GII.2	7533	NTPase	1328	2092	+	orf1_relative
GII	MK753007	GII.2	7533	p22	2093	2500	+	orf1_relative
GII	MK753007	GII.2	7533	VPg	2501	2908	+	orf1_relative
GII	MK753007	GII.2	7533	3CLpro	2909	3469	+	orf1_relative
GII	MK753007	GII.2	7533	RdRp	4322	5076	+	inferred_from_region_blast
GII	MK753011	GII.2	7292	VP1	4913	6541	+	genbank
GII	MK753011	GII.2	7292	VP2	6541	7292	+	genbank
GII	MK753011	GII.2	7292	ORF1	1	4932	+	genbank
GII	MK753011	GII.2	7292	p48	1	1282	+	orf1_relative
GII	MK753011	GII.2	7292	NTPase	1283	2022	+	orf1_relative
GII	MK753011	GII.2	7292	p22	2023	2417	+	orf1_relative
GII	MK753011	GII.2	7292	VPg	2418	2811	+	orf1_relative
GII	MK753011	GII.2	7292	3CLpro	2812	3354	+	orf1_relative
GII	MK753011	GII.2	7292	RdRp	4151	4907	+	inferred_from_region_blast
GII	MK753012	GII.2	7505	VP1	5084	6712	+	genbank
GII	MK753012	GII.2	7505	VP2	6712	7491	+	genbank
GII	MK753012	GII.2	7505	ORF1	4	5103	+	genbank
GII	MK753012	GII.2	7505	p48	4	1329	+	orf1_relative
GII	MK753012	GII.2	7505	NTPase	1330	2094	+	orf1_relative
GII	MK753012	GII.2	7505	p22	2095	2502	+	orf1_relative
GII	MK753012	GII.2	7505	VPg	2503	2910	+	orf1_relative
GII	MK753012	GII.2	7505	3CLpro	2911	3471	+	orf1_relative
GII	MK753012	GII.2	7505	RdRp	4324	5078	+	inferred_from_region_blast
GII	MK753013	GII.2	7444	VP1	5030	6658	+	genbank
GII	MK753013	GII.2	7444	VP2	6658	7437	+	genbank
GII	MK753013	GII.2	7444	ORF1	1	5049	+	genbank
GII	MK753013	GII.2	7444	p48	1	1313	+	orf1_relative
GII	MK753013	GII.2	7444	NTPase	1314	2070	+	orf1_relative
GII	MK753013	GII.2	7444	p22	2071	2474	+	orf1_relative
GII	MK753013	GII.2	7444	VPg	2475	2878	+	orf1_relative
GII	MK753013	GII.2	7444	3CLpro	2879	3433	+	orf1_relative
GII	MK753013	GII.2	7444	RdRp	4268	5024	+	inferred_from_region_blast
GII	MK753014	GII.2	7273	VP1	4906	6534	+	genbank
GII	MK753014	GII.2	7273	VP2	6534	7273	+	genbank
GII	MK753014	GII.2	7273	ORF1	1	4925	+	genbank
GII	MK753014	GII.2	7273	p48	1	1280	+	orf1_relative
GII	MK753014	GII.2	7273	NTPase	1281	2019	+	orf1_relative
GII	MK753014	GII.2	7273	p22	2020	2413	+	orf1_relative
GII	MK753014	GII.2	7273	VPg	2414	2807	+	orf1_relative
GII	MK753014	GII.2	7273	3CLpro	2808	3349	+	orf1_relative
GII	MK753014	GII.2	7273	RdRp	4144	4900	+	inferred_from_region_blast
GII	MK753015	GII.2	7536	VP1	5085	6713	+	genbank
GII	MK753015	GII.2	7536	VP2	6713	7492	+	genbank
GII	MK753015	GII.2	7536	ORF1	5	5104	+	genbank
GII	MK753015	GII.2	7536	p48	5	1330	+	orf1_relative
GII	MK753015	GII.2	7536	NTPase	1331	2095	+	orf1_relative
GII	MK753015	GII.2	7536	p22	2096	2503	+	orf1_relative
GII	MK753015	GII.2	7536	VPg	2504	2911	+	orf1_relative
GII	MK753015	GII.2	7536	3CLpro	2912	3472	+	orf1_relative
GII	MK753015	GII.2	7536	RdRp	4323	5079	+	inferred_from_region_blast
GII	MK753016	GII.2	7521	VP1	5084	6712	+	genbank
GII	MK753016	GII.2	7521	VP2	6712	7491	+	genbank
GII	MK753016	GII.2	7521	ORF1	4	5103	+	genbank
GII	MK753016	GII.2	7521	p48	4	1329	+	orf1_relative
GII	MK753016	GII.2	7521	NTPase	1330	2094	+	orf1_relative
GII	MK753016	GII.2	7521	p22	2095	2502	+	orf1_relative
GII	MK753016	GII.2	7521	VPg	2503	2910	+	orf1_relative
GII	MK753016	GII.2	7521	3CLpro	2911	3471	+	orf1_relative
GII	MK753016	GII.2	7521	RdRp	4322	5078	+	inferred_from_region_blast
GII	MK753021	GII.2	7391	VP1	5009	6637	+	genbank
GII	MK753021	GII.2	7391	VP2	6637	7391	+	genbank
GII	MK753021	GII.2	7391	ORF1	1	5028	+	genbank
GII	MK753021	GII.2	7391	p48	1	1307	+	orf1_relative
GII	MK753021	GII.2	7391	NTPase	1308	2061	+	orf1_relative
GII	MK753021	GII.2	7391	p22	2062	2464	+	orf1_relative
GII	MK753021	GII.2	7391	VPg	2465	2866	+	orf1_relative
GII	MK753021	GII.2	7391	3CLpro	2867	3419	+	orf1_relative
GII	MK753021	GII.2	7391	RdRp	4247	5003	+	inferred_from_region_blast
GII	MK753031	GII.2	7239	VP1	4856	6484	+	genbank
GII	MK753031	GII.2	7239	VP2	6484	7239	+	genbank
GII	MK753031	GII.2	7239	ORF1	1	4875	+	genbank
GII	MK753031	GII.2	7239	p48	1	1268	+	orf1_relative
GII	MK753031	GII.2	7239	NTPase	1269	1999	+	orf1_relative
GII	MK753031	GII.2	7239	p22	2000	2389	+	orf1_relative
GII	MK753031	GII.2	7239	VPg	2390	2779	+	orf1_relative
GII	MK753031	GII.2	7239	3CLpro	2780	3315	+	orf1_relative
GII	MK753031	GII.2	7239	RdRp	4094	4850	+	inferred_from_region_blast
GII	MK753035	GII.2	7530	VP1	5083	6711	+	genbank
GII	MK753035	GII.2	7530	VP2	6711	7490	+	genbank
GII	MK753035	GII.2	7530	ORF1	3	5102	+	genbank
GII	MK753035	GII.2	7530	p48	3	1328	+	orf1_relative
GII	MK753035	GII.2	7530	NTPase	1329	2093	+	orf1_relative
GII	MK753035	GII.2	7530	p22	2094	2501	+	orf1_relative
GII	MK753035	GII.2	7530	VPg	2502	2909	+	orf1_relative
GII	MK753035	GII.2	7530	3CLpro	2910	3470	+	orf1_relative
GII	MK753035	GII.2	7530	RdRp	4321	5077	+	inferred_from_region_blast
GII	MK762625	GII.2	7491	VP1	5085	6713	+	genbank
GII	MK762625	GII.2	7491	VP2	6713	7491	+	genbank
GII	MK762625	GII.2	7491	ORF1	5	5104	+	genbank
GII	MK762625	GII.2	7491	p48	5	1330	+	orf1_relative
GII	MK762625	GII.2	7491	NTPase	1331	2095	+	orf1_relative
GII	MK762625	GII.2	7491	p22	2096	2503	+	orf1_relative
GII	MK762625	GII.2	7491	VPg	2504	2911	+	orf1_relative
GII	MK762625	GII.2	7491	3CLpro	2912	3472	+	orf1_relative
GII	MK762625	GII.2	7491	RdRp	4323	5079	+	inferred_from_region_blast
GII	MK762626	GII.2	7499	VP1	5085	6713	+	genbank
GII	MK762626	GII.2	7499	VP2	6713	7492	+	genbank
GII	MK762626	GII.2	7499	ORF1	5	5104	+	genbank
GII	MK762626	GII.2	7499	p48	5	1330	+	orf1_relative
GII	MK762626	GII.2	7499	NTPase	1331	2095	+	orf1_relative
GII	MK762626	GII.2	7499	p22	2096	2503	+	orf1_relative
GII	MK762626	GII.2	7499	VPg	2504	2911	+	orf1_relative
GII	MK762626	GII.2	7499	3CLpro	2912	3472	+	orf1_relative
GII	MK762626	GII.2	7499	RdRp	4323	5079	+	inferred_from_region_blast
GII	MK762628	GII.2	7482	VP1	5079	6707	+	genbank
GII	MK762628	GII.2	7482	VP2	6707	7482	+	genbank
GII	MK762628	GII.2	7482	ORF1	1	5098	+	genbank
GII	MK762628	GII.2	7482	p48	1	1325	+	orf1_relative
GII	MK762628	GII.2	7482	NTPase	1326	2090	+	orf1_relative
GII	MK762628	GII.2	7482	p22	2091	2498	+	orf1_relative
GII	MK762628	GII.2	7482	VPg	2499	2906	+	orf1_relative
GII	MK762628	GII.2	7482	3CLpro	2907	3467	+	orf1_relative
GII	MK762628	GII.2	7482	RdRp	4317	5073	+	inferred_from_region_blast
GII	MK762631	GII.2	7490	VP1	5072	6700	+	genbank
GII	MK762631	GII.2	7490	VP2	6700	7479	+	genbank
GII	MK762631	GII.2	7490	ORF1	1	5091	+	genbank
GII	MK762631	GII.2	7490	p48	1	1324	+	orf1_relative
GII	MK762631	GII.2	7490	NTPase	1325	2087	+	orf1_relative
GII	MK762631	GII.2	7490	p22	2088	2495	+	orf1_relative
GII	MK762631	GII.2	7490	VPg	2496	2902	+	orf1_relative
GII	MK762631	GII.2	7490	3CLpro	2903	3462	+	orf1_relative
GII	MK762631	GII.2	7490	RdRp	4310	5066	+	inferred_from_region_blast
GII	MK762633	GII.2	7519	VP1	5085	6713	+	genbank
GII	MK762633	GII.2	7519	VP2	6713	7492	+	genbank
GII	MK762633	GII.2	7519	ORF1	5	5104	+	genbank
GII	MK762633	GII.2	7519	p48	5	1330	+	orf1_relative
GII	MK762633	GII.2	7519	NTPase	1331	2095	+	orf1_relative
GII	MK762633	GII.2	7519	p22	2096	2503	+	orf1_relative
GII	MK762633	GII.2	7519	VPg	2504	2911	+	orf1_relative
GII	MK762633	GII.2	7519	3CLpro	2912	3472	+	orf1_relative
GII	MK762633	GII.2	7519	RdRp	4323	5079	+	inferred_from_region_blast
GII	MK762634	GII.2	7419	VP1	5039	6667	+	genbank
GII	MK762634	GII.2	7419	VP2	6667	7419	+	genbank
GII	MK762634	GII.2	7419	ORF1	1	5058	+	genbank
GII	MK762634	GII.2	7419	p48	1	1315	+	orf1_relative
GII	MK762634	GII.2	7419	NTPase	1316	2074	+	orf1_relative
GII	MK762634	GII.2	7419	p22	2075	2478	+	orf1_relative
GII	MK762634	GII.2	7419	VPg	2479	2883	+	orf1_relative
GII	MK762634	GII.2	7419	3CLpro	2884	3439	+	orf1_relative
GII	MK762634	GII.2	7419	RdRp	4277	5033	+	inferred_from_region_blast
GII	MK762641	GII.2	7380	VP1	4978	6606	+	genbank
GII	MK762641	GII.2	7380	VP2	6606	7380	+	genbank
GII	MK762641	GII.2	7380	ORF1	1	4997	+	genbank
GII	MK762641	GII.2	7380	p48	1	1299	+	orf1_relative
GII	MK762641	GII.2	7380	NTPase	1300	2049	+	orf1_relative
GII	MK762641	GII.2	7380	p22	2050	2449	+	orf1_relative
GII	MK762641	GII.2	7380	VPg	2450	2848	+	orf1_relative
GII	MK762641	GII.2	7380	3CLpro	2849	3398	+	orf1_relative
GII	MK762641	GII.2	7380	RdRp	4216	4972	+	inferred_from_region_blast
GII	MK764017	GII.2	7482	VP1	5084	6712	+	genbank
GII	MK764017	GII.2	7482	VP2	6712	7482	+	genbank
GII	MK764017	GII.2	7482	ORF1	4	5103	+	genbank
GII	MK764017	GII.2	7482	p48	4	1329	+	orf1_relative
GII	MK764017	GII.2	7482	NTPase	1330	2094	+	orf1_relative
GII	MK764017	GII.2	7482	p22	2095	2502	+	orf1_relative
GII	MK764017	GII.2	7482	VPg	2503	2910	+	orf1_relative
GII	MK764017	GII.2	7482	3CLpro	2911	3471	+	orf1_relative
GII	MK764017	GII.2	7482	RdRp	4322	5078	+	inferred_from_region_blast
GII	MK764022	GII.2	7533	VP1	5082	6710	+	genbank
GII	MK764022	GII.2	7533	VP2	6710	7489	+	genbank
GII	MK764022	GII.2	7533	ORF1	2	5101	+	genbank
GII	MK764022	GII.2	7533	p48	2	1327	+	orf1_relative
GII	MK764022	GII.2	7533	NTPase	1328	2092	+	orf1_relative
GII	MK764022	GII.2	7533	p22	2093	2500	+	orf1_relative
GII	MK764022	GII.2	7533	VPg	2501	2908	+	orf1_relative
GII	MK764022	GII.2	7533	3CLpro	2909	3469	+	orf1_relative
GII	MK764022	GII.2	7533	RdRp	4320	5076	+	inferred_from_region_blast
GII	MK764039	GII.2	7512	VP1	5084	6712	+	genbank
GII	MK764039	GII.2	7512	VP2	6712	7491	+	genbank
GII	MK764039	GII.2	7512	ORF1	4	5103	+	genbank
GII	MK764039	GII.2	7512	p48	4	1329	+	orf1_relative
GII	MK764039	GII.2	7512	NTPase	1330	2094	+	orf1_relative
GII	MK764039	GII.2	7512	p22	2095	2502	+	orf1_relative
GII	MK764039	GII.2	7512	VPg	2503	2910	+	orf1_relative
GII	MK764039	GII.2	7512	3CLpro	2911	3471	+	orf1_relative
GII	MK764039	GII.2	7512	RdRp	4324	5078	+	inferred_from_region_blast
GII	MK764040	GII.2	7529	VP1	5082	6710	+	genbank
GII	MK764040	GII.2	7529	VP2	6710	7489	+	genbank
GII	MK764040	GII.2	7529	ORF1	5	5101	+	genbank
GII	MK764040	GII.2	7529	p48	5	1329	+	orf1_relative
GII	MK764040	GII.2	7529	NTPase	1330	2094	+	orf1_relative
GII	MK764040	GII.2	7529	p22	2095	2502	+	orf1_relative
GII	MK764040	GII.2	7529	VPg	2503	2909	+	orf1_relative
GII	MK764040	GII.2	7529	3CLpro	2910	3470	+	orf1_relative
GII	MK764040	GII.2	7529	RdRp	4322	5076	+	inferred_from_region_blast
GII	MK764042	GII.2	7529	VP1	5078	6706	+	genbank
GII	MK764042	GII.2	7529	VP2	6706	7485	+	genbank
GII	MK764042	GII.2	7529	ORF1	1	5097	+	genbank
GII	MK764042	GII.2	7529	p48	1	1325	+	orf1_relative
GII	MK764042	GII.2	7529	NTPase	1326	2090	+	orf1_relative
GII	MK764042	GII.2	7529	p22	2091	2498	+	orf1_relative
GII	MK764042	GII.2	7529	VPg	2499	2905	+	orf1_relative
GII	MK764042	GII.2	7529	3CLpro	2906	3466	+	orf1_relative
GII	MK764042	GII.2	7529	RdRp	4316	5072	+	inferred_from_region_blast
GII	MK764043	GII.2	7409	VP1	5009	6637	+	genbank
GII	MK764043	GII.2	7409	VP2	6637	7409	+	genbank
GII	MK764043	GII.2	7409	ORF1	1	5028	+	genbank
GII	MK764043	GII.2	7409	p48	1	1307	+	orf1_relative
GII	MK764043	GII.2	7409	NTPase	1308	2061	+	orf1_relative
GII	MK764043	GII.2	7409	p22	2062	2464	+	orf1_relative
GII	MK764043	GII.2	7409	VPg	2465	2866	+	orf1_relative
GII	MK764043	GII.2	7409	3CLpro	2867	3419	+	orf1_relative
GII	MK764043	GII.2	7409	RdRp	4247	5003	+	inferred_from_region_blast
GII	MK773571	GII.2	7412	VP1	5009	6637	+	genbank
GII	MK773571	GII.2	7412	VP2	6637	7412	+	genbank
GII	MK773571	GII.2	7412	ORF1	1	5028	+	genbank
GII	MK773571	GII.2	7412	p48	1	1307	+	orf1_relative
GII	MK773571	GII.2	7412	NTPase	1308	2061	+	orf1_relative
GII	MK773571	GII.2	7412	p22	2062	2464	+	orf1_relative
GII	MK773571	GII.2	7412	VPg	2465	2866	+	orf1_relative
GII	MK773571	GII.2	7412	3CLpro	2867	3419	+	orf1_relative
GII	MK773571	GII.2	7412	RdRp	4247	5003	+	inferred_from_region_blast
GII	MK773580	GII.2	7369	VP1	4991	6619	+	genbank
GII	MK773580	GII.2	7369	VP2	6619	7369	+	genbank
GII	MK773580	GII.2	7369	ORF1	1	5010	+	genbank
GII	MK773580	GII.2	7369	p48	1	1303	+	orf1_relative
GII	MK773580	GII.2	7369	NTPase	1304	2054	+	orf1_relative
GII	MK773580	GII.2	7369	p22	2055	2455	+	orf1_relative
GII	MK773580	GII.2	7369	VPg	2456	2856	+	orf1_relative
GII	MK773580	GII.2	7369	3CLpro	2857	3407	+	orf1_relative
GII	MK773580	GII.2	7369	RdRp	4229	4985	+	inferred_from_region_blast
GII	MK773581	GII.2	7386	VP1	4989	6617	+	genbank
GII	MK773581	GII.2	7386	VP2	6617	7386	+	genbank
GII	MK773581	GII.2	7386	ORF1	1	5008	+	genbank
GII	MK773581	GII.2	7386	p48	1	1302	+	orf1_relative
GII	MK773581	GII.2	7386	NTPase	1303	2053	+	orf1_relative
GII	MK773581	GII.2	7386	p22	2054	2454	+	orf1_relative
GII	MK773581	GII.2	7386	VPg	2455	2855	+	orf1_relative
GII	MK773581	GII.2	7386	3CLpro	2856	3405	+	orf1_relative
GII	MK773581	GII.2	7386	RdRp	4227	4983	+	inferred_from_region_blast
GII	MK773582	GII.2	7346	VP1	4949	6577	+	genbank
GII	MK773582	GII.2	7346	VP2	6577	7346	+	genbank
GII	MK773582	GII.2	7346	ORF1	1	4968	+	genbank
GII	MK773582	GII.2	7346	p48	1	1292	+	orf1_relative
GII	MK773582	GII.2	7346	NTPase	1293	2037	+	orf1_relative
GII	MK773582	GII.2	7346	p22	2038	2434	+	orf1_relative
GII	MK773582	GII.2	7346	VPg	2435	2832	+	orf1_relative
GII	MK773582	GII.2	7346	3CLpro	2833	3378	+	orf1_relative
GII	MK773582	GII.2	7346	RdRp	4187	4943	+	inferred_from_region_blast
GII	MK773583	GII.2	7480	VP1	5083	6711	+	genbank
GII	MK773583	GII.2	7480	VP2	6711	7480	+	genbank
GII	MK773583	GII.2	7480	ORF1	3	5102	+	genbank
GII	MK773583	GII.2	7480	p48	3	1328	+	orf1_relative
GII	MK773583	GII.2	7480	NTPase	1329	2093	+	orf1_relative
GII	MK773583	GII.2	7480	p22	2094	2501	+	orf1_relative
GII	MK773583	GII.2	7480	VPg	2502	2909	+	orf1_relative
GII	MK773583	GII.2	7480	3CLpro	2910	3470	+	orf1_relative
GII	MK773583	GII.2	7480	RdRp	4321	5077	+	inferred_from_region_blast
GII	MK773587	GII.2	7527	VP1	5085	6713	+	genbank
GII	MK773587	GII.2	7527	VP2	6713	7492	+	genbank
GII	MK773587	GII.2	7527	ORF1	5	5104	+	genbank
GII	MK773587	GII.2	7527	p48	5	1330	+	orf1_relative
GII	MK773587	GII.2	7527	NTPase	1331	2095	+	orf1_relative
GII	MK773587	GII.2	7527	p22	2096	2503	+	orf1_relative
GII	MK773587	GII.2	7527	VPg	2504	2911	+	orf1_relative
GII	MK773587	GII.2	7527	3CLpro	2912	3472	+	orf1_relative
GII	MK773587	GII.2	7527	RdRp	4323	5079	+	inferred_from_region_blast
GII	MK775028	GII.2	7239	VP1	4866	6494	+	genbank
GII	MK775028	GII.2	7239	VP2	6494	7239	+	genbank
GII	MK775028	GII.2	7239	ORF1	1	4885	+	genbank
GII	MK775028	GII.2	7239	p48	1	1270	+	orf1_relative
GII	MK775028	GII.2	7239	NTPase	1271	2003	+	orf1_relative
GII	MK775028	GII.2	7239	p22	2004	2394	+	orf1_relative
GII	MK775028	GII.2	7239	VPg	2395	2784	+	orf1_relative
GII	MK775028	GII.2	7239	3CLpro	2785	3322	+	orf1_relative
GII	MK775028	GII.2	7239	RdRp	4104	4860	+	inferred_from_region_blast
GII	MK775029	GII.2	7503	VP1	5084	6712	+	genbank
GII	MK775029	GII.2	7503	VP2	6712	7491	+	genbank
GII	MK775029	GII.2	7503	ORF1	4	5103	+	genbank
GII	MK775029	GII.2	7503	p48	4	1329	+	orf1_relative
GII	MK775029	GII.2	7503	NTPase	1330	2094	+	orf1_relative
GII	MK775029	GII.2	7503	p22	2095	2502	+	orf1_relative
GII	MK775029	GII.2	7503	VPg	2503	2910	+	orf1_relative
GII	MK775029	GII.2	7503	3CLpro	2911	3471	+	orf1_relative
GII	MK775029	GII.2	7503	RdRp	4322	5078	+	inferred_from_region_blast
GII	MK775030	GII.2	7479	VP1	5080	6708	+	genbank
GII	MK775030	GII.2	7479	VP2	6708	7479	+	genbank
GII	MK775030	GII.2	7479	ORF1	1	5099	+	genbank
GII	MK775030	GII.2	7479	p48	1	1326	+	orf1_relative
GII	MK775030	GII.2	7479	NTPase	1327	2091	+	orf1_relative
GII	MK775030	GII.2	7479	p22	2092	2499	+	orf1_relative
GII	MK775030	GII.2	7479	VPg	2500	2906	+	orf1_relative
GII	MK775030	GII.2	7479	3CLpro	2907	3467	+	orf1_relative
GII	MK775030	GII.2	7479	RdRp	4318	5074	+	inferred_from_region_blast
GII	MK789430	GII.2	7536	VP1	5075	6703	+	genbank
GII	MK789430	GII.2	7536	VP2	6703	7482	+	genbank
GII	MK789430	GII.2	7536	ORF1	1	5094	+	genbank
GII	MK789430	GII.2	7536	p48	1	1324	+	orf1_relative
GII	MK789430	GII.2	7536	NTPase	1325	2089	+	orf1_relative
GII	MK789430	GII.2	7536	p22	2090	2496	+	orf1_relative
GII	MK789430	GII.2	7536	VPg	2497	2904	+	orf1_relative
GII	MK789430	GII.2	7536	3CLpro	2905	3464	+	orf1_relative
GII	MK789430	GII.2	7536	RdRp	4313	5069	+	inferred_from_region_blast
GII	MN394542	GII.2	7532	VP1	5081	6709	+	genbank
GII	MN394542	GII.2	7532	VP2	6709	7488	+	genbank
GII	MN394542	GII.2	7532	ORF1	1	5100	+	genbank
GII	MN394542	GII.2	7532	p48	1	1326	+	orf1_relative
GII	MN394542	GII.2	7532	NTPase	1327	2091	+	orf1_relative
GII	MN394542	GII.2	7532	p22	2092	2499	+	orf1_relative
GII	MN394542	GII.2	7532	VPg	2500	2907	+	orf1_relative
GII	MN394542	GII.2	7532	3CLpro	2908	3468	+	orf1_relative
GII	MN394542	GII.2	7532	RdRp	4319	5075	+	inferred_from_region_blast
GII	MN394544	GII.2	7463	VP1	5048	6676	+	genbank
GII	MN394544	GII.2	7463	VP2	6676	7455	+	genbank
GII	MN394544	GII.2	7463	ORF1	1	5067	+	genbank
GII	MN394544	GII.2	7463	p48	1	1317	+	orf1_relative
GII	MN394544	GII.2	7463	NTPase	1318	2077	+	orf1_relative
GII	MN394544	GII.2	7463	p22	2078	2483	+	orf1_relative
GII	MN394544	GII.2	7463	VPg	2484	2888	+	orf1_relative
GII	MN394544	GII.2	7463	3CLpro	2889	3446	+	orf1_relative
GII	MN394544	GII.2	7463	RdRp	4286	5042	+	inferred_from_region_blast
GII	MN493873	GII.2	7530	VP1	5083	6711	+	genbank
GII	MN493873	GII.2	7530	VP2	6711	7490	+	genbank
GII	MN493873	GII.2	7530	ORF1	3	5102	+	genbank
GII	MN493873	GII.2	7530	p48	3	1328	+	orf1_relative
GII	MN493873	GII.2	7530	NTPase	1329	2093	+	orf1_relative
GII	MN493873	GII.2	7530	p22	2094	2501	+	orf1_relative
GII	MN493873	GII.2	7530	VPg	2502	2909	+	orf1_relative
GII	MN493873	GII.2	7530	3CLpro	2910	3470	+	orf1_relative
GII	MN493873	GII.2	7530	RdRp	4321	5077	+	inferred_from_region_blast
GII	MT158851	GII.2	7488	VP1	5081	6709	+	genbank
GII	MT158851	GII.2	7488	VP2	6709	7488	+	genbank
GII	MT158851	GII.2	7488	ORF1	1	5100	+	genbank
GII	MT158851	GII.2	7488	p48	1	1326	+	orf1_relative
GII	MT158851	GII.2	7488	NTPase	1327	2091	+	orf1_relative
GII	MT158851	GII.2	7488	p22	2092	2499	+	orf1_relative
GII	MT158851	GII.2	7488	VPg	2500	2907	+	orf1_relative
GII	MT158851	GII.2	7488	3CLpro	2908	3468	+	orf1_relative
GII	MT158851	GII.2	7488	RdRp	4319	5075	+	inferred_from_region_blast
GII	MT158852	GII.2	7488	VP1	5081	6709	+	genbank
GII	MT158852	GII.2	7488	VP2	6709	7488	+	genbank
GII	MT158852	GII.2	7488	ORF1	1	5100	+	genbank
GII	MT158852	GII.2	7488	p48	1	1326	+	orf1_relative
GII	MT158852	GII.2	7488	NTPase	1327	2091	+	orf1_relative
GII	MT158852	GII.2	7488	p22	2092	2499	+	orf1_relative
GII	MT158852	GII.2	7488	VPg	2500	2907	+	orf1_relative
GII	MT158852	GII.2	7488	3CLpro	2908	3468	+	orf1_relative
GII	MT158852	GII.2	7488	RdRp	4319	5075	+	inferred_from_region_blast
GII	MT158853	GII.2	7488	VP1	5081	6709	+	genbank
GII	MT158853	GII.2	7488	VP2	6709	7488	+	genbank
GII	MT158853	GII.2	7488	ORF1	1	5100	+	genbank
GII	MT158853	GII.2	7488	p48	1	1326	+	orf1_relative
GII	MT158853	GII.2	7488	NTPase	1327	2091	+	orf1_relative
GII	MT158853	GII.2	7488	p22	2092	2499	+	orf1_relative
GII	MT158853	GII.2	7488	VPg	2500	2907	+	orf1_relative
GII	MT158853	GII.2	7488	3CLpro	2908	3468	+	orf1_relative
GII	MT158853	GII.2	7488	RdRp	4319	5075	+	inferred_from_region_blast
GII	MT158855	GII.2	7488	VP1	5081	6709	+	genbank
GII	MT158855	GII.2	7488	VP2	6709	7488	+	genbank
GII	MT158855	GII.2	7488	ORF1	1	5100	+	genbank
GII	MT158855	GII.2	7488	p48	1	1326	+	orf1_relative
GII	MT158855	GII.2	7488	NTPase	1327	2091	+	orf1_relative
GII	MT158855	GII.2	7488	p22	2092	2499	+	orf1_relative
GII	MT158855	GII.2	7488	VPg	2500	2907	+	orf1_relative
GII	MT158855	GII.2	7488	3CLpro	2908	3468	+	orf1_relative
GII	MT158855	GII.2	7488	RdRp	4319	5075	+	inferred_from_region_blast
GII	MT158856	GII.2	7488	VP1	5081	6709	+	genbank
GII	MT158856	GII.2	7488	VP2	6709	7488	+	genbank
GII	MT158856	GII.2	7488	ORF1	1	5100	+	genbank
GII	MT158856	GII.2	7488	p48	1	1326	+	orf1_relative
GII	MT158856	GII.2	7488	NTPase	1327	2091	+	orf1_relative
GII	MT158856	GII.2	7488	p22	2092	2499	+	orf1_relative
GII	MT158856	GII.2	7488	VPg	2500	2907	+	orf1_relative
GII	MT158856	GII.2	7488	3CLpro	2908	3468	+	orf1_relative
GII	MT158856	GII.2	7488	RdRp	4319	5075	+	inferred_from_region_blast
GII	MT158857	GII.2	7488	VP1	5081	6709	+	genbank
GII	MT158857	GII.2	7488	VP2	6709	7488	+	genbank
GII	MT158857	GII.2	7488	ORF1	1	5100	+	genbank
GII	MT158857	GII.2	7488	p48	1	1326	+	orf1_relative
GII	MT158857	GII.2	7488	NTPase	1327	2091	+	orf1_relative
GII	MT158857	GII.2	7488	p22	2092	2499	+	orf1_relative
GII	MT158857	GII.2	7488	VPg	2500	2907	+	orf1_relative
GII	MT158857	GII.2	7488	3CLpro	2908	3468	+	orf1_relative
GII	MT158857	GII.2	7488	RdRp	4319	5075	+	inferred_from_region_blast
GII	MT158862	GII.2	7492	VP1	5085	6713	+	genbank
GII	MT158862	GII.2	7492	VP2	6713	7492	+	genbank
GII	MT158862	GII.2	7492	ORF1	5	5104	+	genbank
GII	MT158862	GII.2	7492	p48	5	1330	+	orf1_relative
GII	MT158862	GII.2	7492	NTPase	1331	2095	+	orf1_relative
GII	MT158862	GII.2	7492	p22	2096	2503	+	orf1_relative
GII	MT158862	GII.2	7492	VPg	2504	2911	+	orf1_relative
GII	MT158862	GII.2	7492	3CLpro	2912	3472	+	orf1_relative
GII	MT158862	GII.2	7492	RdRp	4323	5079	+	inferred_from_region_blast
GII	MT218322	GII.2	7485	VP1	5078	6706	+	genbank
GII	MT218322	GII.2	7485	VP2	6706	7485	+	genbank
GII	MT218322	GII.2	7485	ORF1	1	5097	+	genbank
GII	MT218322	GII.2	7485	p48	1	1325	+	orf1_relative
GII	MT218322	GII.2	7485	NTPase	1326	2090	+	orf1_relative
GII	MT218322	GII.2	7485	p22	2091	2498	+	orf1_relative
GII	MT218322	GII.2	7485	VPg	2499	2905	+	orf1_relative
GII	MT218322	GII.2	7485	3CLpro	2906	3466	+	orf1_relative
GII	MT218322	GII.2	7485	RdRp	4318	5072	+	inferred_from_region_blast
GII	MT362914	GII.2	7489	VP1	5058	6686	+	genbank
GII	MT362914	GII.2	7489	VP2	6686	7465	+	genbank
GII	MT362914	GII.2	7489	ORF1	1	5077	+	genbank
GII	MT362914	GII.2	7489	p48	1	1320	+	orf1_relative
GII	MT362914	GII.2	7489	NTPase	1321	2082	+	orf1_relative
GII	MT362914	GII.2	7489	p22	2083	2488	+	orf1_relative
GII	MT362914	GII.2	7489	VPg	2489	2894	+	orf1_relative
GII	MT362914	GII.2	7489	3CLpro	2895	3452	+	orf1_relative
GII	MT362914	GII.2	7489	RdRp	4296	5052	+	inferred_from_region_blast
GII	MT362915	GII.2	7500	VP1	5069	6697	+	genbank
GII	MT362915	GII.2	7500	VP2	6697	7476	+	genbank
GII	MT362915	GII.2	7500	ORF1	1	5088	+	genbank
GII	MT362915	GII.2	7500	p48	1	1323	+	orf1_relative
GII	MT362915	GII.2	7500	NTPase	1324	2086	+	orf1_relative
GII	MT362915	GII.2	7500	p22	2087	2493	+	orf1_relative
GII	MT362915	GII.2	7500	VPg	2494	2900	+	orf1_relative
GII	MT362915	GII.2	7500	3CLpro	2901	3460	+	orf1_relative
GII	MT362915	GII.2	7500	RdRp	4307	5063	+	inferred_from_region_blast
GII	MT362916	GII.2	7507	VP1	5070	6698	+	genbank
GII	MT362916	GII.2	7507	VP2	6698	7477	+	genbank
GII	MT362916	GII.2	7507	ORF1	1	5089	+	genbank
GII	MT362916	GII.2	7507	p48	1	1323	+	orf1_relative
GII	MT362916	GII.2	7507	NTPase	1324	2086	+	orf1_relative
GII	MT362916	GII.2	7507	p22	2087	2494	+	orf1_relative
GII	MT362916	GII.2	7507	VPg	2495	2901	+	orf1_relative
GII	MT362916	GII.2	7507	3CLpro	2902	3461	+	orf1_relative
GII	MT362916	GII.2	7507	RdRp	4308	5064	+	inferred_from_region_blast
GII	MT724793	GII.2	7536	VP1	5085	6713	+	genbank
GII	MT724793	GII.2	7536	VP2	6713	7492	+	genbank
GII	MT724793	GII.2	7536	ORF1	5	5104	+	genbank
GII	MT724793	GII.2	7536	p48	5	1330	+	orf1_relative
GII	MT724793	GII.2	7536	NTPase	1331	2095	+	orf1_relative
GII	MT724793	GII.2	7536	p22	2096	2503	+	orf1_relative
GII	MT724793	GII.2	7536	VPg	2504	2911	+	orf1_relative
GII	MT724793	GII.2	7536	3CLpro	2912	3472	+	orf1_relative
GII	MT724793	GII.2	7536	RdRp	4325	5079	+	inferred_from_region_blast
GII	MT738527	GII.2	7550	VP1	5085	6713	+	genbank
GII	MT738527	GII.2	7550	VP2	6713	7492	+	genbank
GII	MT738527	GII.2	7550	ORF1	5	5104	+	genbank
GII	MT738527	GII.2	7550	p48	5	1330	+	orf1_relative
GII	MT738527	GII.2	7550	NTPase	1331	2095	+	orf1_relative
GII	MT738527	GII.2	7550	p22	2096	2503	+	orf1_relative
GII	MT738527	GII.2	7550	VPg	2504	2911	+	orf1_relative
GII	MT738527	GII.2	7550	3CLpro	2912	3472	+	orf1_relative
GII	MT738527	GII.2	7550	RdRp	4323	5079	+	inferred_from_region_blast
GII	MW305570	GII.2	7441	VP1	5041	6669	+	genbank
GII	MW305570	GII.2	7441	VP2	6669	7441	+	genbank
GII	MW305570	GII.2	7441	ORF1	1	5060	+	genbank
GII	MW305570	GII.2	7441	p48	1	1316	+	orf1_relative
GII	MW305570	GII.2	7441	NTPase	1317	2075	+	orf1_relative
GII	MW305570	GII.2	7441	p22	2076	2479	+	orf1_relative
GII	MW305570	GII.2	7441	VPg	2480	2884	+	orf1_relative
GII	MW305570	GII.2	7441	3CLpro	2885	3441	+	orf1_relative
GII	MW305570	GII.2	7441	RdRp	4279	5035	+	inferred_from_region_blast
GII	MW305578	GII.2	7501	VP1	5050	6678	+	genbank
GII	MW305578	GII.2	7501	VP2	6678	7457	+	genbank
GII	MW305578	GII.2	7501	ORF1	1	5069	+	genbank
GII	MW305578	GII.2	7501	p48	1	1318	+	orf1_relative
GII	MW305578	GII.2	7501	NTPase	1319	2078	+	orf1_relative
GII	MW305578	GII.2	7501	p22	2079	2484	+	orf1_relative
GII	MW305578	GII.2	7501	VPg	2485	2889	+	orf1_relative
GII	MW305578	GII.2	7501	3CLpro	2890	3447	+	orf1_relative
GII	MW305578	GII.2	7501	RdRp	4288	5044	+	inferred_from_region_blast
GII	MW305579	GII.2	7501	VP1	5050	6678	+	genbank
GII	MW305579	GII.2	7501	VP2	6678	7457	+	genbank
GII	MW305579	GII.2	7501	ORF1	1	5069	+	genbank
GII	MW305579	GII.2	7501	p48	1	1318	+	orf1_relative
GII	MW305579	GII.2	7501	NTPase	1319	2078	+	orf1_relative
GII	MW305579	GII.2	7501	p22	2079	2484	+	orf1_relative
GII	MW305579	GII.2	7501	VPg	2485	2889	+	orf1_relative
GII	MW305579	GII.2	7501	3CLpro	2890	3447	+	orf1_relative
GII	MW305579	GII.2	7501	RdRp	4288	5044	+	inferred_from_region_blast
GII	MW305584	GII.2	7494	VP1	5050	6678	+	genbank
GII	MW305584	GII.2	7494	VP2	6678	7454	+	genbank
GII	MW305584	GII.2	7494	ORF1	1	5069	+	genbank
GII	MW305584	GII.2	7494	p48	1	1318	+	orf1_relative
GII	MW305584	GII.2	7494	NTPase	1319	2078	+	orf1_relative
GII	MW305584	GII.2	7494	p22	2079	2484	+	orf1_relative
GII	MW305584	GII.2	7494	VPg	2485	2889	+	orf1_relative
GII	MW305584	GII.2	7494	3CLpro	2890	3447	+	orf1_relative
GII	MW305584	GII.2	7494	RdRp	4288	5044	+	inferred_from_region_blast
GII	MW305600	GII.2	7482	VP1	5050	6678	+	genbank
GII	MW305600	GII.2	7482	VP2	6678	7445	+	genbank
GII	MW305600	GII.2	7482	ORF1	1	5069	+	genbank
GII	MW305600	GII.2	7482	p48	1	1318	+	orf1_relative
GII	MW305600	GII.2	7482	NTPase	1319	2078	+	orf1_relative
GII	MW305600	GII.2	7482	p22	2079	2484	+	orf1_relative
GII	MW305600	GII.2	7482	VPg	2485	2889	+	orf1_relative
GII	MW305600	GII.2	7482	3CLpro	2890	3447	+	orf1_relative
GII	MW305600	GII.2	7482	RdRp	4288	5044	+	inferred_from_region_blast
GII	MW305601	GII.2	7482	VP1	5050	6678	+	genbank
GII	MW305601	GII.2	7482	VP2	6678	7445	+	genbank
GII	MW305601	GII.2	7482	ORF1	1	5069	+	genbank
GII	MW305601	GII.2	7482	p48	1	1318	+	orf1_relative
GII	MW305601	GII.2	7482	NTPase	1319	2078	+	orf1_relative
GII	MW305601	GII.2	7482	p22	2079	2484	+	orf1_relative
GII	MW305601	GII.2	7482	VPg	2485	2889	+	orf1_relative
GII	MW305601	GII.2	7482	3CLpro	2890	3447	+	orf1_relative
GII	MW305601	GII.2	7482	RdRp	4288	5044	+	inferred_from_region_blast
GII	MW305612	GII.2	7501	VP1	5050	6678	+	genbank
GII	MW305612	GII.2	7501	VP2	6678	7457	+	genbank
GII	MW305612	GII.2	7501	ORF1	1	5069	+	genbank
GII	MW305612	GII.2	7501	p48	1	1318	+	orf1_relative
GII	MW305612	GII.2	7501	NTPase	1319	2078	+	orf1_relative
GII	MW305612	GII.2	7501	p22	2079	2484	+	orf1_relative
GII	MW305612	GII.2	7501	VPg	2485	2889	+	orf1_relative
GII	MW305612	GII.2	7501	3CLpro	2890	3447	+	orf1_relative
GII	MW305612	GII.2	7501	RdRp	4288	5044	+	inferred_from_region_blast
GII	MW305627	GII.2	7502	VP1	5050	6678	+	genbank
GII	MW305627	GII.2	7502	VP2	6678	7457	+	genbank
GII	MW305627	GII.2	7502	ORF1	1	5069	+	genbank
GII	MW305627	GII.2	7502	p48	1	1318	+	orf1_relative
GII	MW305627	GII.2	7502	NTPase	1319	2078	+	orf1_relative
GII	MW305627	GII.2	7502	p22	2079	2484	+	orf1_relative
GII	MW305627	GII.2	7502	VPg	2485	2889	+	orf1_relative
GII	MW305627	GII.2	7502	3CLpro	2890	3447	+	orf1_relative
GII	MW305627	GII.2	7502	RdRp	4288	5044	+	inferred_from_region_blast
GII	MW305640	GII.2	7502	VP1	5050	6678	+	genbank
GII	MW305640	GII.2	7502	VP2	6678	7457	+	genbank
GII	MW305640	GII.2	7502	ORF1	1	5069	+	genbank
GII	MW305640	GII.2	7502	p48	1	1318	+	orf1_relative
GII	MW305640	GII.2	7502	NTPase	1319	2078	+	orf1_relative
GII	MW305640	GII.2	7502	p22	2079	2484	+	orf1_relative
GII	MW305640	GII.2	7502	VPg	2485	2889	+	orf1_relative
GII	MW305640	GII.2	7502	3CLpro	2890	3447	+	orf1_relative
GII	MW305640	GII.2	7502	RdRp	4288	5044	+	inferred_from_region_blast
GII	MW305641	GII.2	7502	VP1	5050	6678	+	genbank
GII	MW305641	GII.2	7502	VP2	6678	7457	+	genbank
GII	MW305641	GII.2	7502	ORF1	1	5069	+	genbank
GII	MW305641	GII.2	7502	p48	1	1318	+	orf1_relative
GII	MW305641	GII.2	7502	NTPase	1319	2078	+	orf1_relative
GII	MW305641	GII.2	7502	p22	2079	2484	+	orf1_relative
GII	MW305641	GII.2	7502	VPg	2485	2889	+	orf1_relative
GII	MW305641	GII.2	7502	3CLpro	2890	3447	+	orf1_relative
GII	MW305641	GII.2	7502	RdRp	4288	5044	+	inferred_from_region_blast
GII	MW305642	GII.2	7498	VP1	5050	6678	+	genbank
GII	MW305642	GII.2	7498	VP2	6678	7457	+	genbank
GII	MW305642	GII.2	7498	ORF1	1	5069	+	genbank
GII	MW305642	GII.2	7498	p48	1	1318	+	orf1_relative
GII	MW305642	GII.2	7498	NTPase	1319	2078	+	orf1_relative
GII	MW305642	GII.2	7498	p22	2079	2484	+	orf1_relative
GII	MW305642	GII.2	7498	VPg	2485	2889	+	orf1_relative
GII	MW305642	GII.2	7498	3CLpro	2890	3447	+	orf1_relative
GII	MW305642	GII.2	7498	RdRp	4288	5044	+	inferred_from_region_blast
GII	MW305643	GII.2	7498	VP1	5050	6678	+	genbank
GII	MW305643	GII.2	7498	VP2	6678	7457	+	genbank
GII	MW305643	GII.2	7498	ORF1	1	5069	+	genbank
GII	MW305643	GII.2	7498	p48	1	1318	+	orf1_relative
GII	MW305643	GII.2	7498	NTPase	1319	2078	+	orf1_relative
GII	MW305643	GII.2	7498	p22	2079	2484	+	orf1_relative
GII	MW305643	GII.2	7498	VPg	2485	2889	+	orf1_relative
GII	MW305643	GII.2	7498	3CLpro	2890	3447	+	orf1_relative
GII	MW305643	GII.2	7498	RdRp	4288	5044	+	inferred_from_region_blast
GII	MW305644	GII.2	7497	VP1	5049	6677	+	genbank
GII	MW305644	GII.2	7497	VP2	6677	7456	+	genbank
GII	MW305644	GII.2	7497	ORF1	1	5068	+	genbank
GII	MW305644	GII.2	7497	p48	1	1318	+	orf1_relative
GII	MW305644	GII.2	7497	NTPase	1319	2078	+	orf1_relative
GII	MW305644	GII.2	7497	p22	2079	2483	+	orf1_relative
GII	MW305644	GII.2	7497	VPg	2484	2889	+	orf1_relative
GII	MW305644	GII.2	7497	3CLpro	2890	3446	+	orf1_relative
GII	MW305644	GII.2	7497	RdRp	4287	5043	+	inferred_from_region_blast
GII	MW305645	GII.2	7497	VP1	5049	6677	+	genbank
GII	MW305645	GII.2	7497	VP2	6677	7456	+	genbank
GII	MW305645	GII.2	7497	ORF1	1	5068	+	genbank
GII	MW305645	GII.2	7497	p48	1	1318	+	orf1_relative
GII	MW305645	GII.2	7497	NTPase	1319	2078	+	orf1_relative
GII	MW305645	GII.2	7497	p22	2079	2483	+	orf1_relative
GII	MW305645	GII.2	7497	VPg	2484	2889	+	orf1_relative
GII	MW305645	GII.2	7497	3CLpro	2890	3446	+	orf1_relative
GII	MW305645	GII.2	7497	RdRp	4287	5043	+	inferred_from_region_blast
GII	MW305646	GII.2	7497	VP1	5049	6677	+	genbank
GII	MW305646	GII.2	7497	VP2	6677	7456	+	genbank
GII	MW305646	GII.2	7497	ORF1	1	5068	+	genbank
GII	MW305646	GII.2	7497	p48	1	1318	+	orf1_relative
GII	MW305646	GII.2	7497	NTPase	1319	2078	+	orf1_relative
GII	MW305646	GII.2	7497	p22	2079	2483	+	orf1_relative
GII	MW305646	GII.2	7497	VPg	2484	2889	+	orf1_relative
GII	MW305646	GII.2	7497	3CLpro	2890	3446	+	orf1_relative
GII	MW305646	GII.2	7497	RdRp	4287	5043	+	inferred_from_region_blast
GII	MW305649	GII.2	7498	VP1	5050	6678	+	genbank
GII	MW305649	GII.2	7498	VP2	6678	7457	+	genbank
GII	MW305649	GII.2	7498	ORF1	1	5069	+	genbank
GII	MW305649	GII.2	7498	p48	1	1318	+	orf1_relative
GII	MW305649	GII.2	7498	NTPase	1319	2078	+	orf1_relative
GII	MW305649	GII.2	7498	p22	2079	2484	+	orf1_relative
GII	MW305649	GII.2	7498	VPg	2485	2889	+	orf1_relative
GII	MW305649	GII.2	7498	3CLpro	2890	3447	+	orf1_relative
GII	MW305649	GII.2	7498	RdRp	4288	5044	+	inferred_from_region_blast
GII	MW305657	GII.2	7500	VP1	5050	6678	+	genbank
GII	MW305657	GII.2	7500	VP2	6678	7457	+	genbank
GII	MW305657	GII.2	7500	ORF1	1	5069	+	genbank
GII	MW305657	GII.2	7500	p48	1	1318	+	orf1_relative
GII	MW305657	GII.2	7500	NTPase	1319	2078	+	orf1_relative
GII	MW305657	GII.2	7500	p22	2079	2484	+	orf1_relative
GII	MW305657	GII.2	7500	VPg	2485	2889	+	orf1_relative
GII	MW305657	GII.2	7500	3CLpro	2890	3447	+	orf1_relative
GII	MW305657	GII.2	7500	RdRp	4288	5044	+	inferred_from_region_blast
GII	MW305716	GII.2	7498	VP1	5050	6678	+	genbank
GII	MW305716	GII.2	7498	VP2	6678	7457	+	genbank
GII	MW305716	GII.2	7498	ORF1	1	5069	+	genbank
GII	MW305716	GII.2	7498	p48	1	1318	+	orf1_relative
GII	MW305716	GII.2	7498	NTPase	1319	2078	+	orf1_relative
GII	MW305716	GII.2	7498	p22	2079	2484	+	orf1_relative
GII	MW305716	GII.2	7498	VPg	2485	2889	+	orf1_relative
GII	MW305716	GII.2	7498	3CLpro	2890	3447	+	orf1_relative
GII	MW305716	GII.2	7498	RdRp	4288	5044	+	inferred_from_region_blast
GII	MW305717	GII.2	7498	VP1	5050	6678	+	genbank
GII	MW305717	GII.2	7498	VP2	6678	7457	+	genbank
GII	MW305717	GII.2	7498	ORF1	1	5069	+	genbank
GII	MW305717	GII.2	7498	p48	1	1318	+	orf1_relative
GII	MW305717	GII.2	7498	NTPase	1319	2078	+	orf1_relative
GII	MW305717	GII.2	7498	p22	2079	2484	+	orf1_relative
GII	MW305717	GII.2	7498	VPg	2485	2889	+	orf1_relative
GII	MW305717	GII.2	7498	3CLpro	2890	3447	+	orf1_relative
GII	MW305717	GII.2	7498	RdRp	4288	5044	+	inferred_from_region_blast
GII	MW305720	GII.2	7498	VP1	5050	6678	+	genbank
GII	MW305720	GII.2	7498	VP2	6678	7457	+	genbank
GII	MW305720	GII.2	7498	ORF1	1	5069	+	genbank
GII	MW305720	GII.2	7498	p48	1	1318	+	orf1_relative
GII	MW305720	GII.2	7498	NTPase	1319	2078	+	orf1_relative
GII	MW305720	GII.2	7498	p22	2079	2484	+	orf1_relative
GII	MW305720	GII.2	7498	VPg	2485	2889	+	orf1_relative
GII	MW305720	GII.2	7498	3CLpro	2890	3447	+	orf1_relative
GII	MW305720	GII.2	7498	RdRp	4288	5044	+	inferred_from_region_blast
GII	MW661273	GII.2	7533	VP1	5085	6713	+	genbank
GII	MW661273	GII.2	7533	VP2	6713	7492	+	genbank
GII	MW661273	GII.2	7533	ORF1	5	5104	+	genbank
GII	MW661273	GII.2	7533	p48	5	1330	+	orf1_relative
GII	MW661273	GII.2	7533	NTPase	1331	2095	+	orf1_relative
GII	MW661273	GII.2	7533	p22	2096	2503	+	orf1_relative
GII	MW661273	GII.2	7533	VPg	2504	2911	+	orf1_relative
GII	MW661273	GII.2	7533	3CLpro	2912	3472	+	orf1_relative
GII	MW661273	GII.2	7533	RdRp	4323	5079	+	inferred_from_region_blast
GII	MW661277	GII.2	7600	VP1	5084	6712	+	genbank
GII	MW661277	GII.2	7600	VP2	6712	7491	+	genbank
GII	MW661277	GII.2	7600	ORF1	4	5103	+	genbank
GII	MW661277	GII.2	7600	p48	4	1329	+	orf1_relative
GII	MW661277	GII.2	7600	NTPase	1330	2094	+	orf1_relative
GII	MW661277	GII.2	7600	p22	2095	2502	+	orf1_relative
GII	MW661277	GII.2	7600	VPg	2503	2910	+	orf1_relative
GII	MW661277	GII.2	7600	3CLpro	2911	3471	+	orf1_relative
GII	MW661277	GII.2	7600	RdRp	4322	5078	+	inferred_from_region_blast
GII	OK012403	GII.2	7486	VP1	5003	6631	+	genbank
GII	OK012403	GII.2	7486	VP2	6631	7410	+	genbank
GII	OK012403	GII.2	7486	ORF1	1	5022	+	genbank
GII	OK012403	GII.2	7486	p48	1	1306	+	orf1_relative
GII	OK012403	GII.2	7486	NTPase	1307	2059	+	orf1_relative
GII	OK012403	GII.2	7486	p22	2060	2461	+	orf1_relative
GII	OK012403	GII.2	7486	VPg	2462	2863	+	orf1_relative
GII	OK012403	GII.2	7486	3CLpro	2864	3415	+	orf1_relative
GII	OK012403	GII.2	7486	RdRp	4241	4997	+	inferred_from_region_blast
GII	OK012404	GII.2	7418	VP1	4977	6605	+	genbank
GII	OK012404	GII.2	7418	VP2	6605	7384	+	genbank
GII	OK012404	GII.2	7418	ORF1	1	4996	+	genbank
GII	OK012404	GII.2	7418	p48	1	1299	+	orf1_relative
GII	OK012404	GII.2	7418	NTPase	1300	2048	+	orf1_relative
GII	OK012404	GII.2	7418	p22	2049	2448	+	orf1_relative
GII	OK012404	GII.2	7418	VPg	2449	2848	+	orf1_relative
GII	OK012404	GII.2	7418	3CLpro	2849	3397	+	orf1_relative
GII	OK012404	GII.2	7418	RdRp	4215	4971	+	inferred_from_region_blast
GII	OK376252	GII.2	7517	VP1	5084	6694	+	genbank
GII	OK376252	GII.2	7517	VP2	6694	7473	+	genbank
GII	OK376252	GII.2	7517	ORF1	4	5103	+	genbank
GII	OK376252	GII.2	7517	p48	4	1329	+	orf1_relative
GII	OK376252	GII.2	7517	NTPase	1330	2094	+	orf1_relative
GII	OK376252	GII.2	7517	p22	2095	2502	+	orf1_relative
GII	OK376252	GII.2	7517	VPg	2503	2910	+	orf1_relative
GII	OK376252	GII.2	7517	3CLpro	2911	3471	+	orf1_relative
GII	OK376252	GII.2	7517	RdRp	4322	5078	+	inferred_from_region_blast
GII	OK376253	GII.2	7536	VP1	5085	6713	+	genbank
GII	OK376253	GII.2	7536	VP2	6713	7492	+	genbank
GII	OK376253	GII.2	7536	ORF1	5	5104	+	genbank
GII	OK376253	GII.2	7536	p48	5	1330	+	orf1_relative
GII	OK376253	GII.2	7536	NTPase	1331	2095	+	orf1_relative
GII	OK376253	GII.2	7536	p22	2096	2503	+	orf1_relative
GII	OK376253	GII.2	7536	VPg	2504	2911	+	orf1_relative
GII	OK376253	GII.2	7536	3CLpro	2912	3472	+	orf1_relative
GII	OK376253	GII.2	7536	RdRp	4323	5079	+	inferred_from_region_blast
GII	OK376254	GII.2	7536	VP1	5085	6713	+	genbank
GII	OK376254	GII.2	7536	VP2	6713	7492	+	genbank
GII	OK376254	GII.2	7536	ORF1	5	5104	+	genbank
GII	OK376254	GII.2	7536	p48	5	1330	+	orf1_relative
GII	OK376254	GII.2	7536	NTPase	1331	2095	+	orf1_relative
GII	OK376254	GII.2	7536	p22	2096	2503	+	orf1_relative
GII	OK376254	GII.2	7536	VPg	2504	2911	+	orf1_relative
GII	OK376254	GII.2	7536	3CLpro	2912	3472	+	orf1_relative
GII	OK376254	GII.2	7536	RdRp	4323	5079	+	inferred_from_region_blast
GII	OK376255	GII.2	7536	VP1	5085	6713	+	genbank
GII	OK376255	GII.2	7536	VP2	6713	7492	+	genbank
GII	OK376255	GII.2	7536	ORF1	5	5104	+	genbank
GII	OK376255	GII.2	7536	p48	5	1330	+	orf1_relative
GII	OK376255	GII.2	7536	NTPase	1331	2095	+	orf1_relative
GII	OK376255	GII.2	7536	p22	2096	2503	+	orf1_relative
GII	OK376255	GII.2	7536	VPg	2504	2911	+	orf1_relative
GII	OK376255	GII.2	7536	3CLpro	2912	3472	+	orf1_relative
GII	OK376255	GII.2	7536	RdRp	4323	5079	+	inferred_from_region_blast
GII	OK376256	GII.2	7536	VP1	5085	6713	+	genbank
GII	OK376256	GII.2	7536	VP2	6713	7492	+	genbank
GII	OK376256	GII.2	7536	ORF1	5	5104	+	genbank
GII	OK376256	GII.2	7536	p48	5	1330	+	orf1_relative
GII	OK376256	GII.2	7536	NTPase	1331	2095	+	orf1_relative
GII	OK376256	GII.2	7536	p22	2096	2503	+	orf1_relative
GII	OK376256	GII.2	7536	VPg	2504	2911	+	orf1_relative
GII	OK376256	GII.2	7536	3CLpro	2912	3472	+	orf1_relative
GII	OK376256	GII.2	7536	RdRp	4323	5079	+	inferred_from_region_blast
GII	OK376257	GII.2	7021	VP1	4570	6198	+	genbank
GII	OK376257	GII.2	7021	VP2	6198	6977	+	genbank
GII	OK376257	GII.2	7021	ORF1	1	4589	+	genbank
GII	OK376257	GII.2	7021	p48	1	1193	+	orf1_relative
GII	OK376257	GII.2	7021	NTPase	1194	1881	+	orf1_relative
GII	OK376257	GII.2	7021	p22	1882	2249	+	orf1_relative
GII	OK376257	GII.2	7021	VPg	2250	2616	+	orf1_relative
GII	OK376257	GII.2	7021	3CLpro	2617	3121	+	orf1_relative
GII	OK376257	GII.2	7021	RdRp	3808	4564	+	inferred_from_region_blast
GII	OK376258	GII.2	7536	VP1	5085	6713	+	genbank
GII	OK376258	GII.2	7536	VP2	6713	7492	+	genbank
GII	OK376258	GII.2	7536	ORF1	5	5104	+	genbank
GII	OK376258	GII.2	7536	p48	5	1330	+	orf1_relative
GII	OK376258	GII.2	7536	NTPase	1331	2095	+	orf1_relative
GII	OK376258	GII.2	7536	p22	2096	2503	+	orf1_relative
GII	OK376258	GII.2	7536	VPg	2504	2911	+	orf1_relative
GII	OK376258	GII.2	7536	3CLpro	2912	3472	+	orf1_relative
GII	OK376258	GII.2	7536	RdRp	4323	5079	+	inferred_from_region_blast
GII	OK376259	GII.2	7536	VP1	5085	6713	+	genbank
GII	OK376259	GII.2	7536	VP2	6713	7492	+	genbank
GII	OK376259	GII.2	7536	ORF1	5	5104	+	genbank
GII	OK376259	GII.2	7536	p48	5	1330	+	orf1_relative
GII	OK376259	GII.2	7536	NTPase	1331	2095	+	orf1_relative
GII	OK376259	GII.2	7536	p22	2096	2503	+	orf1_relative
GII	OK376259	GII.2	7536	VPg	2504	2911	+	orf1_relative
GII	OK376259	GII.2	7536	3CLpro	2912	3472	+	orf1_relative
GII	OK376259	GII.2	7536	RdRp	4323	5079	+	inferred_from_region_blast
GII	OK376260	GII.2	7536	VP1	5085	6713	+	genbank
GII	OK376260	GII.2	7536	VP2	6713	7492	+	genbank
GII	OK376260	GII.2	7536	ORF1	5	5104	+	genbank
GII	OK376260	GII.2	7536	p48	5	1330	+	orf1_relative
GII	OK376260	GII.2	7536	NTPase	1331	2095	+	orf1_relative
GII	OK376260	GII.2	7536	p22	2096	2503	+	orf1_relative
GII	OK376260	GII.2	7536	VPg	2504	2911	+	orf1_relative
GII	OK376260	GII.2	7536	3CLpro	2912	3472	+	orf1_relative
GII	OK376260	GII.2	7536	RdRp	4323	5079	+	inferred_from_region_blast
GII	OK376261	GII.2	7536	VP1	5085	6713	+	genbank
GII	OK376261	GII.2	7536	VP2	6713	7492	+	genbank
GII	OK376261	GII.2	7536	ORF1	5	5104	+	genbank
GII	OK376261	GII.2	7536	p48	5	1330	+	orf1_relative
GII	OK376261	GII.2	7536	NTPase	1331	2095	+	orf1_relative
GII	OK376261	GII.2	7536	p22	2096	2503	+	orf1_relative
GII	OK376261	GII.2	7536	VPg	2504	2911	+	orf1_relative
GII	OK376261	GII.2	7536	3CLpro	2912	3472	+	orf1_relative
GII	OK376261	GII.2	7536	RdRp	4323	5079	+	inferred_from_region_blast
GII	OK376262	GII.2	7536	VP1	5085	6713	+	genbank
GII	OK376262	GII.2	7536	VP2	6713	7492	+	genbank
GII	OK376262	GII.2	7536	ORF1	5	5104	+	genbank
GII	OK376262	GII.2	7536	p48	5	1330	+	orf1_relative
GII	OK376262	GII.2	7536	NTPase	1331	2095	+	orf1_relative
GII	OK376262	GII.2	7536	p22	2096	2503	+	orf1_relative
GII	OK376262	GII.2	7536	VPg	2504	2911	+	orf1_relative
GII	OK376262	GII.2	7536	3CLpro	2912	3472	+	orf1_relative
GII	OK376262	GII.2	7536	RdRp	4323	5079	+	inferred_from_region_blast
GII	OK376263	GII.2	7536	VP1	5085	6713	+	genbank
GII	OK376263	GII.2	7536	VP2	6713	7492	+	genbank
GII	OK376263	GII.2	7536	ORF1	5	5104	+	genbank
GII	OK376263	GII.2	7536	p48	5	1330	+	orf1_relative
GII	OK376263	GII.2	7536	NTPase	1331	2095	+	orf1_relative
GII	OK376263	GII.2	7536	p22	2096	2503	+	orf1_relative
GII	OK376263	GII.2	7536	VPg	2504	2911	+	orf1_relative
GII	OK376263	GII.2	7536	3CLpro	2912	3472	+	orf1_relative
GII	OK376263	GII.2	7536	RdRp	4323	5079	+	inferred_from_region_blast
GII	OK376264	GII.2	7536	VP1	5085	6713	+	genbank
GII	OK376264	GII.2	7536	VP2	6713	7492	+	genbank
GII	OK376264	GII.2	7536	ORF1	5	5104	+	genbank
GII	OK376264	GII.2	7536	p48	5	1330	+	orf1_relative
GII	OK376264	GII.2	7536	NTPase	1331	2095	+	orf1_relative
GII	OK376264	GII.2	7536	p22	2096	2503	+	orf1_relative
GII	OK376264	GII.2	7536	VPg	2504	2911	+	orf1_relative
GII	OK376264	GII.2	7536	3CLpro	2912	3472	+	orf1_relative
GII	OK376264	GII.2	7536	RdRp	4323	5079	+	inferred_from_region_blast
GII	OL826940	GII.2	7500	VP1	5085	6713	+	genbank
GII	OL826940	GII.2	7500	VP2	6713	7492	+	genbank
GII	OL826940	GII.2	7500	ORF1	5	5104	+	genbank
GII	OL826940	GII.2	7500	p48	5	1330	+	orf1_relative
GII	OL826940	GII.2	7500	NTPase	1331	2095	+	orf1_relative
GII	OL826940	GII.2	7500	p22	2096	2503	+	orf1_relative
GII	OL826940	GII.2	7500	VPg	2504	2911	+	orf1_relative
GII	OL826940	GII.2	7500	3CLpro	2912	3472	+	orf1_relative
GII	OL826940	GII.2	7500	RdRp	4323	5079	+	inferred_from_region_blast
GII	OL826941	GII.2	7500	VP1	5085	6713	+	genbank
GII	OL826941	GII.2	7500	VP2	6713	7492	+	genbank
GII	OL826941	GII.2	7500	ORF1	5	5104	+	genbank
GII	OL826941	GII.2	7500	p48	5	1330	+	orf1_relative
GII	OL826941	GII.2	7500	NTPase	1331	2095	+	orf1_relative
GII	OL826941	GII.2	7500	p22	2096	2503	+	orf1_relative
GII	OL826941	GII.2	7500	VPg	2504	2911	+	orf1_relative
GII	OL826941	GII.2	7500	3CLpro	2912	3472	+	orf1_relative
GII	OL826941	GII.2	7500	RdRp	4323	5079	+	inferred_from_region_blast
GII	OL826942	GII.2	7500	VP1	5085	6713	+	genbank
GII	OL826942	GII.2	7500	VP2	6713	7492	+	genbank
GII	OL826942	GII.2	7500	ORF1	5	5104	+	genbank
GII	OL826942	GII.2	7500	p48	5	1330	+	orf1_relative
GII	OL826942	GII.2	7500	NTPase	1331	2095	+	orf1_relative
GII	OL826942	GII.2	7500	p22	2096	2503	+	orf1_relative
GII	OL826942	GII.2	7500	VPg	2504	2911	+	orf1_relative
GII	OL826942	GII.2	7500	3CLpro	2912	3472	+	orf1_relative
GII	OL826942	GII.2	7500	RdRp	4323	5079	+	inferred_from_region_blast
GII	OL826943	GII.2	7500	VP1	5085	6713	+	genbank
GII	OL826943	GII.2	7500	VP2	6713	7492	+	genbank
GII	OL826943	GII.2	7500	ORF1	5	5104	+	genbank
GII	OL826943	GII.2	7500	p48	5	1330	+	orf1_relative
GII	OL826943	GII.2	7500	NTPase	1331	2095	+	orf1_relative
GII	OL826943	GII.2	7500	p22	2096	2503	+	orf1_relative
GII	OL826943	GII.2	7500	VPg	2504	2911	+	orf1_relative
GII	OL826943	GII.2	7500	3CLpro	2912	3472	+	orf1_relative
GII	OL826943	GII.2	7500	RdRp	4323	5079	+	inferred_from_region_blast
GII	OL898507	GII.2	7536	VP1	5085	6713	+	genbank
GII	OL898507	GII.2	7536	VP2	6713	7492	+	genbank
GII	OL898507	GII.2	7536	ORF1	5	5104	+	genbank
GII	OL898507	GII.2	7536	p48	5	1330	+	orf1_relative
GII	OL898507	GII.2	7536	NTPase	1331	2095	+	orf1_relative
GII	OL898507	GII.2	7536	p22	2096	2503	+	orf1_relative
GII	OL898507	GII.2	7536	VPg	2504	2911	+	orf1_relative
GII	OL898507	GII.2	7536	3CLpro	2912	3472	+	orf1_relative
GII	OL898507	GII.2	7536	RdRp	4323	5079	+	inferred_from_region_blast
GII	OM372482	GII.2	7509	VP1	5074	6702	+	genbank
GII	OM372482	GII.2	7509	VP2	6702	7481	+	genbank
GII	OM372482	GII.2	7509	ORF1	1	5093	+	genbank
GII	OM372482	GII.2	7509	p48	1	1324	+	orf1_relative
GII	OM372482	GII.2	7509	NTPase	1325	2088	+	orf1_relative
GII	OM372482	GII.2	7509	p22	2089	2496	+	orf1_relative
GII	OM372482	GII.2	7509	VPg	2497	2903	+	orf1_relative
GII	OM372482	GII.2	7509	3CLpro	2904	3463	+	orf1_relative
GII	OM372482	GII.2	7509	RdRp	4312	5068	+	inferred_from_region_blast
GII	OM372483	GII.2	7469	VP1	5030	6658	+	genbank
GII	OM372483	GII.2	7469	VP2	6658	7437	+	genbank
GII	OM372483	GII.2	7469	ORF1	1	5049	+	genbank
GII	OM372483	GII.2	7469	p48	1	1313	+	orf1_relative
GII	OM372483	GII.2	7469	NTPase	1314	2070	+	orf1_relative
GII	OM372483	GII.2	7469	p22	2071	2474	+	orf1_relative
GII	OM372483	GII.2	7469	VPg	2475	2878	+	orf1_relative
GII	OM372483	GII.2	7469	3CLpro	2879	3433	+	orf1_relative
GII	OM372483	GII.2	7469	RdRp	4268	5024	+	inferred_from_region_blast
GII	OM372488	GII.2	7512	VP1	5073	6701	+	genbank
GII	OM372488	GII.2	7512	VP2	6701	7480	+	genbank
GII	OM372488	GII.2	7512	ORF1	1	5092	+	genbank
GII	OM372488	GII.2	7512	p48	1	1324	+	orf1_relative
GII	OM372488	GII.2	7512	NTPase	1325	2088	+	orf1_relative
GII	OM372488	GII.2	7512	p22	2089	2495	+	orf1_relative
GII	OM372488	GII.2	7512	VPg	2496	2902	+	orf1_relative
GII	OM372488	GII.2	7512	3CLpro	2903	3463	+	orf1_relative
GII	OM372488	GII.2	7512	RdRp	4311	5067	+	inferred_from_region_blast
GII	OM372489	GII.2	7436	VP1	5031	6659	+	genbank
GII	OM372489	GII.2	7436	VP2	6659	7436	+	genbank
GII	OM372489	GII.2	7436	ORF1	1	5050	+	genbank
GII	OM372489	GII.2	7436	p48	1	1313	+	orf1_relative
GII	OM372489	GII.2	7436	NTPase	1314	2070	+	orf1_relative
GII	OM372489	GII.2	7436	p22	2071	2474	+	orf1_relative
GII	OM372489	GII.2	7436	VPg	2475	2878	+	orf1_relative
GII	OM372489	GII.2	7436	3CLpro	2879	3434	+	orf1_relative
GII	OM372489	GII.2	7436	RdRp	4269	5025	+	inferred_from_region_blast
GII	OM372676	GII.2	7420	VP1	5062	6690	+	genbank
GII	OM372676	GII.2	7420	VP2	6690	7420	+	genbank
GII	OM372676	GII.2	7420	ORF1	1	5081	+	genbank
GII	OM372676	GII.2	7420	p48	1	1321	+	orf1_relative
GII	OM372676	GII.2	7420	NTPase	1322	2083	+	orf1_relative
GII	OM372676	GII.2	7420	p22	2084	2490	+	orf1_relative
GII	OM372676	GII.2	7420	VPg	2491	2896	+	orf1_relative
GII	OM372676	GII.2	7420	3CLpro	2897	3455	+	orf1_relative
GII	OM372676	GII.2	7420	RdRp	4300	5056	+	inferred_from_region_blast
GII	OP205540	GII.2	7400	VP1	4993	6621	+	genbank
GII	OP205540	GII.2	7400	VP2	6621	7400	+	genbank
GII	OP205540	GII.2	7400	ORF1	1	5012	+	genbank
GII	OP205540	GII.2	7400	p48	1	1303	+	orf1_relative
GII	OP205540	GII.2	7400	NTPase	1304	2055	+	orf1_relative
GII	OP205540	GII.2	7400	p22	2056	2456	+	orf1_relative
GII	OP205540	GII.2	7400	VPg	2457	2857	+	orf1_relative
GII	OP205540	GII.2	7400	3CLpro	2858	3408	+	orf1_relative
GII	OP205540	GII.2	7400	RdRp	4231	4735	+	inferred_from_region_blast
GII	OP205541	GII.2	7488	VP1	5081	6709	+	genbank
GII	OP205541	GII.2	7488	VP2	6709	7488	+	genbank
GII	OP205541	GII.2	7488	ORF1	1	5100	+	genbank
GII	OP205541	GII.2	7488	p48	1	1326	+	orf1_relative
GII	OP205541	GII.2	7488	NTPase	1327	2091	+	orf1_relative
GII	OP205541	GII.2	7488	p22	2092	2499	+	orf1_relative
GII	OP205541	GII.2	7488	VPg	2500	2907	+	orf1_relative
GII	OP205541	GII.2	7488	3CLpro	2908	3468	+	orf1_relative
GII	OP205541	GII.2	7488	RdRp	4319	5075	+	inferred_from_region_blast
GII	OP205542	GII.2	7487	VP1	5080	6708	+	genbank
GII	OP205542	GII.2	7487	VP2	6708	7487	+	genbank
GII	OP205542	GII.2	7487	ORF1	1	5099	+	genbank
GII	OP205542	GII.2	7487	p48	1	1326	+	orf1_relative
GII	OP205542	GII.2	7487	NTPase	1327	2091	+	orf1_relative
GII	OP205542	GII.2	7487	p22	2092	2499	+	orf1_relative
GII	OP205542	GII.2	7487	VPg	2500	2906	+	orf1_relative
GII	OP205542	GII.2	7487	3CLpro	2907	3467	+	orf1_relative
GII	OP205542	GII.2	7487	RdRp	4318	5074	+	inferred_from_region_blast
GII	OP205543	GII.2	7460	VP1	5053	6681	+	genbank
GII	OP205543	GII.2	7460	VP2	6681	7460	+	genbank
GII	OP205543	GII.2	7460	ORF1	1	5072	+	genbank
GII	OP205543	GII.2	7460	p48	1	1319	+	orf1_relative
GII	OP205543	GII.2	7460	NTPase	1320	2080	+	orf1_relative
GII	OP205543	GII.2	7460	p22	2081	2485	+	orf1_relative
GII	OP205543	GII.2	7460	VPg	2486	2891	+	orf1_relative
GII	OP205543	GII.2	7460	3CLpro	2892	3449	+	orf1_relative
GII	OP205543	GII.2	7460	RdRp	4291	5047	+	inferred_from_region_blast
GII	OP205544	GII.2	7470	VP1	5063	6691	+	genbank
GII	OP205544	GII.2	7470	VP2	6691	7470	+	genbank
GII	OP205544	GII.2	7470	ORF1	1	5082	+	genbank
GII	OP205544	GII.2	7470	p48	1	1321	+	orf1_relative
GII	OP205544	GII.2	7470	NTPase	1322	2084	+	orf1_relative
GII	OP205544	GII.2	7470	p22	2085	2490	+	orf1_relative
GII	OP205544	GII.2	7470	VPg	2491	2897	+	orf1_relative
GII	OP205544	GII.2	7470	3CLpro	2898	3456	+	orf1_relative
GII	OP205544	GII.2	7470	RdRp	4301	5057	+	inferred_from_region_blast
GII	OP205545	GII.2	7487	VP1	5080	6708	+	genbank
GII	OP205545	GII.2	7487	VP2	6708	7487	+	genbank
GII	OP205545	GII.2	7487	ORF1	1	5099	+	genbank
GII	OP205545	GII.2	7487	p48	1	1326	+	orf1_relative
GII	OP205545	GII.2	7487	NTPase	1327	2091	+	orf1_relative
GII	OP205545	GII.2	7487	p22	2092	2499	+	orf1_relative
GII	OP205545	GII.2	7487	VPg	2500	2906	+	orf1_relative
GII	OP205545	GII.2	7487	3CLpro	2907	3467	+	orf1_relative
GII	OP205545	GII.2	7487	RdRp	4318	5074	+	inferred_from_region_blast
GII	OP689557	GII.2	7545	VP1	5085	6713	+	genbank
GII	OP689557	GII.2	7545	VP2	6713	7492	+	genbank
GII	OP689557	GII.2	7545	ORF1	5	5104	+	genbank
GII	OP689557	GII.2	7545	p48	5	1330	+	orf1_relative
GII	OP689557	GII.2	7545	NTPase	1331	2095	+	orf1_relative
GII	OP689557	GII.2	7545	p22	2096	2503	+	orf1_relative
GII	OP689557	GII.2	7545	VPg	2504	2911	+	orf1_relative
GII	OP689557	GII.2	7545	3CLpro	2912	3472	+	orf1_relative
GII	OP689557	GII.2	7545	RdRp	4323	5079	+	inferred_from_region_blast
GII	OP689558	GII.2	7545	VP1	5085	6713	+	genbank
GII	OP689558	GII.2	7545	VP2	6713	7492	+	genbank
GII	OP689558	GII.2	7545	ORF1	5	5104	+	genbank
GII	OP689558	GII.2	7545	p48	5	1330	+	orf1_relative
GII	OP689558	GII.2	7545	NTPase	1331	2095	+	orf1_relative
GII	OP689558	GII.2	7545	p22	2096	2503	+	orf1_relative
GII	OP689558	GII.2	7545	VPg	2504	2911	+	orf1_relative
GII	OP689558	GII.2	7545	3CLpro	2912	3472	+	orf1_relative
GII	OP689558	GII.2	7545	RdRp	4323	5079	+	inferred_from_region_blast
GII	OR084256	GII.2	7502	VP1	5085	6713	+	genbank
GII	OR084256	GII.2	7502	VP2	6713	7492	+	genbank
GII	OR084256	GII.2	7502	ORF1	5	5104	+	genbank
GII	OR084256	GII.2	7502	p48	5	1330	+	orf1_relative
GII	OR084256	GII.2	7502	NTPase	1331	2095	+	orf1_relative
GII	OR084256	GII.2	7502	p22	2096	2503	+	orf1_relative
GII	OR084256	GII.2	7502	VPg	2504	2911	+	orf1_relative
GII	OR084256	GII.2	7502	3CLpro	2912	3472	+	orf1_relative
GII	OR084256	GII.2	7502	RdRp	4323	5079	+	inferred_from_region_blast
GII	OR463468	GII.2	7319	VP1	5048	6676	+	genbank
GII	OR463468	GII.2	7319	VP2	6676	7319	+	genbank
GII	OR463468	GII.2	7319	ORF1	1	5067	+	genbank
GII	OR463468	GII.2	7319	p48	1	1317	+	orf1_relative
GII	OR463468	GII.2	7319	NTPase	1318	2077	+	orf1_relative
GII	OR463468	GII.2	7319	p22	2078	2483	+	orf1_relative
GII	OR463468	GII.2	7319	VPg	2484	2888	+	orf1_relative
GII	OR463468	GII.2	7319	3CLpro	2889	3446	+	orf1_relative
GII	OR463468	GII.2	7319	RdRp	4286	5042	+	inferred_from_region_blast
GII	OR463469	GII.2	7319	VP1	5048	6676	+	genbank
GII	OR463469	GII.2	7319	VP2	6676	7319	+	genbank
GII	OR463469	GII.2	7319	ORF1	1	5067	+	genbank
GII	OR463469	GII.2	7319	p48	1	1317	+	orf1_relative
GII	OR463469	GII.2	7319	NTPase	1318	2077	+	orf1_relative
GII	OR463469	GII.2	7319	p22	2078	2483	+	orf1_relative
GII	OR463469	GII.2	7319	VPg	2484	2888	+	orf1_relative
GII	OR463469	GII.2	7319	3CLpro	2889	3446	+	orf1_relative
GII	OR463469	GII.2	7319	RdRp	4286	5042	+	inferred_from_region_blast
GII	PP267268	GII.2	7513	VP1	5079	6707	+	genbank
GII	PP267268	GII.2	7513	VP2	6707	7486	+	genbank
GII	PP267268	GII.2	7513	ORF1	1	5098	+	genbank
GII	PP267268	GII.2	7513	p48	1	1325	+	orf1_relative
GII	PP267268	GII.2	7513	NTPase	1326	2090	+	orf1_relative
GII	PP267268	GII.2	7513	p22	2091	2498	+	orf1_relative
GII	PP267268	GII.2	7513	VPg	2499	2906	+	orf1_relative
GII	PP267268	GII.2	7513	3CLpro	2907	3467	+	orf1_relative
GII	PP267268	GII.2	7513	RdRp	4317	5073	+	inferred_from_region_blast
GII	PP267270	GII.2	7530	VP1	5079	6707	+	genbank
GII	PP267270	GII.2	7530	VP2	6707	7486	+	genbank
GII	PP267270	GII.2	7530	ORF1	1	5098	+	genbank
GII	PP267270	GII.2	7530	p48	1	1325	+	orf1_relative
GII	PP267270	GII.2	7530	NTPase	1326	2090	+	orf1_relative
GII	PP267270	GII.2	7530	p22	2091	2498	+	orf1_relative
GII	PP267270	GII.2	7530	VPg	2499	2906	+	orf1_relative
GII	PP267270	GII.2	7530	3CLpro	2907	3467	+	orf1_relative
GII	PP267270	GII.2	7530	RdRp	4317	5073	+	inferred_from_region_blast
GII	PP267297	GII.2	7500	VP1	5076	6704	+	genbank
GII	PP267297	GII.2	7500	VP2	6704	7471	+	genbank
GII	PP267297	GII.2	7500	ORF1	1	5095	+	genbank
GII	PP267297	GII.2	7500	p48	1	1325	+	orf1_relative
GII	PP267297	GII.2	7500	NTPase	1326	2089	+	orf1_relative
GII	PP267297	GII.2	7500	p22	2090	2497	+	orf1_relative
GII	PP267297	GII.2	7500	VPg	2498	2904	+	orf1_relative
GII	PP267297	GII.2	7500	3CLpro	2905	3465	+	orf1_relative
GII	PP267297	GII.2	7500	RdRp	4314	5070	+	inferred_from_region_blast
GII	PP267299	GII.2	7543	VP1	5079	6707	+	genbank
GII	PP267299	GII.2	7543	VP2	6707	7486	+	genbank
GII	PP267299	GII.2	7543	ORF1	1	5098	+	genbank
GII	PP267299	GII.2	7543	p48	1	1325	+	orf1_relative
GII	PP267299	GII.2	7543	NTPase	1326	2090	+	orf1_relative
GII	PP267299	GII.2	7543	p22	2091	2498	+	orf1_relative
GII	PP267299	GII.2	7543	VPg	2499	2906	+	orf1_relative
GII	PP267299	GII.2	7543	3CLpro	2907	3467	+	orf1_relative
GII	PP267299	GII.2	7543	RdRp	4317	5073	+	inferred_from_region_blast
GII	PP267300	GII.2	7490	VP1	5073	6701	+	genbank
GII	PP267300	GII.2	7490	VP2	6701	7480	+	genbank
GII	PP267300	GII.2	7490	ORF1	1	5092	+	genbank
GII	PP267300	GII.2	7490	p48	1	1324	+	orf1_relative
GII	PP267300	GII.2	7490	NTPase	1325	2088	+	orf1_relative
GII	PP267300	GII.2	7490	p22	2089	2495	+	orf1_relative
GII	PP267300	GII.2	7490	VPg	2496	2902	+	orf1_relative
GII	PP267300	GII.2	7490	3CLpro	2903	3463	+	orf1_relative
GII	PP267300	GII.2	7490	RdRp	4311	5067	+	inferred_from_region_blast
GII	EU921389	GII.3	7547	VP1	5086	6712	+	inferred_from_region_blast
GII	EU921389	GII.3	7547	VP2	6731	7495	+	genbank
GII	EU921389	GII.3	7547	ORF1	5	5104	+	genbank
GII	EU921389	GII.3	7547	p48	5	1330	+	orf1_relative
GII	EU921389	GII.3	7547	NTPase	1331	2095	+	orf1_relative
GII	EU921389	GII.3	7547	p22	2096	2503	+	orf1_relative
GII	EU921389	GII.3	7547	VPg	2504	2911	+	orf1_relative
GII	EU921389	GII.3	7547	3CLpro	2912	3472	+	orf1_relative
GII	EU921389	GII.3	7547	RdRp	4323	5079	+	inferred_from_region_blast
GII	KC597144	GII.3	7008	VP1	4627	6273	+	genbank
GII	KC597144	GII.3	7008	VP2	6273	7008	+	genbank
GII	KC597144	GII.3	7008	ORF1	1	741	+	genbank
GII	KC597144	GII.3	7008	p48	1	193	+	orf1_relative
GII	KC597144	GII.3	7008	NTPase	194	304	+	orf1_relative
GII	KC597144	GII.3	7008	p22	305	363	+	orf1_relative
GII	KC597144	GII.3	7008	VPg	364	422	+	orf1_relative
GII	KC597144	GII.3	7008	3CLpro	423	504	+	orf1_relative
GII	KC597144	GII.3	7008	RdRp	3865	4621	+	inferred_from_region_blast
GII	KJ194500	GII.3	7527	VP1	5085	6711	+	inferred_from_region_blast
GII	KJ194500	GII.3	7527	VP2	6730	7494	+	genbank
GII	KJ194500	GII.3	7527	ORF1	1	5103	+	genbank
GII	KJ194500	GII.3	7527	p48	1	1327	+	orf1_relative
GII	KJ194500	GII.3	7527	NTPase	1328	2092	+	orf1_relative
GII	KJ194500	GII.3	7527	p22	2093	2500	+	orf1_relative
GII	KJ194500	GII.3	7527	VPg	2501	2909	+	orf1_relative
GII	KJ194500	GII.3	7527	3CLpro	2910	3470	+	orf1_relative
GII	KJ194500	GII.3	7527	RdRp	4322	5078	+	inferred_from_region_blast
GII	KJ194504	GII.3	7535	VP1	5095	6721	+	inferred_from_region_blast
GII	KJ194504	GII.3	7535	VP2	6740	7504	+	genbank
GII	KJ194504	GII.3	7535	ORF1	5	5113	+	genbank
GII	KJ194504	GII.3	7535	p48	5	1332	+	orf1_relative
GII	KJ194504	GII.3	7535	NTPase	1333	2099	+	orf1_relative
GII	KJ194504	GII.3	7535	p22	2100	2507	+	orf1_relative
GII	KJ194504	GII.3	7535	VPg	2508	2916	+	orf1_relative
GII	KJ194504	GII.3	7535	3CLpro	2917	3478	+	orf1_relative
GII	KJ194504	GII.3	7535	RdRp	4332	5088	+	inferred_from_region_blast
GII	KM198484	GII.3	7425	VP1	5081	6727	+	genbank
GII	KM198484	GII.3	7425	VP2	6727	7425	+	genbank
GII	KM198484	GII.3	7425	ORF1	1	5100	+	genbank
GII	KM198484	GII.3	7425	p48	1	1326	+	orf1_relative
GII	KM198484	GII.3	7425	NTPase	1327	2091	+	orf1_relative
GII	KM198484	GII.3	7425	p22	2092	2499	+	orf1_relative
GII	KM198484	GII.3	7425	VPg	2500	2907	+	orf1_relative
GII	KM198484	GII.3	7425	3CLpro	2908	3468	+	orf1_relative
GII	KM198484	GII.3	7425	RdRp	4319	5075	+	inferred_from_region_blast
GII	KM198493	GII.3	7413	VP1	5069	6715	+	genbank
GII	KM198493	GII.3	7413	VP2	6715	7413	+	genbank
GII	KM198493	GII.3	7413	ORF1	82	5088	+	genbank
GII	KM198493	GII.3	7413	p48	82	1383	+	orf1_relative
GII	KM198493	GII.3	7413	NTPase	1384	2134	+	orf1_relative
GII	KM198493	GII.3	7413	p22	2135	2534	+	orf1_relative
GII	KM198493	GII.3	7413	VPg	2535	2935	+	orf1_relative
GII	KM198493	GII.3	7413	3CLpro	2936	3486	+	orf1_relative
GII	KM198493	GII.3	7413	RdRp	4307	5063	+	inferred_from_region_blast
GII	KM198496	GII.3	7425	VP1	5081	6727	+	genbank
GII	KM198496	GII.3	7425	VP2	6727	7425	+	genbank
GII	KM198496	GII.3	7425	ORF1	1	5100	+	genbank
GII	KM198496	GII.3	7425	p48	1	1326	+	orf1_relative
GII	KM198496	GII.3	7425	NTPase	1327	2091	+	orf1_relative
GII	KM198496	GII.3	7425	p22	2092	2499	+	orf1_relative
GII	KM198496	GII.3	7425	VPg	2500	2907	+	orf1_relative
GII	KM198496	GII.3	7425	3CLpro	2908	3468	+	orf1_relative
GII	KM198496	GII.3	7425	RdRp	4319	5075	+	inferred_from_region_blast
GII	KM198500	GII.3	7413	VP1	5069	6715	+	genbank
GII	KM198500	GII.3	7413	VP2	6715	7413	+	genbank
GII	KM198500	GII.3	7413	ORF1	82	5088	+	genbank
GII	KM198500	GII.3	7413	p48	82	1383	+	orf1_relative
GII	KM198500	GII.3	7413	NTPase	1384	2134	+	orf1_relative
GII	KM198500	GII.3	7413	p22	2135	2534	+	orf1_relative
GII	KM198500	GII.3	7413	VPg	2535	2935	+	orf1_relative
GII	KM198500	GII.3	7413	3CLpro	2936	3486	+	orf1_relative
GII	KM198500	GII.3	7413	RdRp	4307	5063	+	inferred_from_region_blast
GII	KM198505	GII.3	7425	VP1	5081	6727	+	genbank
GII	KM198505	GII.3	7425	VP2	6727	7425	+	genbank
GII	KM198505	GII.3	7425	ORF1	1	5100	+	genbank
GII	KM198505	GII.3	7425	p48	1	1326	+	orf1_relative
GII	KM198505	GII.3	7425	NTPase	1327	2091	+	orf1_relative
GII	KM198505	GII.3	7425	p22	2092	2499	+	orf1_relative
GII	KM198505	GII.3	7425	VPg	2500	2907	+	orf1_relative
GII	KM198505	GII.3	7425	3CLpro	2908	3468	+	orf1_relative
GII	KM198505	GII.3	7425	RdRp	4319	5075	+	inferred_from_region_blast
GII	KM198509	GII.3	7425	VP1	5081	6727	+	genbank
GII	KM198509	GII.3	7425	VP2	6727	7425	+	genbank
GII	KM198509	GII.3	7425	ORF1	1	5100	+	genbank
GII	KM198509	GII.3	7425	p48	1	1326	+	orf1_relative
GII	KM198509	GII.3	7425	NTPase	1327	2091	+	orf1_relative
GII	KM198509	GII.3	7425	p22	2092	2499	+	orf1_relative
GII	KM198509	GII.3	7425	VPg	2500	2907	+	orf1_relative
GII	KM198509	GII.3	7425	3CLpro	2908	3468	+	orf1_relative
GII	KM198509	GII.3	7425	RdRp	4319	5075	+	inferred_from_region_blast
GII	KM198511	GII.3	7425	VP1	5081	6727	+	genbank
GII	KM198511	GII.3	7425	VP2	6727	7425	+	genbank
GII	KM198511	GII.3	7425	ORF1	1	5100	+	genbank
GII	KM198511	GII.3	7425	p48	1	1326	+	orf1_relative
GII	KM198511	GII.3	7425	NTPase	1327	2091	+	orf1_relative
GII	KM198511	GII.3	7425	p22	2092	2499	+	orf1_relative
GII	KM198511	GII.3	7425	VPg	2500	2907	+	orf1_relative
GII	KM198511	GII.3	7425	3CLpro	2908	3468	+	orf1_relative
GII	KM198511	GII.3	7425	RdRp	4319	5075	+	inferred_from_region_blast
GII	KM198528	GII.3	7425	VP1	5081	6727	+	genbank
GII	KM198528	GII.3	7425	VP2	6727	7425	+	genbank
GII	KM198528	GII.3	7425	ORF1	1	5100	+	genbank
GII	KM198528	GII.3	7425	p48	1	1326	+	orf1_relative
GII	KM198528	GII.3	7425	NTPase	1327	2091	+	orf1_relative
GII	KM198528	GII.3	7425	p22	2092	2499	+	orf1_relative
GII	KM198528	GII.3	7425	VPg	2500	2907	+	orf1_relative
GII	KM198528	GII.3	7425	3CLpro	2908	3468	+	orf1_relative
GII	KM198528	GII.3	7425	RdRp	4319	5075	+	inferred_from_region_blast
GII	KM198529	GII.3	7413	VP1	5069	6715	+	genbank
GII	KM198529	GII.3	7413	VP2	6715	7413	+	genbank
GII	KM198529	GII.3	7413	ORF1	82	5088	+	genbank
GII	KM198529	GII.3	7413	p48	82	1383	+	orf1_relative
GII	KM198529	GII.3	7413	NTPase	1384	2134	+	orf1_relative
GII	KM198529	GII.3	7413	p22	2135	2534	+	orf1_relative
GII	KM198529	GII.3	7413	VPg	2535	2935	+	orf1_relative
GII	KM198529	GII.3	7413	3CLpro	2936	3486	+	orf1_relative
GII	KM198529	GII.3	7413	RdRp	4307	5063	+	inferred_from_region_blast
GII	KM198547	GII.3	7421	VP1	5081	6727	+	genbank
GII	KM198547	GII.3	7421	VP2	6727	7421	+	genbank
GII	KM198547	GII.3	7421	ORF1	1	5100	+	genbank
GII	KM198547	GII.3	7421	p48	1	1326	+	orf1_relative
GII	KM198547	GII.3	7421	NTPase	1327	2091	+	orf1_relative
GII	KM198547	GII.3	7421	p22	2092	2499	+	orf1_relative
GII	KM198547	GII.3	7421	VPg	2500	2907	+	orf1_relative
GII	KM198547	GII.3	7421	3CLpro	2908	3468	+	orf1_relative
GII	KM198547	GII.3	7421	RdRp	4319	5075	+	inferred_from_region_blast
GII	KM198553	GII.3	7425	VP1	5081	6727	+	genbank
GII	KM198553	GII.3	7425	VP2	6727	7425	+	genbank
GII	KM198553	GII.3	7425	ORF1	1	5100	+	genbank
GII	KM198553	GII.3	7425	p48	1	1326	+	orf1_relative
GII	KM198553	GII.3	7425	NTPase	1327	2091	+	orf1_relative
GII	KM198553	GII.3	7425	p22	2092	2499	+	orf1_relative
GII	KM198553	GII.3	7425	VPg	2500	2907	+	orf1_relative
GII	KM198553	GII.3	7425	3CLpro	2908	3468	+	orf1_relative
GII	KM198553	GII.3	7425	RdRp	4319	5075	+	inferred_from_region_blast
GII	KM198554	GII.3	7421	VP1	5081	6727	+	genbank
GII	KM198554	GII.3	7421	VP2	6727	7421	+	genbank
GII	KM198554	GII.3	7421	ORF1	1	5100	+	genbank
GII	KM198554	GII.3	7421	p48	1	1326	+	orf1_relative
GII	KM198554	GII.3	7421	NTPase	1327	2091	+	orf1_relative
GII	KM198554	GII.3	7421	p22	2092	2499	+	orf1_relative
GII	KM198554	GII.3	7421	VPg	2500	2907	+	orf1_relative
GII	KM198554	GII.3	7421	3CLpro	2908	3468	+	orf1_relative
GII	KM198554	GII.3	7421	RdRp	4319	5075	+	inferred_from_region_blast
GII	KM198561	GII.3	7425	VP1	5081	6727	+	genbank
GII	KM198561	GII.3	7425	VP2	6727	7425	+	genbank
GII	KM198561	GII.3	7425	ORF1	1	5100	+	genbank
GII	KM198561	GII.3	7425	p48	1	1326	+	orf1_relative
GII	KM198561	GII.3	7425	NTPase	1327	2091	+	orf1_relative
GII	KM198561	GII.3	7425	p22	2092	2499	+	orf1_relative
GII	KM198561	GII.3	7425	VPg	2500	2907	+	orf1_relative
GII	KM198561	GII.3	7425	3CLpro	2908	3468	+	orf1_relative
GII	KM198561	GII.3	7425	RdRp	4319	5075	+	inferred_from_region_blast
GII	KM198563	GII.3	7277	VP1	5081	6727	+	genbank
GII	KM198563	GII.3	7277	VP2	6727	7277	+	genbank
GII	KM198563	GII.3	7277	ORF1	1	5100	+	genbank
GII	KM198563	GII.3	7277	p48	1	1326	+	orf1_relative
GII	KM198563	GII.3	7277	NTPase	1327	2091	+	orf1_relative
GII	KM198563	GII.3	7277	p22	2092	2499	+	orf1_relative
GII	KM198563	GII.3	7277	VPg	2500	2907	+	orf1_relative
GII	KM198563	GII.3	7277	3CLpro	2908	3468	+	orf1_relative
GII	KM198563	GII.3	7277	RdRp	4319	5075	+	inferred_from_region_blast
GII	KM198572	GII.3	7425	VP1	5081	6727	+	genbank
GII	KM198572	GII.3	7425	VP2	6727	7425	+	genbank
GII	KM198572	GII.3	7425	ORF1	1	5100	+	genbank
GII	KM198572	GII.3	7425	p48	1	1326	+	orf1_relative
GII	KM198572	GII.3	7425	NTPase	1327	2091	+	orf1_relative
GII	KM198572	GII.3	7425	p22	2092	2499	+	orf1_relative
GII	KM198572	GII.3	7425	VPg	2500	2907	+	orf1_relative
GII	KM198572	GII.3	7425	3CLpro	2908	3468	+	orf1_relative
GII	KM198572	GII.3	7425	RdRp	4319	5075	+	inferred_from_region_blast
GII	KM198573	GII.3	7421	VP1	5081	6727	+	genbank
GII	KM198573	GII.3	7421	VP2	6727	7419	+	genbank
GII	KM198573	GII.3	7421	ORF1	1	5100	+	genbank
GII	KM198573	GII.3	7421	p48	1	1326	+	orf1_relative
GII	KM198573	GII.3	7421	NTPase	1327	2091	+	orf1_relative
GII	KM198573	GII.3	7421	p22	2092	2499	+	orf1_relative
GII	KM198573	GII.3	7421	VPg	2500	2907	+	orf1_relative
GII	KM198573	GII.3	7421	3CLpro	2908	3468	+	orf1_relative
GII	KM198573	GII.3	7421	RdRp	4319	5075	+	inferred_from_region_blast
GII	KM198583	GII.3	7425	VP1	5081	6727	+	genbank
GII	KM198583	GII.3	7425	VP2	6727	7425	+	genbank
GII	KM198583	GII.3	7425	ORF1	1	5100	+	genbank
GII	KM198583	GII.3	7425	p48	1	1326	+	orf1_relative
GII	KM198583	GII.3	7425	NTPase	1327	2091	+	orf1_relative
GII	KM198583	GII.3	7425	p22	2092	2499	+	orf1_relative
GII	KM198583	GII.3	7425	VPg	2500	2907	+	orf1_relative
GII	KM198583	GII.3	7425	3CLpro	2908	3468	+	orf1_relative
GII	KM198583	GII.3	7425	RdRp	4319	5075	+	inferred_from_region_blast
GII	KM198586	GII.3	7422	VP1	5078	6724	+	genbank
GII	KM198586	GII.3	7422	VP2	6724	7422	+	genbank
GII	KM198586	GII.3	7422	ORF1	1	5097	+	genbank
GII	KM198586	GII.3	7422	p48	1	1325	+	orf1_relative
GII	KM198586	GII.3	7422	NTPase	1326	2090	+	orf1_relative
GII	KM198586	GII.3	7422	p22	2091	2498	+	orf1_relative
GII	KM198586	GII.3	7422	VPg	2499	2905	+	orf1_relative
GII	KM198586	GII.3	7422	3CLpro	2906	3466	+	orf1_relative
GII	KM198586	GII.3	7422	RdRp	4316	5072	+	inferred_from_region_blast
GII	KM198590	GII.3	7421	VP1	5081	6727	+	genbank
GII	KM198590	GII.3	7421	VP2	6727	7421	+	genbank
GII	KM198590	GII.3	7421	ORF1	1	5100	+	genbank
GII	KM198590	GII.3	7421	p48	1	1326	+	orf1_relative
GII	KM198590	GII.3	7421	NTPase	1327	2091	+	orf1_relative
GII	KM198590	GII.3	7421	p22	2092	2499	+	orf1_relative
GII	KM198590	GII.3	7421	VPg	2500	2907	+	orf1_relative
GII	KM198590	GII.3	7421	3CLpro	2908	3468	+	orf1_relative
GII	KM198590	GII.3	7421	RdRp	4319	5075	+	inferred_from_region_blast
GII	KY887597	GII.3	7549	VP1	5079	6725	+	genbank
GII	KY887597	GII.3	7549	VP2	6725	7489	+	genbank
GII	KY887597	GII.3	7549	ORF1	1	5098	+	genbank
GII	KY887597	GII.3	7549	p48	1	1325	+	orf1_relative
GII	KY887597	GII.3	7549	NTPase	1326	2090	+	orf1_relative
GII	KY887597	GII.3	7549	p22	2091	2498	+	orf1_relative
GII	KY887597	GII.3	7549	VPg	2499	2906	+	orf1_relative
GII	KY887597	GII.3	7549	3CLpro	2907	3467	+	orf1_relative
GII	KY887597	GII.3	7549	RdRp	4317	5073	+	inferred_from_region_blast
GII	KY887598	GII.3	7533	VP1	5064	6710	+	genbank
GII	KY887598	GII.3	7533	VP2	6710	7474	+	genbank
GII	KY887598	GII.3	7533	ORF1	1	5083	+	genbank
GII	KY887598	GII.3	7533	p48	1	1322	+	orf1_relative
GII	KY887598	GII.3	7533	NTPase	1323	2084	+	orf1_relative
GII	KY887598	GII.3	7533	p22	2085	2491	+	orf1_relative
GII	KY887598	GII.3	7533	VPg	2492	2897	+	orf1_relative
GII	KY887598	GII.3	7533	3CLpro	2898	3456	+	orf1_relative
GII	KY887598	GII.3	7533	RdRp	4302	5058	+	inferred_from_region_blast
GII	KY887606	GII.3	7549	VP1	5079	6725	+	genbank
GII	KY887606	GII.3	7549	VP2	6725	7489	+	genbank
GII	KY887606	GII.3	7549	ORF1	1	5098	+	genbank
GII	KY887606	GII.3	7549	p48	1	1325	+	orf1_relative
GII	KY887606	GII.3	7549	NTPase	1326	2090	+	orf1_relative
GII	KY887606	GII.3	7549	p22	2091	2498	+	orf1_relative
GII	KY887606	GII.3	7549	VPg	2499	2906	+	orf1_relative
GII	KY887606	GII.3	7549	3CLpro	2907	3467	+	orf1_relative
GII	KY887606	GII.3	7549	RdRp	4317	5073	+	inferred_from_region_blast
GII	KY905334	GII.3	7498	VP1	5049	6695	+	genbank
GII	KY905334	GII.3	7498	VP2	6695	7459	+	genbank
GII	KY905334	GII.3	7498	ORF1	1	5068	+	genbank
GII	KY905334	GII.3	7498	p48	1	1318	+	orf1_relative
GII	KY905334	GII.3	7498	NTPase	1319	2078	+	orf1_relative
GII	KY905334	GII.3	7498	p22	2079	2483	+	orf1_relative
GII	KY905334	GII.3	7498	VPg	2484	2889	+	orf1_relative
GII	KY905334	GII.3	7498	3CLpro	2890	3446	+	orf1_relative
GII	KY905334	GII.3	7498	3'UTR	7460	7497	+	genbank
GII	KY905334	GII.3	7498	RdRp	4287	5043	+	inferred_from_region_blast
GII	LC122764	GII.3	7483	VP1	5071	6697	+	inferred_from_region_blast
GII	LC122764	GII.3	7483	RdRp	4308	5064	+	inferred_from_region_blast
GII	LC122831	GII.3	7550	VP1	5090	6716	+	inferred_from_region_blast
GII	LC122831	GII.3	7550	RdRp	4327	5083	+	inferred_from_region_blast
GII	LC597117	GII.3	7525	VP1	5073	6719	+	genbank
GII	LC597117	GII.3	7525	VP2	6719	7483	+	genbank
GII	LC597117	GII.3	7525	ORF1	1	5092	+	genbank
GII	LC597117	GII.3	7525	p48	1	1324	+	orf1_relative
GII	LC597117	GII.3	7525	NTPase	1325	2088	+	orf1_relative
GII	LC597117	GII.3	7525	p22	2089	2495	+	orf1_relative
GII	LC597117	GII.3	7525	VPg	2496	2902	+	orf1_relative
GII	LC597117	GII.3	7525	3CLpro	2903	3463	+	orf1_relative
GII	LC597117	GII.3	7525	RdRp	4311	5067	+	inferred_from_region_blast
GII	LC726063	GII.3	7498	VP1	5058	6704	+	genbank
GII	LC726063	GII.3	7498	VP2	6704	7468	+	genbank
GII	LC726063	GII.3	7498	ORF1	1	5077	+	genbank
GII	LC726063	GII.3	7498	p48	1	1320	+	orf1_relative
GII	LC726063	GII.3	7498	NTPase	1321	2082	+	orf1_relative
GII	LC726063	GII.3	7498	p22	2083	2488	+	orf1_relative
GII	LC726063	GII.3	7498	VPg	2489	2894	+	orf1_relative
GII	LC726063	GII.3	7498	3CLpro	2895	3452	+	orf1_relative
GII	LC726063	GII.3	7498	RdRp	4296	5052	+	inferred_from_region_blast
GII	LC769682	GII.3	7564	VP1	5078	6724	+	genbank
GII	LC769682	GII.3	7564	VP2	6724	7488	+	genbank
GII	LC769682	GII.3	7564	ORF1	1	5097	+	genbank
GII	LC769682	GII.3	7564	p48	1	1325	+	orf1_relative
GII	LC769682	GII.3	7564	NTPase	1326	2090	+	orf1_relative
GII	LC769682	GII.3	7564	p22	2091	2498	+	orf1_relative
GII	LC769682	GII.3	7564	VPg	2499	2905	+	orf1_relative
GII	LC769682	GII.3	7564	3CLpro	2906	3466	+	orf1_relative
GII	LC769682	GII.3	7564	RdRp	4316	5072	+	inferred_from_region_blast
GII	LC769689	GII.3	7542	VP1	5075	6721	+	genbank
GII	LC769689	GII.3	7542	VP2	6721	7485	+	genbank
GII	LC769689	GII.3	7542	ORF1	1	5094	+	genbank
GII	LC769689	GII.3	7542	p48	1	1324	+	orf1_relative
GII	LC769689	GII.3	7542	NTPase	1325	2089	+	orf1_relative
GII	LC769689	GII.3	7542	p22	2090	2496	+	orf1_relative
GII	LC769689	GII.3	7542	VPg	2497	2904	+	orf1_relative
GII	LC769689	GII.3	7542	3CLpro	2905	3464	+	orf1_relative
GII	LC769689	GII.3	7542	RdRp	4313	5069	+	inferred_from_region_blast
GII	LC769704	GII.3	7520	VP1	5084	6730	+	genbank
GII	LC769704	GII.3	7520	VP2	6730	7494	+	genbank
GII	LC769704	GII.3	7520	ORF1	4	5103	+	genbank
GII	LC769704	GII.3	7520	p48	4	1329	+	orf1_relative
GII	LC769704	GII.3	7520	NTPase	1330	2094	+	orf1_relative
GII	LC769704	GII.3	7520	p22	2095	2502	+	orf1_relative
GII	LC769704	GII.3	7520	VPg	2503	2910	+	orf1_relative
GII	LC769704	GII.3	7520	3CLpro	2911	3471	+	orf1_relative
GII	LC769704	GII.3	7520	RdRp	4322	5078	+	inferred_from_region_blast
GII	LC769706	GII.3	7525	VP1	5064	6710	+	genbank
GII	LC769706	GII.3	7525	VP2	6710	7474	+	genbank
GII	LC769706	GII.3	7525	ORF1	1	5083	+	genbank
GII	LC769706	GII.3	7525	p48	1	1322	+	orf1_relative
GII	LC769706	GII.3	7525	NTPase	1323	2084	+	orf1_relative
GII	LC769706	GII.3	7525	p22	2085	2491	+	orf1_relative
GII	LC769706	GII.3	7525	VPg	2492	2897	+	orf1_relative
GII	LC769706	GII.3	7525	3CLpro	2898	3456	+	orf1_relative
GII	LC769706	GII.3	7525	RdRp	4302	5058	+	inferred_from_region_blast
GII	LC769709	GII.3	7543	VP1	5075	6721	+	genbank
GII	LC769709	GII.3	7543	VP2	6721	7485	+	genbank
GII	LC769709	GII.3	7543	ORF1	1	5094	+	genbank
GII	LC769709	GII.3	7543	p48	1	1324	+	orf1_relative
GII	LC769709	GII.3	7543	NTPase	1325	2089	+	orf1_relative
GII	LC769709	GII.3	7543	p22	2090	2496	+	orf1_relative
GII	LC769709	GII.3	7543	VPg	2497	2904	+	orf1_relative
GII	LC769709	GII.3	7543	3CLpro	2905	3464	+	orf1_relative
GII	LC769709	GII.3	7543	RdRp	4313	5069	+	inferred_from_region_blast
GII	LC769712	GII.3	7536	VP1	5080	6726	+	genbank
GII	LC769712	GII.3	7536	VP2	6726	7490	+	genbank
GII	LC769712	GII.3	7536	ORF1	1	5099	+	genbank
GII	LC769712	GII.3	7536	p48	1	1326	+	orf1_relative
GII	LC769712	GII.3	7536	NTPase	1327	2091	+	orf1_relative
GII	LC769712	GII.3	7536	p22	2092	2499	+	orf1_relative
GII	LC769712	GII.3	7536	VPg	2500	2906	+	orf1_relative
GII	LC769712	GII.3	7536	3CLpro	2907	3467	+	orf1_relative
GII	LC769712	GII.3	7536	RdRp	4318	5074	+	inferred_from_region_blast
GII	LC769713	GII.3	7552	VP1	5079	6725	+	genbank
GII	LC769713	GII.3	7552	VP2	6725	7489	+	genbank
GII	LC769713	GII.3	7552	ORF1	1	5098	+	genbank
GII	LC769713	GII.3	7552	p48	1	1325	+	orf1_relative
GII	LC769713	GII.3	7552	NTPase	1326	2090	+	orf1_relative
GII	LC769713	GII.3	7552	p22	2091	2498	+	orf1_relative
GII	LC769713	GII.3	7552	VPg	2499	2906	+	orf1_relative
GII	LC769713	GII.3	7552	3CLpro	2907	3467	+	orf1_relative
GII	LC769713	GII.3	7552	RdRp	4317	5073	+	inferred_from_region_blast
GII	LC769715	GII.3	7531	VP1	5070	6716	+	genbank
GII	LC769715	GII.3	7531	VP2	6716	7480	+	genbank
GII	LC769715	GII.3	7531	ORF1	1	5089	+	genbank
GII	LC769715	GII.3	7531	p48	1	1323	+	orf1_relative
GII	LC769715	GII.3	7531	NTPase	1324	2086	+	orf1_relative
GII	LC769715	GII.3	7531	p22	2087	2494	+	orf1_relative
GII	LC769715	GII.3	7531	VPg	2495	2901	+	orf1_relative
GII	LC769715	GII.3	7531	3CLpro	2902	3461	+	orf1_relative
GII	LC769715	GII.3	7531	RdRp	4308	5064	+	inferred_from_region_blast
GII	LN854569	GII.3	7579	VP1	5085	6731	+	genbank
GII	LN854569	GII.3	7579	VP2	6731	7495	+	genbank
GII	LN854569	GII.3	7579	ORF1	5	5104	+	genbank
GII	LN854569	GII.3	7579	p48	5	1330	+	orf1_relative
GII	LN854569	GII.3	7579	NTPase	1331	2095	+	orf1_relative
GII	LN854569	GII.3	7579	p22	2096	2503	+	orf1_relative
GII	LN854569	GII.3	7579	VPg	2504	2911	+	orf1_relative
GII	LN854569	GII.3	7579	3CLpro	2912	3472	+	orf1_relative
GII	LN854569	GII.3	7579	RdRp	4323	5079	+	inferred_from_region_blast
GII	MH218573	GII.3	7548	VP1	5085	6731	+	genbank
GII	MH218573	GII.3	7548	VP2	6731	7495	+	genbank
GII	MH218573	GII.3	7548	ORF1	5	5104	+	genbank
GII	MH218573	GII.3	7548	p48	5	1330	+	orf1_relative
GII	MH218573	GII.3	7548	NTPase	1331	2095	+	orf1_relative
GII	MH218573	GII.3	7548	p22	2096	2503	+	orf1_relative
GII	MH218573	GII.3	7548	VPg	2504	2911	+	orf1_relative
GII	MH218573	GII.3	7548	3CLpro	2912	3472	+	orf1_relative
GII	MH218573	GII.3	7548	RdRp	4323	5079	+	inferred_from_region_blast
GII	MH218575	GII.3	7548	VP1	5085	6731	+	genbank
GII	MH218575	GII.3	7548	VP2	6731	7495	+	genbank
GII	MH218575	GII.3	7548	ORF1	5	5104	+	genbank
GII	MH218575	GII.3	7548	p48	5	1330	+	orf1_relative
GII	MH218575	GII.3	7548	NTPase	1331	2095	+	orf1_relative
GII	MH218575	GII.3	7548	p22	2096	2503	+	orf1_relative
GII	MH218575	GII.3	7548	VPg	2504	2911	+	orf1_relative
GII	MH218575	GII.3	7548	3CLpro	2912	3472	+	orf1_relative
GII	MH218575	GII.3	7548	RdRp	4323	5079	+	inferred_from_region_blast
GII	MH218584	GII.3	7548	VP1	5085	6731	+	genbank
GII	MH218584	GII.3	7548	VP2	6731	7495	+	genbank
GII	MH218584	GII.3	7548	ORF1	5	5104	+	genbank
GII	MH218584	GII.3	7548	p48	5	1330	+	orf1_relative
GII	MH218584	GII.3	7548	NTPase	1331	2095	+	orf1_relative
GII	MH218584	GII.3	7548	p22	2096	2503	+	orf1_relative
GII	MH218584	GII.3	7548	VPg	2504	2911	+	orf1_relative
GII	MH218584	GII.3	7548	3CLpro	2912	3472	+	orf1_relative
GII	MH218584	GII.3	7548	RdRp	4323	5079	+	inferred_from_region_blast
GII	MH218585	GII.3	7548	VP1	5085	6731	+	genbank
GII	MH218585	GII.3	7548	VP2	6731	7495	+	genbank
GII	MH218585	GII.3	7548	ORF1	5	5104	+	genbank
GII	MH218585	GII.3	7548	p48	5	1330	+	orf1_relative
GII	MH218585	GII.3	7548	NTPase	1331	2095	+	orf1_relative
GII	MH218585	GII.3	7548	p22	2096	2503	+	orf1_relative
GII	MH218585	GII.3	7548	VPg	2504	2911	+	orf1_relative
GII	MH218585	GII.3	7548	3CLpro	2912	3472	+	orf1_relative
GII	MH218585	GII.3	7548	RdRp	4323	5079	+	inferred_from_region_blast
GII	MH218586	GII.3	7548	VP1	5085	6731	+	genbank
GII	MH218586	GII.3	7548	VP2	6731	7495	+	genbank
GII	MH218586	GII.3	7548	ORF1	5	5104	+	genbank
GII	MH218586	GII.3	7548	p48	5	1330	+	orf1_relative
GII	MH218586	GII.3	7548	NTPase	1331	2095	+	orf1_relative
GII	MH218586	GII.3	7548	p22	2096	2503	+	orf1_relative
GII	MH218586	GII.3	7548	VPg	2504	2911	+	orf1_relative
GII	MH218586	GII.3	7548	3CLpro	2912	3472	+	orf1_relative
GII	MH218586	GII.3	7548	RdRp	4323	5079	+	inferred_from_region_blast
GII	MH218590	GII.3	7548	VP1	5085	6731	+	genbank
GII	MH218590	GII.3	7548	VP2	6731	7495	+	genbank
GII	MH218590	GII.3	7548	ORF1	5	5104	+	genbank
GII	MH218590	GII.3	7548	p48	5	1330	+	orf1_relative
GII	MH218590	GII.3	7548	NTPase	1331	2095	+	orf1_relative
GII	MH218590	GII.3	7548	p22	2096	2503	+	orf1_relative
GII	MH218590	GII.3	7548	VPg	2504	2911	+	orf1_relative
GII	MH218590	GII.3	7548	3CLpro	2912	3472	+	orf1_relative
GII	MH218590	GII.3	7548	RdRp	4323	5079	+	inferred_from_region_blast
GII	MH218592	GII.3	7541	VP1	5085	6731	+	genbank
GII	MH218592	GII.3	7541	VP2	6731	7495	+	genbank
GII	MH218592	GII.3	7541	ORF1	5	5104	+	genbank
GII	MH218592	GII.3	7541	p48	5	1330	+	orf1_relative
GII	MH218592	GII.3	7541	NTPase	1331	2095	+	orf1_relative
GII	MH218592	GII.3	7541	p22	2096	2503	+	orf1_relative
GII	MH218592	GII.3	7541	VPg	2504	2911	+	orf1_relative
GII	MH218592	GII.3	7541	3CLpro	2912	3472	+	orf1_relative
GII	MH218592	GII.3	7541	RdRp	4323	5079	+	inferred_from_region_blast
GII	MH218593	GII.3	7548	VP1	5085	6731	+	genbank
GII	MH218593	GII.3	7548	VP2	6731	7495	+	genbank
GII	MH218593	GII.3	7548	ORF1	5	5104	+	genbank
GII	MH218593	GII.3	7548	p48	5	1330	+	orf1_relative
GII	MH218593	GII.3	7548	NTPase	1331	2095	+	orf1_relative
GII	MH218593	GII.3	7548	p22	2096	2503	+	orf1_relative
GII	MH218593	GII.3	7548	VPg	2504	2911	+	orf1_relative
GII	MH218593	GII.3	7548	3CLpro	2912	3472	+	orf1_relative
GII	MH218593	GII.3	7548	RdRp	4323	5079	+	inferred_from_region_blast
GII	MH218594	GII.3	7548	VP1	5085	6731	+	genbank
GII	MH218594	GII.3	7548	VP2	6731	7495	+	genbank
GII	MH218594	GII.3	7548	ORF1	5	5104	+	genbank
GII	MH218594	GII.3	7548	p48	5	1330	+	orf1_relative
GII	MH218594	GII.3	7548	NTPase	1331	2095	+	orf1_relative
GII	MH218594	GII.3	7548	p22	2096	2503	+	orf1_relative
GII	MH218594	GII.3	7548	VPg	2504	2911	+	orf1_relative
GII	MH218594	GII.3	7548	3CLpro	2912	3472	+	orf1_relative
GII	MH218594	GII.3	7548	RdRp	4323	5079	+	inferred_from_region_blast
GII	MH218598	GII.3	7548	VP1	5085	6731	+	genbank
GII	MH218598	GII.3	7548	VP2	6731	7495	+	genbank
GII	MH218598	GII.3	7548	ORF1	5	5104	+	genbank
GII	MH218598	GII.3	7548	p48	5	1330	+	orf1_relative
GII	MH218598	GII.3	7548	NTPase	1331	2095	+	orf1_relative
GII	MH218598	GII.3	7548	p22	2096	2503	+	orf1_relative
GII	MH218598	GII.3	7548	VPg	2504	2911	+	orf1_relative
GII	MH218598	GII.3	7548	3CLpro	2912	3472	+	orf1_relative
GII	MH218598	GII.3	7548	RdRp	4323	5079	+	inferred_from_region_blast
GII	MH218599	GII.3	7548	VP1	5085	6731	+	genbank
GII	MH218599	GII.3	7548	VP2	6731	7495	+	genbank
GII	MH218599	GII.3	7548	ORF1	5	5104	+	genbank
GII	MH218599	GII.3	7548	p48	5	1330	+	orf1_relative
GII	MH218599	GII.3	7548	NTPase	1331	2095	+	orf1_relative
GII	MH218599	GII.3	7548	p22	2096	2503	+	orf1_relative
GII	MH218599	GII.3	7548	VPg	2504	2911	+	orf1_relative
GII	MH218599	GII.3	7548	3CLpro	2912	3472	+	orf1_relative
GII	MH218599	GII.3	7548	RdRp	4323	5079	+	inferred_from_region_blast
GII	MH218600	GII.3	7548	VP1	5085	6731	+	genbank
GII	MH218600	GII.3	7548	VP2	6731	7495	+	genbank
GII	MH218600	GII.3	7548	ORF1	5	5104	+	genbank
GII	MH218600	GII.3	7548	p48	5	1330	+	orf1_relative
GII	MH218600	GII.3	7548	NTPase	1331	2095	+	orf1_relative
GII	MH218600	GII.3	7548	p22	2096	2503	+	orf1_relative
GII	MH218600	GII.3	7548	VPg	2504	2911	+	orf1_relative
GII	MH218600	GII.3	7548	3CLpro	2912	3472	+	orf1_relative
GII	MH218600	GII.3	7548	RdRp	4323	5079	+	inferred_from_region_blast
GII	MH218601	GII.3	7548	VP1	5085	6731	+	genbank
GII	MH218601	GII.3	7548	VP2	6731	7495	+	genbank
GII	MH218601	GII.3	7548	ORF1	5	5104	+	genbank
GII	MH218601	GII.3	7548	p48	5	1330	+	orf1_relative
GII	MH218601	GII.3	7548	NTPase	1331	2095	+	orf1_relative
GII	MH218601	GII.3	7548	p22	2096	2503	+	orf1_relative
GII	MH218601	GII.3	7548	VPg	2504	2911	+	orf1_relative
GII	MH218601	GII.3	7548	3CLpro	2912	3472	+	orf1_relative
GII	MH218601	GII.3	7548	RdRp	4323	5079	+	inferred_from_region_blast
GII	MH218603	GII.3	7548	VP1	5085	6731	+	genbank
GII	MH218603	GII.3	7548	VP2	6731	7495	+	genbank
GII	MH218603	GII.3	7548	ORF1	5	5104	+	genbank
GII	MH218603	GII.3	7548	p48	5	1330	+	orf1_relative
GII	MH218603	GII.3	7548	NTPase	1331	2095	+	orf1_relative
GII	MH218603	GII.3	7548	p22	2096	2503	+	orf1_relative
GII	MH218603	GII.3	7548	VPg	2504	2911	+	orf1_relative
GII	MH218603	GII.3	7548	3CLpro	2912	3472	+	orf1_relative
GII	MH218603	GII.3	7548	RdRp	4323	5079	+	inferred_from_region_blast
GII	MH218604	GII.3	7548	VP1	5085	6731	+	genbank
GII	MH218604	GII.3	7548	VP2	6731	7495	+	genbank
GII	MH218604	GII.3	7548	ORF1	5	5104	+	genbank
GII	MH218604	GII.3	7548	p48	5	1330	+	orf1_relative
GII	MH218604	GII.3	7548	NTPase	1331	2095	+	orf1_relative
GII	MH218604	GII.3	7548	p22	2096	2503	+	orf1_relative
GII	MH218604	GII.3	7548	VPg	2504	2911	+	orf1_relative
GII	MH218604	GII.3	7548	3CLpro	2912	3472	+	orf1_relative
GII	MH218604	GII.3	7548	RdRp	4323	5079	+	inferred_from_region_blast
GII	MH218618	GII.3	7548	VP1	5085	6731	+	genbank
GII	MH218618	GII.3	7548	VP2	6731	7495	+	genbank
GII	MH218618	GII.3	7548	ORF1	5	5104	+	genbank
GII	MH218618	GII.3	7548	p48	5	1330	+	orf1_relative
GII	MH218618	GII.3	7548	NTPase	1331	2095	+	orf1_relative
GII	MH218618	GII.3	7548	p22	2096	2503	+	orf1_relative
GII	MH218618	GII.3	7548	VPg	2504	2911	+	orf1_relative
GII	MH218618	GII.3	7548	3CLpro	2912	3472	+	orf1_relative
GII	MH218618	GII.3	7548	RdRp	4323	5079	+	inferred_from_region_blast
GII	MH218654	GII.3	7548	VP1	5085	6731	+	genbank
GII	MH218654	GII.3	7548	VP2	6731	7495	+	genbank
GII	MH218654	GII.3	7548	ORF1	5	5104	+	genbank
GII	MH218654	GII.3	7548	p48	5	1330	+	orf1_relative
GII	MH218654	GII.3	7548	NTPase	1331	2095	+	orf1_relative
GII	MH218654	GII.3	7548	p22	2096	2503	+	orf1_relative
GII	MH218654	GII.3	7548	VPg	2504	2911	+	orf1_relative
GII	MH218654	GII.3	7548	3CLpro	2912	3472	+	orf1_relative
GII	MH218654	GII.3	7548	RdRp	4323	5079	+	inferred_from_region_blast
GII	MH218660	GII.3	7548	VP1	5085	6731	+	genbank
GII	MH218660	GII.3	7548	VP2	6731	7495	+	genbank
GII	MH218660	GII.3	7548	ORF1	5	5104	+	genbank
GII	MH218660	GII.3	7548	p48	5	1330	+	orf1_relative
GII	MH218660	GII.3	7548	NTPase	1331	2095	+	orf1_relative
GII	MH218660	GII.3	7548	p22	2096	2503	+	orf1_relative
GII	MH218660	GII.3	7548	VPg	2504	2911	+	orf1_relative
GII	MH218660	GII.3	7548	3CLpro	2912	3472	+	orf1_relative
GII	MH218660	GII.3	7548	RdRp	4323	5079	+	inferred_from_region_blast
GII	MH218696	GII.3	7548	VP1	5085	6731	+	genbank
GII	MH218696	GII.3	7548	VP2	6731	7495	+	genbank
GII	MH218696	GII.3	7548	ORF1	5	5104	+	genbank
GII	MH218696	GII.3	7548	p48	5	1330	+	orf1_relative
GII	MH218696	GII.3	7548	NTPase	1331	2095	+	orf1_relative
GII	MH218696	GII.3	7548	p22	2096	2503	+	orf1_relative
GII	MH218696	GII.3	7548	VPg	2504	2911	+	orf1_relative
GII	MH218696	GII.3	7548	3CLpro	2912	3472	+	orf1_relative
GII	MH218696	GII.3	7548	RdRp	4323	5079	+	inferred_from_region_blast
GII	MH218712	GII.3	7555	VP1	5085	6731	+	genbank
GII	MH218712	GII.3	7555	VP2	6731	7495	+	genbank
GII	MH218712	GII.3	7555	ORF1	5	5104	+	genbank
GII	MH218712	GII.3	7555	p48	5	1330	+	orf1_relative
GII	MH218712	GII.3	7555	NTPase	1331	2095	+	orf1_relative
GII	MH218712	GII.3	7555	p22	2096	2503	+	orf1_relative
GII	MH218712	GII.3	7555	VPg	2504	2911	+	orf1_relative
GII	MH218712	GII.3	7555	3CLpro	2912	3472	+	orf1_relative
GII	MH218712	GII.3	7555	RdRp	4323	5079	+	inferred_from_region_blast
GII	MH218717	GII.3	7548	VP1	5085	6731	+	genbank
GII	MH218717	GII.3	7548	VP2	6731	7495	+	genbank
GII	MH218717	GII.3	7548	ORF1	5	5104	+	genbank
GII	MH218717	GII.3	7548	p48	5	1330	+	orf1_relative
GII	MH218717	GII.3	7548	NTPase	1331	2095	+	orf1_relative
GII	MH218717	GII.3	7548	p22	2096	2503	+	orf1_relative
GII	MH218717	GII.3	7548	VPg	2504	2911	+	orf1_relative
GII	MH218717	GII.3	7548	3CLpro	2912	3472	+	orf1_relative
GII	MH218717	GII.3	7548	RdRp	4323	5079	+	inferred_from_region_blast
GII	MH218732	GII.3	7548	VP1	5085	6731	+	genbank
GII	MH218732	GII.3	7548	VP2	6731	7495	+	genbank
GII	MH218732	GII.3	7548	ORF1	5	5104	+	genbank
GII	MH218732	GII.3	7548	p48	5	1330	+	orf1_relative
GII	MH218732	GII.3	7548	NTPase	1331	2095	+	orf1_relative
GII	MH218732	GII.3	7548	p22	2096	2503	+	orf1_relative
GII	MH218732	GII.3	7548	VPg	2504	2911	+	orf1_relative
GII	MH218732	GII.3	7548	3CLpro	2912	3472	+	orf1_relative
GII	MH218732	GII.3	7548	RdRp	4323	5079	+	inferred_from_region_blast
GII	MH260494	GII.3	7498	VP1	5049	6695	+	genbank
GII	MH260494	GII.3	7498	VP2	6695	7459	+	genbank
GII	MH260494	GII.3	7498	ORF1	1	5068	+	genbank
GII	MH260494	GII.3	7498	p48	1	1318	+	orf1_relative
GII	MH260494	GII.3	7498	NTPase	1319	2078	+	orf1_relative
GII	MH260494	GII.3	7498	p22	2079	2483	+	orf1_relative
GII	MH260494	GII.3	7498	VPg	2484	2889	+	orf1_relative
GII	MH260494	GII.3	7498	3CLpro	2890	3446	+	orf1_relative
GII	MH260494	GII.3	7498	RdRp	4287	5043	+	inferred_from_region_blast
GII	MK907798	GII.3	7480	VP1	5080	6726	+	genbank
GII	MK907798	GII.3	7480	VP2	6726	7480	+	genbank
GII	MK907798	GII.3	7480	ORF1	1	5099	+	genbank
GII	MK907798	GII.3	7480	p48	1	1326	+	orf1_relative
GII	MK907798	GII.3	7480	NTPase	1327	2091	+	orf1_relative
GII	MK907798	GII.3	7480	p22	2092	2499	+	orf1_relative
GII	MK907798	GII.3	7480	VPg	2500	2906	+	orf1_relative
GII	MK907798	GII.3	7480	3CLpro	2907	3467	+	orf1_relative
GII	MK907798	GII.3	7480	RdRp	4318	5074	+	inferred_from_region_blast
GII	MW305513	GII.3	7475	VP1	5050	6696	+	genbank
GII	MW305513	GII.3	7475	VP2	6696	7460	+	genbank
GII	MW305513	GII.3	7475	ORF1	1	5069	+	genbank
GII	MW305513	GII.3	7475	p48	1	1318	+	orf1_relative
GII	MW305513	GII.3	7475	NTPase	1319	2078	+	orf1_relative
GII	MW305513	GII.3	7475	p22	2079	2484	+	orf1_relative
GII	MW305513	GII.3	7475	VPg	2485	2889	+	orf1_relative
GII	MW305513	GII.3	7475	3CLpro	2890	3447	+	orf1_relative
GII	MW305513	GII.3	7475	RdRp	4288	5044	+	inferred_from_region_blast
GII	MW305522	GII.3	7484	VP1	5050	6696	+	genbank
GII	MW305522	GII.3	7484	VP2	6696	7460	+	genbank
GII	MW305522	GII.3	7484	ORF1	1	5069	+	genbank
GII	MW305522	GII.3	7484	p48	1	1318	+	orf1_relative
GII	MW305522	GII.3	7484	NTPase	1319	2078	+	orf1_relative
GII	MW305522	GII.3	7484	p22	2079	2484	+	orf1_relative
GII	MW305522	GII.3	7484	VPg	2485	2889	+	orf1_relative
GII	MW305522	GII.3	7484	3CLpro	2890	3447	+	orf1_relative
GII	MW305522	GII.3	7484	RdRp	4288	5044	+	inferred_from_region_blast
GII	MW305541	GII.3	7479	VP1	5050	6696	+	genbank
GII	MW305541	GII.3	7479	VP2	6696	7460	+	genbank
GII	MW305541	GII.3	7479	ORF1	1	5069	+	genbank
GII	MW305541	GII.3	7479	p48	1	1318	+	orf1_relative
GII	MW305541	GII.3	7479	NTPase	1319	2078	+	orf1_relative
GII	MW305541	GII.3	7479	p22	2079	2484	+	orf1_relative
GII	MW305541	GII.3	7479	VPg	2485	2889	+	orf1_relative
GII	MW305541	GII.3	7479	3CLpro	2890	3447	+	orf1_relative
GII	MW305541	GII.3	7479	RdRp	4288	5044	+	inferred_from_region_blast
GII	MW305591	GII.3	7506	VP1	5059	6705	+	genbank
GII	MW305591	GII.3	7506	VP2	6705	7469	+	genbank
GII	MW305591	GII.3	7506	ORF1	1	5078	+	genbank
GII	MW305591	GII.3	7506	p48	1	1320	+	orf1_relative
GII	MW305591	GII.3	7506	NTPase	1321	2082	+	orf1_relative
GII	MW305591	GII.3	7506	p22	2083	2488	+	orf1_relative
GII	MW305591	GII.3	7506	VPg	2489	2894	+	orf1_relative
GII	MW305591	GII.3	7506	3CLpro	2895	3453	+	orf1_relative
GII	MW305591	GII.3	7506	RdRp	4297	5053	+	inferred_from_region_blast
GII	MW305592	GII.3	7506	VP1	5059	6705	+	genbank
GII	MW305592	GII.3	7506	VP2	6705	7469	+	genbank
GII	MW305592	GII.3	7506	ORF1	1	5078	+	genbank
GII	MW305592	GII.3	7506	p48	1	1320	+	orf1_relative
GII	MW305592	GII.3	7506	NTPase	1321	2082	+	orf1_relative
GII	MW305592	GII.3	7506	p22	2083	2488	+	orf1_relative
GII	MW305592	GII.3	7506	VPg	2489	2894	+	orf1_relative
GII	MW305592	GII.3	7506	3CLpro	2895	3453	+	orf1_relative
GII	MW305592	GII.3	7506	RdRp	4297	5053	+	inferred_from_region_blast
GII	MW305631	GII.3	7513	VP1	5050	6696	+	genbank
GII	MW305631	GII.3	7513	VP2	6696	7460	+	genbank
GII	MW305631	GII.3	7513	ORF1	1	5069	+	genbank
GII	MW305631	GII.3	7513	p48	1	1318	+	orf1_relative
GII	MW305631	GII.3	7513	NTPase	1319	2078	+	orf1_relative
GII	MW305631	GII.3	7513	p22	2079	2484	+	orf1_relative
GII	MW305631	GII.3	7513	VPg	2485	2889	+	orf1_relative
GII	MW305631	GII.3	7513	3CLpro	2890	3447	+	orf1_relative
GII	MW305631	GII.3	7513	RdRp	4288	5044	+	inferred_from_region_blast
GII	MW305650	GII.3	7506	VP1	5059	6705	+	genbank
GII	MW305650	GII.3	7506	VP2	6705	7469	+	genbank
GII	MW305650	GII.3	7506	ORF1	1	5078	+	genbank
GII	MW305650	GII.3	7506	p48	1	1320	+	orf1_relative
GII	MW305650	GII.3	7506	NTPase	1321	2082	+	orf1_relative
GII	MW305650	GII.3	7506	p22	2083	2488	+	orf1_relative
GII	MW305650	GII.3	7506	VPg	2489	2894	+	orf1_relative
GII	MW305650	GII.3	7506	3CLpro	2895	3453	+	orf1_relative
GII	MW305650	GII.3	7506	RdRp	4297	5053	+	inferred_from_region_blast
GII	MW305724	GII.3	7502	VP1	5061	6707	+	genbank
GII	MW305724	GII.3	7502	VP2	6707	7471	+	genbank
GII	MW305724	GII.3	7502	ORF1	1	5080	+	genbank
GII	MW305724	GII.3	7502	p48	1	1321	+	orf1_relative
GII	MW305724	GII.3	7502	NTPase	1322	2083	+	orf1_relative
GII	MW305724	GII.3	7502	p22	2084	2489	+	orf1_relative
GII	MW305724	GII.3	7502	VPg	2490	2896	+	orf1_relative
GII	MW305724	GII.3	7502	3CLpro	2897	3454	+	orf1_relative
GII	MW305724	GII.3	7502	RdRp	4304	5055	+	inferred_from_region_blast
GII	MW305725	GII.3	7499	VP1	5058	6704	+	genbank
GII	MW305725	GII.3	7499	VP2	6704	7468	+	genbank
GII	MW305725	GII.3	7499	ORF1	1	5077	+	genbank
GII	MW305725	GII.3	7499	p48	1	1320	+	orf1_relative
GII	MW305725	GII.3	7499	NTPase	1321	2082	+	orf1_relative
GII	MW305725	GII.3	7499	p22	2083	2488	+	orf1_relative
GII	MW305725	GII.3	7499	VPg	2489	2894	+	orf1_relative
GII	MW305725	GII.3	7499	3CLpro	2895	3452	+	orf1_relative
GII	MW305725	GII.3	7499	RdRp	4296	5052	+	inferred_from_region_blast
GII	MW305726	GII.3	7505	VP1	5058	6704	+	genbank
GII	MW305726	GII.3	7505	VP2	6704	7468	+	genbank
GII	MW305726	GII.3	7505	ORF1	1	5077	+	genbank
GII	MW305726	GII.3	7505	p48	1	1320	+	orf1_relative
GII	MW305726	GII.3	7505	NTPase	1321	2082	+	orf1_relative
GII	MW305726	GII.3	7505	p22	2083	2488	+	orf1_relative
GII	MW305726	GII.3	7505	VPg	2489	2894	+	orf1_relative
GII	MW305726	GII.3	7505	3CLpro	2895	3452	+	orf1_relative
GII	MW305726	GII.3	7505	RdRp	4296	5052	+	inferred_from_region_blast
GII	MW305727	GII.3	7505	VP1	5058	6704	+	genbank
GII	MW305727	GII.3	7505	VP2	6704	7468	+	genbank
GII	MW305727	GII.3	7505	ORF1	1	5077	+	genbank
GII	MW305727	GII.3	7505	p48	1	1320	+	orf1_relative
GII	MW305727	GII.3	7505	NTPase	1321	2082	+	orf1_relative
GII	MW305727	GII.3	7505	p22	2083	2488	+	orf1_relative
GII	MW305727	GII.3	7505	VPg	2489	2894	+	orf1_relative
GII	MW305727	GII.3	7505	3CLpro	2895	3452	+	orf1_relative
GII	MW305727	GII.3	7505	RdRp	4296	5052	+	inferred_from_region_blast
GII	MW305728	GII.3	7505	VP1	5058	6704	+	genbank
GII	MW305728	GII.3	7505	VP2	6704	7468	+	genbank
GII	MW305728	GII.3	7505	ORF1	1	5077	+	genbank
GII	MW305728	GII.3	7505	p48	1	1320	+	orf1_relative
GII	MW305728	GII.3	7505	NTPase	1321	2082	+	orf1_relative
GII	MW305728	GII.3	7505	p22	2083	2488	+	orf1_relative
GII	MW305728	GII.3	7505	VPg	2489	2894	+	orf1_relative
GII	MW305728	GII.3	7505	3CLpro	2895	3452	+	orf1_relative
GII	MW305728	GII.3	7505	RdRp	4296	5052	+	inferred_from_region_blast
GII	MW305731	GII.3	7505	VP1	5058	6704	+	genbank
GII	MW305731	GII.3	7505	VP2	6704	7468	+	genbank
GII	MW305731	GII.3	7505	ORF1	1	5077	+	genbank
GII	MW305731	GII.3	7505	p48	1	1320	+	orf1_relative
GII	MW305731	GII.3	7505	NTPase	1321	2082	+	orf1_relative
GII	MW305731	GII.3	7505	p22	2083	2488	+	orf1_relative
GII	MW305731	GII.3	7505	VPg	2489	2894	+	orf1_relative
GII	MW305731	GII.3	7505	3CLpro	2895	3452	+	orf1_relative
GII	MW305731	GII.3	7505	RdRp	4296	5052	+	inferred_from_region_blast
GII	MW305732	GII.3	7505	VP1	5058	6704	+	genbank
GII	MW305732	GII.3	7505	VP2	6704	7468	+	genbank
GII	MW305732	GII.3	7505	ORF1	1	5077	+	genbank
GII	MW305732	GII.3	7505	p48	1	1320	+	orf1_relative
GII	MW305732	GII.3	7505	NTPase	1321	2082	+	orf1_relative
GII	MW305732	GII.3	7505	p22	2083	2488	+	orf1_relative
GII	MW305732	GII.3	7505	VPg	2489	2894	+	orf1_relative
GII	MW305732	GII.3	7505	3CLpro	2895	3452	+	orf1_relative
GII	MW305732	GII.3	7505	RdRp	4296	5052	+	inferred_from_region_blast
GII	MW305733	GII.3	7505	VP1	5058	6704	+	genbank
GII	MW305733	GII.3	7505	VP2	6704	7468	+	genbank
GII	MW305733	GII.3	7505	ORF1	1	5077	+	genbank
GII	MW305733	GII.3	7505	p48	1	1320	+	orf1_relative
GII	MW305733	GII.3	7505	NTPase	1321	2082	+	orf1_relative
GII	MW305733	GII.3	7505	p22	2083	2488	+	orf1_relative
GII	MW305733	GII.3	7505	VPg	2489	2894	+	orf1_relative
GII	MW305733	GII.3	7505	3CLpro	2895	3452	+	orf1_relative
GII	MW305733	GII.3	7505	RdRp	4296	5052	+	inferred_from_region_blast
GII	MW661262	GII.3	7578	VP1	5081	6727	+	genbank
GII	MW661262	GII.3	7578	VP2	6727	7491	+	genbank
GII	MW661262	GII.3	7578	ORF1	1	5100	+	genbank
GII	MW661262	GII.3	7578	p48	1	1326	+	orf1_relative
GII	MW661262	GII.3	7578	NTPase	1327	2091	+	orf1_relative
GII	MW661262	GII.3	7578	p22	2092	2499	+	orf1_relative
GII	MW661262	GII.3	7578	VPg	2500	2907	+	orf1_relative
GII	MW661262	GII.3	7578	3CLpro	2908	3468	+	orf1_relative
GII	MW661262	GII.3	7578	RdRp	4319	5075	+	inferred_from_region_blast
GII	MW661265	GII.3	7581	VP1	5084	6730	+	genbank
GII	MW661265	GII.3	7581	VP2	6730	7494	+	genbank
GII	MW661265	GII.3	7581	ORF1	4	5103	+	genbank
GII	MW661265	GII.3	7581	p48	4	1329	+	orf1_relative
GII	MW661265	GII.3	7581	NTPase	1330	2094	+	orf1_relative
GII	MW661265	GII.3	7581	p22	2095	2502	+	orf1_relative
GII	MW661265	GII.3	7581	VPg	2503	2910	+	orf1_relative
GII	MW661265	GII.3	7581	3CLpro	2911	3471	+	orf1_relative
GII	MW661265	GII.3	7581	RdRp	4322	5078	+	inferred_from_region_blast
GII	MW661276	GII.3	7545	VP1	5069	6715	+	genbank
GII	MW661276	GII.3	7545	VP2	6715	7479	+	genbank
GII	MW661276	GII.3	7545	ORF1	1	5088	+	genbank
GII	MW661276	GII.3	7545	p48	1	1323	+	orf1_relative
GII	MW661276	GII.3	7545	NTPase	1324	2086	+	orf1_relative
GII	MW661276	GII.3	7545	p22	2087	2493	+	orf1_relative
GII	MW661276	GII.3	7545	VPg	2494	2900	+	orf1_relative
GII	MW661276	GII.3	7545	3CLpro	2901	3460	+	orf1_relative
GII	MW661276	GII.3	7545	RdRp	4307	5063	+	inferred_from_region_blast
GII	OL451532	GII.3	7584	VP1	5121	6767	+	genbank
GII	OL451532	GII.3	7584	VP2	6767	7531	+	genbank
GII	OL451532	GII.3	7584	ORF1	5	5140	+	genbank
GII	OL451532	GII.3	7584	p48	5	1339	+	orf1_relative
GII	OL451532	GII.3	7584	NTPase	1340	2110	+	orf1_relative
GII	OL451532	GII.3	7584	p22	2111	2521	+	orf1_relative
GII	OL451532	GII.3	7584	VPg	2522	2932	+	orf1_relative
GII	OL451532	GII.3	7584	3CLpro	2933	3496	+	orf1_relative
GII	OL451532	GII.3	7584	RdRp	4359	5115	+	inferred_from_region_blast
GII	OL451533	GII.3	7584	VP1	5121	6767	+	genbank
GII	OL451533	GII.3	7584	VP2	6767	7531	+	genbank
GII	OL451533	GII.3	7584	ORF1	5	5140	+	genbank
GII	OL451533	GII.3	7584	p48	5	1339	+	orf1_relative
GII	OL451533	GII.3	7584	NTPase	1340	2110	+	orf1_relative
GII	OL451533	GII.3	7584	p22	2111	2521	+	orf1_relative
GII	OL451533	GII.3	7584	VPg	2522	2932	+	orf1_relative
GII	OL451533	GII.3	7584	3CLpro	2933	3496	+	orf1_relative
GII	OL451533	GII.3	7584	RdRp	4359	5115	+	inferred_from_region_blast
GII	OM372484	GII.3	7313	VP1	4912	6558	+	genbank
GII	OM372484	GII.3	7313	VP2	6558	7313	+	genbank
GII	OM372484	GII.3	7313	ORF1	1	4931	+	genbank
GII	OM372484	GII.3	7313	p48	1	1282	+	orf1_relative
GII	OM372484	GII.3	7313	NTPase	1283	2022	+	orf1_relative
GII	OM372484	GII.3	7313	p22	2023	2416	+	orf1_relative
GII	OM372484	GII.3	7313	VPg	2417	2811	+	orf1_relative
GII	OM372484	GII.3	7313	3CLpro	2812	3353	+	orf1_relative
GII	OM372484	GII.3	7313	RdRp	4150	4906	+	inferred_from_region_blast
GII	OM372486	GII.3	7310	VP1	4909	6555	+	genbank
GII	OM372486	GII.3	7310	VP2	6555	7310	+	genbank
GII	OM372486	GII.3	7310	ORF1	1	4928	+	genbank
GII	OM372486	GII.3	7310	p48	1	1281	+	orf1_relative
GII	OM372486	GII.3	7310	NTPase	1282	2020	+	orf1_relative
GII	OM372486	GII.3	7310	p22	2021	2415	+	orf1_relative
GII	OM372486	GII.3	7310	VPg	2416	2809	+	orf1_relative
GII	OM372486	GII.3	7310	3CLpro	2810	3351	+	orf1_relative
GII	OM372486	GII.3	7310	RdRp	4147	4903	+	inferred_from_region_blast
GII	OM372487	GII.3	7421	VP1	5020	6666	+	genbank
GII	OM372487	GII.3	7421	VP2	6666	7421	+	genbank
GII	OM372487	GII.3	7421	ORF1	1	5039	+	genbank
GII	OM372487	GII.3	7421	p48	1	1310	+	orf1_relative
GII	OM372487	GII.3	7421	NTPase	1311	2066	+	orf1_relative
GII	OM372487	GII.3	7421	p22	2067	2469	+	orf1_relative
GII	OM372487	GII.3	7421	VPg	2470	2872	+	orf1_relative
GII	OM372487	GII.3	7421	3CLpro	2873	3427	+	orf1_relative
GII	OM372487	GII.3	7421	RdRp	4258	5014	+	inferred_from_region_blast
GII	OM372595	GII.3	7439	VP1	5040	6686	+	genbank
GII	OM372595	GII.3	7439	VP2	6686	7439	+	genbank
GII	OM372595	GII.3	7439	ORF1	1	5059	+	genbank
GII	OM372595	GII.3	7439	p48	1	1315	+	orf1_relative
GII	OM372595	GII.3	7439	NTPase	1316	2074	+	orf1_relative
GII	OM372595	GII.3	7439	p22	2075	2479	+	orf1_relative
GII	OM372595	GII.3	7439	VPg	2480	2884	+	orf1_relative
GII	OM372595	GII.3	7439	3CLpro	2885	3440	+	orf1_relative
GII	OM372595	GII.3	7439	RdRp	4278	5034	+	inferred_from_region_blast
GII	OM373201	GII.3	7305	VP1	4905	6551	+	genbank
GII	OM373201	GII.3	7305	VP2	6551	7305	+	genbank
GII	OM373201	GII.3	7305	ORF1	1	4924	+	genbank
GII	OM373201	GII.3	7305	p48	1	1280	+	orf1_relative
GII	OM373201	GII.3	7305	NTPase	1281	2019	+	orf1_relative
GII	OM373201	GII.3	7305	p22	2020	2413	+	orf1_relative
GII	OM373201	GII.3	7305	VPg	2414	2807	+	orf1_relative
GII	OM373201	GII.3	7305	3CLpro	2808	3348	+	orf1_relative
GII	OM373201	GII.3	7305	RdRp	4143	4899	+	inferred_from_region_blast
GII	OM373562	GII.3	7506	VP1	5058	6704	+	genbank
GII	OM373562	GII.3	7506	VP2	6704	7468	+	genbank
GII	OM373562	GII.3	7506	ORF1	1	5077	+	genbank
GII	OM373562	GII.3	7506	p48	1	1320	+	orf1_relative
GII	OM373562	GII.3	7506	NTPase	1321	2082	+	orf1_relative
GII	OM373562	GII.3	7506	p22	2083	2488	+	orf1_relative
GII	OM373562	GII.3	7506	VPg	2489	2894	+	orf1_relative
GII	OM373562	GII.3	7506	3CLpro	2895	3452	+	orf1_relative
GII	OM373562	GII.3	7506	RdRp	4296	5052	+	inferred_from_region_blast
GII	OM388564	GII.3	7435	VP1	5036	6682	+	genbank
GII	OM388564	GII.3	7435	VP2	6682	7435	+	genbank
GII	OM388564	GII.3	7435	ORF1	1	5055	+	genbank
GII	OM388564	GII.3	7435	p48	1	1314	+	orf1_relative
GII	OM388564	GII.3	7435	NTPase	1315	2073	+	orf1_relative
GII	OM388564	GII.3	7435	p22	2074	2477	+	orf1_relative
GII	OM388564	GII.3	7435	VPg	2478	2881	+	orf1_relative
GII	OM388564	GII.3	7435	3CLpro	2882	3437	+	orf1_relative
GII	OM388564	GII.3	7435	RdRp	4274	5030	+	inferred_from_region_blast
GII	OM884056	GII.3	7526	VP1	5071	6717	+	genbank
GII	OM884056	GII.3	7526	VP2	6717	7481	+	genbank
GII	OM884056	GII.3	7526	ORF1	1	5090	+	genbank
GII	OM884056	GII.3	7526	p48	1	1323	+	orf1_relative
GII	OM884056	GII.3	7526	NTPase	1324	2087	+	orf1_relative
GII	OM884056	GII.3	7526	p22	2088	2494	+	orf1_relative
GII	OM884056	GII.3	7526	VPg	2495	2901	+	orf1_relative
GII	OM884056	GII.3	7526	3CLpro	2902	3461	+	orf1_relative
GII	OM884056	GII.3	7526	RdRp	4309	5065	+	inferred_from_region_blast
GII	OP205531	GII.3	7490	VP1	5080	6726	+	genbank
GII	OP205531	GII.3	7490	VP2	6726	7490	+	genbank
GII	OP205531	GII.3	7490	ORF1	1	5099	+	genbank
GII	OP205531	GII.3	7490	p48	1	1326	+	orf1_relative
GII	OP205531	GII.3	7490	NTPase	1327	2091	+	orf1_relative
GII	OP205531	GII.3	7490	p22	2092	2499	+	orf1_relative
GII	OP205531	GII.3	7490	VPg	2500	2906	+	orf1_relative
GII	OP205531	GII.3	7490	3CLpro	2907	3467	+	orf1_relative
GII	OP205531	GII.3	7490	RdRp	4318	5074	+	inferred_from_region_blast
GII	OP205556	GII.3	7472	VP1	5062	6708	+	genbank
GII	OP205556	GII.3	7472	VP2	6708	7472	+	genbank
GII	OP205556	GII.3	7472	ORF1	1	5081	+	genbank
GII	OP205556	GII.3	7472	p48	1	1321	+	orf1_relative
GII	OP205556	GII.3	7472	NTPase	1322	2083	+	orf1_relative
GII	OP205556	GII.3	7472	p22	2084	2490	+	orf1_relative
GII	OP205556	GII.3	7472	VPg	2491	2896	+	orf1_relative
GII	OP205556	GII.3	7472	3CLpro	2897	3455	+	orf1_relative
GII	OP205556	GII.3	7472	RdRp	4300	5056	+	inferred_from_region_blast
GII	OP205557	GII.3	7473	VP1	5063	6709	+	genbank
GII	OP205557	GII.3	7473	VP2	6709	7473	+	genbank
GII	OP205557	GII.3	7473	ORF1	1	5082	+	genbank
GII	OP205557	GII.3	7473	p48	1	1321	+	orf1_relative
GII	OP205557	GII.3	7473	NTPase	1322	2084	+	orf1_relative
GII	OP205557	GII.3	7473	p22	2085	2490	+	orf1_relative
GII	OP205557	GII.3	7473	VPg	2491	2897	+	orf1_relative
GII	OP205557	GII.3	7473	3CLpro	2898	3456	+	orf1_relative
GII	OP205557	GII.3	7473	RdRp	4301	5057	+	inferred_from_region_blast
GII	OP205562	GII.3	7285	VP1	5002	6605	+	genbank
GII	OP205562	GII.3	7285	VP2	6964	7285	+	genbank
GII	OP205562	GII.3	7285	ORF1	1	5021	+	genbank
GII	OP205562	GII.3	7285	p48	1	1305	+	orf1_relative
GII	OP205562	GII.3	7285	NTPase	1306	2059	+	orf1_relative
GII	OP205562	GII.3	7285	p22	2060	2460	+	orf1_relative
GII	OP205562	GII.3	7285	VPg	2461	2862	+	orf1_relative
GII	OP205562	GII.3	7285	3CLpro	2863	3414	+	orf1_relative
GII	OP205562	GII.3	7285	RdRp	4564	4996	+	inferred_from_region_blast
GII	OP205569	GII.3	7467	VP1	5057	6703	+	genbank
GII	OP205569	GII.3	7467	VP2	6703	7467	+	genbank
GII	OP205569	GII.3	7467	ORF1	1	5076	+	genbank
GII	OP205569	GII.3	7467	p48	1	1320	+	orf1_relative
GII	OP205569	GII.3	7467	NTPase	1321	2081	+	orf1_relative
GII	OP205569	GII.3	7467	p22	2082	2487	+	orf1_relative
GII	OP205569	GII.3	7467	VPg	2488	2893	+	orf1_relative
GII	OP205569	GII.3	7467	3CLpro	2894	3452	+	orf1_relative
GII	OP205569	GII.3	7467	RdRp	4295	5051	+	inferred_from_region_blast
GII	OP205570	GII.3	7473	VP1	5063	6709	+	genbank
GII	OP205570	GII.3	7473	VP2	6709	7473	+	genbank
GII	OP205570	GII.3	7473	ORF1	1	5082	+	genbank
GII	OP205570	GII.3	7473	p48	1	1321	+	orf1_relative
GII	OP205570	GII.3	7473	NTPase	1322	2084	+	orf1_relative
GII	OP205570	GII.3	7473	p22	2085	2490	+	orf1_relative
GII	OP205570	GII.3	7473	VPg	2491	2897	+	orf1_relative
GII	OP205570	GII.3	7473	3CLpro	2898	3456	+	orf1_relative
GII	OP205570	GII.3	7473	RdRp	4301	5057	+	inferred_from_region_blast
GII	OP205572	GII.3	7487	VP1	5080	6726	+	genbank
GII	OP205572	GII.3	7487	VP2	6726	7487	+	genbank
GII	OP205572	GII.3	7487	ORF1	1	5099	+	genbank
GII	OP205572	GII.3	7487	p48	1	1326	+	orf1_relative
GII	OP205572	GII.3	7487	NTPase	1327	2091	+	orf1_relative
GII	OP205572	GII.3	7487	p22	2092	2499	+	orf1_relative
GII	OP205572	GII.3	7487	VPg	2500	2906	+	orf1_relative
GII	OP205572	GII.3	7487	3CLpro	2907	3467	+	orf1_relative
GII	OP205572	GII.3	7487	RdRp	4318	5074	+	inferred_from_region_blast
GII	OP205576	GII.3	7466	VP1	5062	6708	+	genbank
GII	OP205576	GII.3	7466	VP2	6708	7466	+	genbank
GII	OP205576	GII.3	7466	ORF1	1	5081	+	genbank
GII	OP205576	GII.3	7466	p48	1	1321	+	orf1_relative
GII	OP205576	GII.3	7466	NTPase	1322	2083	+	orf1_relative
GII	OP205576	GII.3	7466	p22	2084	2490	+	orf1_relative
GII	OP205576	GII.3	7466	VPg	2491	2896	+	orf1_relative
GII	OP205576	GII.3	7466	3CLpro	2897	3455	+	orf1_relative
GII	OP205576	GII.3	7466	RdRp	4300	5056	+	inferred_from_region_blast
GII	OP205577	GII.3	7495	VP1	5085	6731	+	genbank
GII	OP205577	GII.3	7495	VP2	6731	7495	+	genbank
GII	OP205577	GII.3	7495	ORF1	5	5104	+	genbank
GII	OP205577	GII.3	7495	p48	5	1330	+	orf1_relative
GII	OP205577	GII.3	7495	NTPase	1331	2095	+	orf1_relative
GII	OP205577	GII.3	7495	p22	2096	2503	+	orf1_relative
GII	OP205577	GII.3	7495	VPg	2504	2911	+	orf1_relative
GII	OP205577	GII.3	7495	3CLpro	2912	3472	+	orf1_relative
GII	OP205577	GII.3	7495	RdRp	4323	5079	+	inferred_from_region_blast
GII	OP205578	GII.3	7491	VP1	5081	6727	+	genbank
GII	OP205578	GII.3	7491	VP2	6727	7491	+	genbank
GII	OP205578	GII.3	7491	ORF1	1	5100	+	genbank
GII	OP205578	GII.3	7491	p48	1	1326	+	orf1_relative
GII	OP205578	GII.3	7491	NTPase	1327	2091	+	orf1_relative
GII	OP205578	GII.3	7491	p22	2092	2499	+	orf1_relative
GII	OP205578	GII.3	7491	VPg	2500	2907	+	orf1_relative
GII	OP205578	GII.3	7491	3CLpro	2908	3468	+	orf1_relative
GII	OP205578	GII.3	7491	RdRp	4319	5075	+	inferred_from_region_blast
GII	OP205581	GII.3	7410	VP1	5018	6646	+	genbank
GII	OP205581	GII.3	7410	VP2	6646	7410	+	genbank
GII	OP205581	GII.3	7410	ORF1	1	4988	+	genbank
GII	OP205581	GII.3	7410	p48	1	1297	+	orf1_relative
GII	OP205581	GII.3	7410	NTPase	1298	2045	+	orf1_relative
GII	OP205581	GII.3	7410	p22	2046	2444	+	orf1_relative
GII	OP205581	GII.3	7410	VPg	2445	2843	+	orf1_relative
GII	OP205581	GII.3	7410	3CLpro	2844	3392	+	orf1_relative
GII	OP205581	GII.3	7410	RdRp	4238	4988	+	inferred_from_region_blast
GII	OP205583	GII.3	7445	VP1	5035	6681	+	genbank
GII	OP205583	GII.3	7445	VP2	6681	7445	+	genbank
GII	OP205583	GII.3	7445	ORF1	1	5054	+	genbank
GII	OP205583	GII.3	7445	p48	1	1314	+	orf1_relative
GII	OP205583	GII.3	7445	NTPase	1315	2072	+	orf1_relative
GII	OP205583	GII.3	7445	p22	2073	2476	+	orf1_relative
GII	OP205583	GII.3	7445	VPg	2477	2881	+	orf1_relative
GII	OP205583	GII.3	7445	3CLpro	2882	3437	+	orf1_relative
GII	OP205583	GII.3	7445	RdRp	4273	5029	+	inferred_from_region_blast
GII	OP205585	GII.3	7490	VP1	5080	6726	+	genbank
GII	OP205585	GII.3	7490	VP2	6726	7490	+	genbank
GII	OP205585	GII.3	7490	ORF1	1	5099	+	genbank
GII	OP205585	GII.3	7490	p48	1	1326	+	orf1_relative
GII	OP205585	GII.3	7490	NTPase	1327	2091	+	orf1_relative
GII	OP205585	GII.3	7490	p22	2092	2499	+	orf1_relative
GII	OP205585	GII.3	7490	VPg	2500	2906	+	orf1_relative
GII	OP205585	GII.3	7490	3CLpro	2907	3467	+	orf1_relative
GII	OP205585	GII.3	7490	RdRp	4318	5074	+	inferred_from_region_blast
GII	OP690505	GII.3	7573	VP1	5121	6767	+	genbank
GII	OP690505	GII.3	7573	VP2	6767	7531	+	genbank
GII	OP690505	GII.3	7573	ORF1	5	5140	+	genbank
GII	OP690505	GII.3	7573	p48	5	1339	+	orf1_relative
GII	OP690505	GII.3	7573	NTPase	1340	2110	+	orf1_relative
GII	OP690505	GII.3	7573	p22	2111	2521	+	orf1_relative
GII	OP690505	GII.3	7573	VPg	2522	2932	+	orf1_relative
GII	OP690505	GII.3	7573	3CLpro	2933	3496	+	orf1_relative
GII	OP690505	GII.3	7573	RdRp	4359	5115	+	inferred_from_region_blast
GII	OP712197	GII.3	7586	VP1	5085	6731	+	genbank
GII	OP712197	GII.3	7586	VP2	6731	7495	+	genbank
GII	OP712197	GII.3	7586	ORF1	5	5104	+	genbank
GII	OP712197	GII.3	7586	p48	5	1330	+	orf1_relative
GII	OP712197	GII.3	7586	NTPase	1331	2095	+	orf1_relative
GII	OP712197	GII.3	7586	p22	2096	2503	+	orf1_relative
GII	OP712197	GII.3	7586	VPg	2504	2911	+	orf1_relative
GII	OP712197	GII.3	7586	3CLpro	2912	3472	+	orf1_relative
GII	OP712197	GII.3	7586	RdRp	4323	5079	+	inferred_from_region_blast
GII	OP901693	GII.3	7586	VP1	5085	6731	+	genbank
GII	OP901693	GII.3	7586	VP2	6731	7495	+	genbank
GII	OP901693	GII.3	7586	ORF1	5	5104	+	genbank
GII	OP901693	GII.3	7586	p48	5	1330	+	orf1_relative
GII	OP901693	GII.3	7586	NTPase	1331	2095	+	orf1_relative
GII	OP901693	GII.3	7586	p22	2096	2503	+	orf1_relative
GII	OP901693	GII.3	7586	VPg	2504	2911	+	orf1_relative
GII	OP901693	GII.3	7586	3CLpro	2912	3472	+	orf1_relative
GII	OP901693	GII.3	7586	RdRp	4323	5079	+	inferred_from_region_blast
GII	OR536466	GII.3	7547	VP1	5085	6731	+	genbank
GII	OR536466	GII.3	7547	VP2	6731	7495	+	genbank
GII	OR536466	GII.3	7547	ORF1	5	5104	+	genbank
GII	OR536466	GII.3	7547	p48	5	1330	+	orf1_relative
GII	OR536466	GII.3	7547	NTPase	1331	2095	+	orf1_relative
GII	OR536466	GII.3	7547	p22	2096	2503	+	orf1_relative
GII	OR536466	GII.3	7547	VPg	2504	2911	+	orf1_relative
GII	OR536466	GII.3	7547	3CLpro	2912	3472	+	orf1_relative
GII	OR536466	GII.3	7547	RdRp	4323	5079	+	inferred_from_region_blast
GII	OR536467	GII.3	7542	VP1	5085	6731	+	genbank
GII	OR536467	GII.3	7542	VP2	6731	7495	+	genbank
GII	OR536467	GII.3	7542	ORF1	5	5104	+	genbank
GII	OR536467	GII.3	7542	p48	5	1330	+	orf1_relative
GII	OR536467	GII.3	7542	NTPase	1331	2095	+	orf1_relative
GII	OR536467	GII.3	7542	p22	2096	2503	+	orf1_relative
GII	OR536467	GII.3	7542	VPg	2504	2911	+	orf1_relative
GII	OR536467	GII.3	7542	3CLpro	2912	3472	+	orf1_relative
GII	OR536467	GII.3	7542	RdRp	4323	5079	+	inferred_from_region_blast
GII	OR536468	GII.3	7537	VP1	5085	6731	+	genbank
GII	OR536468	GII.3	7537	VP2	6731	7495	+	genbank
GII	OR536468	GII.3	7537	ORF1	5	5104	+	genbank
GII	OR536468	GII.3	7537	p48	5	1330	+	orf1_relative
GII	OR536468	GII.3	7537	NTPase	1331	2095	+	orf1_relative
GII	OR536468	GII.3	7537	p22	2096	2503	+	orf1_relative
GII	OR536468	GII.3	7537	VPg	2504	2911	+	orf1_relative
GII	OR536468	GII.3	7537	3CLpro	2912	3472	+	orf1_relative
GII	OR536468	GII.3	7537	RdRp	4323	5079	+	inferred_from_region_blast
GII	OR536469	GII.3	7547	VP1	5085	6731	+	genbank
GII	OR536469	GII.3	7547	VP2	6731	7495	+	genbank
GII	OR536469	GII.3	7547	ORF1	5	5104	+	genbank
GII	OR536469	GII.3	7547	p48	5	1330	+	orf1_relative
GII	OR536469	GII.3	7547	NTPase	1331	2095	+	orf1_relative
GII	OR536469	GII.3	7547	p22	2096	2503	+	orf1_relative
GII	OR536469	GII.3	7547	VPg	2504	2911	+	orf1_relative
GII	OR536469	GII.3	7547	3CLpro	2912	3472	+	orf1_relative
GII	OR536469	GII.3	7547	RdRp	4323	5079	+	inferred_from_region_blast
GII	OR536470	GII.3	7547	VP1	5085	6731	+	genbank
GII	OR536470	GII.3	7547	VP2	6731	7495	+	genbank
GII	OR536470	GII.3	7547	ORF1	5	5104	+	genbank
GII	OR536470	GII.3	7547	p48	5	1330	+	orf1_relative
GII	OR536470	GII.3	7547	NTPase	1331	2095	+	orf1_relative
GII	OR536470	GII.3	7547	p22	2096	2503	+	orf1_relative
GII	OR536470	GII.3	7547	VPg	2504	2911	+	orf1_relative
GII	OR536470	GII.3	7547	3CLpro	2912	3472	+	orf1_relative
GII	OR536470	GII.3	7547	RdRp	4323	5079	+	inferred_from_region_blast
GII	OR536471	GII.3	7528	VP1	5085	6731	+	genbank
GII	OR536471	GII.3	7528	VP2	6731	7495	+	genbank
GII	OR536471	GII.3	7528	ORF1	5	5104	+	genbank
GII	OR536471	GII.3	7528	p48	5	1330	+	orf1_relative
GII	OR536471	GII.3	7528	NTPase	1331	2095	+	orf1_relative
GII	OR536471	GII.3	7528	p22	2096	2503	+	orf1_relative
GII	OR536471	GII.3	7528	VPg	2504	2911	+	orf1_relative
GII	OR536471	GII.3	7528	3CLpro	2912	3472	+	orf1_relative
GII	OR536471	GII.3	7528	RdRp	4323	5079	+	inferred_from_region_blast
GII	OR536472	GII.3	7547	VP1	5085	6731	+	genbank
GII	OR536472	GII.3	7547	VP2	6731	7495	+	genbank
GII	OR536472	GII.3	7547	ORF1	5	5104	+	genbank
GII	OR536472	GII.3	7547	p48	5	1330	+	orf1_relative
GII	OR536472	GII.3	7547	NTPase	1331	2095	+	orf1_relative
GII	OR536472	GII.3	7547	p22	2096	2503	+	orf1_relative
GII	OR536472	GII.3	7547	VPg	2504	2911	+	orf1_relative
GII	OR536472	GII.3	7547	3CLpro	2912	3472	+	orf1_relative
GII	OR536472	GII.3	7547	RdRp	4323	5079	+	inferred_from_region_blast
GII	OR536473	GII.3	7547	VP1	5085	6731	+	genbank
GII	OR536473	GII.3	7547	VP2	6731	7495	+	genbank
GII	OR536473	GII.3	7547	ORF1	5	5104	+	genbank
GII	OR536473	GII.3	7547	p48	5	1330	+	orf1_relative
GII	OR536473	GII.3	7547	NTPase	1331	2095	+	orf1_relative
GII	OR536473	GII.3	7547	p22	2096	2503	+	orf1_relative
GII	OR536473	GII.3	7547	VPg	2504	2911	+	orf1_relative
GII	OR536473	GII.3	7547	3CLpro	2912	3472	+	orf1_relative
GII	OR536473	GII.3	7547	RdRp	4323	5079	+	inferred_from_region_blast
GII	OR536474	GII.3	7505	VP1	5085	6731	+	genbank
GII	OR536474	GII.3	7505	VP2	6731	7495	+	genbank
GII	OR536474	GII.3	7505	ORF1	5	5104	+	genbank
GII	OR536474	GII.3	7505	p48	5	1330	+	orf1_relative
GII	OR536474	GII.3	7505	NTPase	1331	2095	+	orf1_relative
GII	OR536474	GII.3	7505	p22	2096	2503	+	orf1_relative
GII	OR536474	GII.3	7505	VPg	2504	2911	+	orf1_relative
GII	OR536474	GII.3	7505	3CLpro	2912	3472	+	orf1_relative
GII	OR536474	GII.3	7505	RdRp	4323	5079	+	inferred_from_region_blast
GII	OR536475	GII.3	7543	VP1	5085	6731	+	genbank
GII	OR536475	GII.3	7543	VP2	6731	7495	+	genbank
GII	OR536475	GII.3	7543	ORF1	5	5104	+	genbank
GII	OR536475	GII.3	7543	p48	5	1330	+	orf1_relative
GII	OR536475	GII.3	7543	NTPase	1331	2095	+	orf1_relative
GII	OR536475	GII.3	7543	p22	2096	2503	+	orf1_relative
GII	OR536475	GII.3	7543	VPg	2504	2911	+	orf1_relative
GII	OR536475	GII.3	7543	3CLpro	2912	3472	+	orf1_relative
GII	OR536475	GII.3	7543	RdRp	4323	5079	+	inferred_from_region_blast
GII	OR536476	GII.3	7547	VP1	5085	6731	+	genbank
GII	OR536476	GII.3	7547	VP2	6731	7495	+	genbank
GII	OR536476	GII.3	7547	ORF1	5	5104	+	genbank
GII	OR536476	GII.3	7547	p48	5	1330	+	orf1_relative
GII	OR536476	GII.3	7547	NTPase	1331	2095	+	orf1_relative
GII	OR536476	GII.3	7547	p22	2096	2503	+	orf1_relative
GII	OR536476	GII.3	7547	VPg	2504	2911	+	orf1_relative
GII	OR536476	GII.3	7547	3CLpro	2912	3472	+	orf1_relative
GII	OR536476	GII.3	7547	RdRp	4323	5079	+	inferred_from_region_blast
GII	OR536477	GII.3	7547	VP1	5085	6731	+	genbank
GII	OR536477	GII.3	7547	VP2	6731	7495	+	genbank
GII	OR536477	GII.3	7547	ORF1	5	5104	+	genbank
GII	OR536477	GII.3	7547	p48	5	1330	+	orf1_relative
GII	OR536477	GII.3	7547	NTPase	1331	2095	+	orf1_relative
GII	OR536477	GII.3	7547	p22	2096	2503	+	orf1_relative
GII	OR536477	GII.3	7547	VPg	2504	2911	+	orf1_relative
GII	OR536477	GII.3	7547	3CLpro	2912	3472	+	orf1_relative
GII	OR536477	GII.3	7547	RdRp	4323	5079	+	inferred_from_region_blast
GII	OR536478	GII.3	7547	VP1	5085	6731	+	genbank
GII	OR536478	GII.3	7547	VP2	6731	7495	+	genbank
GII	OR536478	GII.3	7547	ORF1	5	5104	+	genbank
GII	OR536478	GII.3	7547	p48	5	1330	+	orf1_relative
GII	OR536478	GII.3	7547	NTPase	1331	2095	+	orf1_relative
GII	OR536478	GII.3	7547	p22	2096	2503	+	orf1_relative
GII	OR536478	GII.3	7547	VPg	2504	2911	+	orf1_relative
GII	OR536478	GII.3	7547	3CLpro	2912	3472	+	orf1_relative
GII	OR536478	GII.3	7547	RdRp	4323	5079	+	inferred_from_region_blast
GII	OR536479	GII.3	7547	VP1	5085	6731	+	genbank
GII	OR536479	GII.3	7547	VP2	6731	7495	+	genbank
GII	OR536479	GII.3	7547	ORF1	5	5104	+	genbank
GII	OR536479	GII.3	7547	p48	5	1330	+	orf1_relative
GII	OR536479	GII.3	7547	NTPase	1331	2095	+	orf1_relative
GII	OR536479	GII.3	7547	p22	2096	2503	+	orf1_relative
GII	OR536479	GII.3	7547	VPg	2504	2911	+	orf1_relative
GII	OR536479	GII.3	7547	3CLpro	2912	3472	+	orf1_relative
GII	OR536479	GII.3	7547	RdRp	4323	5079	+	inferred_from_region_blast
GII	OR536480	GII.3	7547	VP1	5085	6731	+	genbank
GII	OR536480	GII.3	7547	VP2	6731	7495	+	genbank
GII	OR536480	GII.3	7547	ORF1	5	5104	+	genbank
GII	OR536480	GII.3	7547	p48	5	1330	+	orf1_relative
GII	OR536480	GII.3	7547	NTPase	1331	2095	+	orf1_relative
GII	OR536480	GII.3	7547	p22	2096	2503	+	orf1_relative
GII	OR536480	GII.3	7547	VPg	2504	2911	+	orf1_relative
GII	OR536480	GII.3	7547	3CLpro	2912	3472	+	orf1_relative
GII	OR536480	GII.3	7547	RdRp	4323	5079	+	inferred_from_region_blast
GII	OR536481	GII.3	7547	VP1	5085	6731	+	genbank
GII	OR536481	GII.3	7547	VP2	6731	7495	+	genbank
GII	OR536481	GII.3	7547	ORF1	5	5104	+	genbank
GII	OR536481	GII.3	7547	p48	5	1330	+	orf1_relative
GII	OR536481	GII.3	7547	NTPase	1331	2095	+	orf1_relative
GII	OR536481	GII.3	7547	p22	2096	2503	+	orf1_relative
GII	OR536481	GII.3	7547	VPg	2504	2911	+	orf1_relative
GII	OR536481	GII.3	7547	3CLpro	2912	3472	+	orf1_relative
GII	OR536481	GII.3	7547	RdRp	4323	5079	+	inferred_from_region_blast
GII	OR536482	GII.3	7543	VP1	5085	6731	+	genbank
GII	OR536482	GII.3	7543	VP2	6731	7495	+	genbank
GII	OR536482	GII.3	7543	ORF1	5	5104	+	genbank
GII	OR536482	GII.3	7543	p48	5	1330	+	orf1_relative
GII	OR536482	GII.3	7543	NTPase	1331	2095	+	orf1_relative
GII	OR536482	GII.3	7543	p22	2096	2503	+	orf1_relative
GII	OR536482	GII.3	7543	VPg	2504	2911	+	orf1_relative
GII	OR536482	GII.3	7543	3CLpro	2912	3472	+	orf1_relative
GII	OR536482	GII.3	7543	RdRp	4323	5079	+	inferred_from_region_blast
GII	OR536483	GII.3	7547	VP1	5085	6731	+	genbank
GII	OR536483	GII.3	7547	VP2	6731	7495	+	genbank
GII	OR536483	GII.3	7547	ORF1	5	5104	+	genbank
GII	OR536483	GII.3	7547	p48	5	1330	+	orf1_relative
GII	OR536483	GII.3	7547	NTPase	1331	2095	+	orf1_relative
GII	OR536483	GII.3	7547	p22	2096	2503	+	orf1_relative
GII	OR536483	GII.3	7547	VPg	2504	2911	+	orf1_relative
GII	OR536483	GII.3	7547	3CLpro	2912	3472	+	orf1_relative
GII	OR536483	GII.3	7547	RdRp	4323	5079	+	inferred_from_region_blast
GII	OR536484	GII.3	7547	VP1	5085	6731	+	genbank
GII	OR536484	GII.3	7547	VP2	6731	7495	+	genbank
GII	OR536484	GII.3	7547	ORF1	5	5104	+	genbank
GII	OR536484	GII.3	7547	p48	5	1330	+	orf1_relative
GII	OR536484	GII.3	7547	NTPase	1331	2095	+	orf1_relative
GII	OR536484	GII.3	7547	p22	2096	2503	+	orf1_relative
GII	OR536484	GII.3	7547	VPg	2504	2911	+	orf1_relative
GII	OR536484	GII.3	7547	3CLpro	2912	3472	+	orf1_relative
GII	OR536484	GII.3	7547	RdRp	4323	5079	+	inferred_from_region_blast
GII	OR536485	GII.3	7547	VP1	5085	6731	+	genbank
GII	OR536485	GII.3	7547	VP2	6731	7495	+	genbank
GII	OR536485	GII.3	7547	ORF1	5	5104	+	genbank
GII	OR536485	GII.3	7547	p48	5	1330	+	orf1_relative
GII	OR536485	GII.3	7547	NTPase	1331	2095	+	orf1_relative
GII	OR536485	GII.3	7547	p22	2096	2503	+	orf1_relative
GII	OR536485	GII.3	7547	VPg	2504	2911	+	orf1_relative
GII	OR536485	GII.3	7547	3CLpro	2912	3472	+	orf1_relative
GII	OR536485	GII.3	7547	RdRp	4323	5079	+	inferred_from_region_blast
GII	OR536486	GII.3	7547	VP1	5085	6731	+	genbank
GII	OR536486	GII.3	7547	VP2	6731	7495	+	genbank
GII	OR536486	GII.3	7547	ORF1	5	5104	+	genbank
GII	OR536486	GII.3	7547	p48	5	1330	+	orf1_relative
GII	OR536486	GII.3	7547	NTPase	1331	2095	+	orf1_relative
GII	OR536486	GII.3	7547	p22	2096	2503	+	orf1_relative
GII	OR536486	GII.3	7547	VPg	2504	2911	+	orf1_relative
GII	OR536486	GII.3	7547	3CLpro	2912	3472	+	orf1_relative
GII	OR536486	GII.3	7547	RdRp	4323	5079	+	inferred_from_region_blast
GII	OR536487	GII.3	7547	VP1	5085	6731	+	genbank
GII	OR536487	GII.3	7547	VP2	6731	7495	+	genbank
GII	OR536487	GII.3	7547	ORF1	5	5104	+	genbank
GII	OR536487	GII.3	7547	p48	5	1330	+	orf1_relative
GII	OR536487	GII.3	7547	NTPase	1331	2095	+	orf1_relative
GII	OR536487	GII.3	7547	p22	2096	2503	+	orf1_relative
GII	OR536487	GII.3	7547	VPg	2504	2911	+	orf1_relative
GII	OR536487	GII.3	7547	3CLpro	2912	3472	+	orf1_relative
GII	OR536487	GII.3	7547	RdRp	4323	5079	+	inferred_from_region_blast
GII	OR536488	GII.3	7547	VP1	5085	6731	+	genbank
GII	OR536488	GII.3	7547	VP2	6731	7495	+	genbank
GII	OR536488	GII.3	7547	ORF1	5	5104	+	genbank
GII	OR536488	GII.3	7547	p48	5	1330	+	orf1_relative
GII	OR536488	GII.3	7547	NTPase	1331	2095	+	orf1_relative
GII	OR536488	GII.3	7547	p22	2096	2503	+	orf1_relative
GII	OR536488	GII.3	7547	VPg	2504	2911	+	orf1_relative
GII	OR536488	GII.3	7547	3CLpro	2912	3472	+	orf1_relative
GII	OR536488	GII.3	7547	RdRp	4323	5079	+	inferred_from_region_blast
GII	OR536489	GII.3	7547	VP1	5085	6731	+	genbank
GII	OR536489	GII.3	7547	VP2	6731	7495	+	genbank
GII	OR536489	GII.3	7547	ORF1	5	5104	+	genbank
GII	OR536489	GII.3	7547	p48	5	1330	+	orf1_relative
GII	OR536489	GII.3	7547	NTPase	1331	2095	+	orf1_relative
GII	OR536489	GII.3	7547	p22	2096	2503	+	orf1_relative
GII	OR536489	GII.3	7547	VPg	2504	2911	+	orf1_relative
GII	OR536489	GII.3	7547	3CLpro	2912	3472	+	orf1_relative
GII	OR536489	GII.3	7547	RdRp	4323	5079	+	inferred_from_region_blast
GII	OR536490	GII.3	7540	VP1	5085	6731	+	genbank
GII	OR536490	GII.3	7540	VP2	6731	7495	+	genbank
GII	OR536490	GII.3	7540	ORF1	5	5104	+	genbank
GII	OR536490	GII.3	7540	p48	5	1330	+	orf1_relative
GII	OR536490	GII.3	7540	NTPase	1331	2095	+	orf1_relative
GII	OR536490	GII.3	7540	p22	2096	2503	+	orf1_relative
GII	OR536490	GII.3	7540	VPg	2504	2911	+	orf1_relative
GII	OR536490	GII.3	7540	3CLpro	2912	3472	+	orf1_relative
GII	OR536490	GII.3	7540	RdRp	4323	5079	+	inferred_from_region_blast
GII	OR536491	GII.3	7547	VP1	5085	6731	+	genbank
GII	OR536491	GII.3	7547	VP2	6731	7495	+	genbank
GII	OR536491	GII.3	7547	ORF1	5	5104	+	genbank
GII	OR536491	GII.3	7547	p48	5	1330	+	orf1_relative
GII	OR536491	GII.3	7547	NTPase	1331	2095	+	orf1_relative
GII	OR536491	GII.3	7547	p22	2096	2503	+	orf1_relative
GII	OR536491	GII.3	7547	VPg	2504	2911	+	orf1_relative
GII	OR536491	GII.3	7547	3CLpro	2912	3472	+	orf1_relative
GII	OR536491	GII.3	7547	RdRp	4323	5079	+	inferred_from_region_blast
GII	OR536492	GII.3	7540	VP1	5085	6731	+	genbank
GII	OR536492	GII.3	7540	VP2	6731	7495	+	genbank
GII	OR536492	GII.3	7540	ORF1	5	5104	+	genbank
GII	OR536492	GII.3	7540	p48	5	1330	+	orf1_relative
GII	OR536492	GII.3	7540	NTPase	1331	2095	+	orf1_relative
GII	OR536492	GII.3	7540	p22	2096	2503	+	orf1_relative
GII	OR536492	GII.3	7540	VPg	2504	2911	+	orf1_relative
GII	OR536492	GII.3	7540	3CLpro	2912	3472	+	orf1_relative
GII	OR536492	GII.3	7540	RdRp	4323	5079	+	inferred_from_region_blast
GII	OR536494	GII.3	7463	VP1	5063	6709	+	genbank
GII	OR536494	GII.3	7463	VP2	6709	7463	+	genbank
GII	OR536494	GII.3	7463	ORF1	1	5082	+	genbank
GII	OR536494	GII.3	7463	p48	1	1321	+	orf1_relative
GII	OR536494	GII.3	7463	NTPase	1322	2084	+	orf1_relative
GII	OR536494	GII.3	7463	p22	2085	2490	+	orf1_relative
GII	OR536494	GII.3	7463	VPg	2491	2897	+	orf1_relative
GII	OR536494	GII.3	7463	3CLpro	2898	3456	+	orf1_relative
GII	OR536494	GII.3	7463	RdRp	4301	5057	+	inferred_from_region_blast
GII	OR536495	GII.3	7507	VP1	5085	6731	+	genbank
GII	OR536495	GII.3	7507	VP2	6731	7495	+	genbank
GII	OR536495	GII.3	7507	ORF1	5	5104	+	genbank
GII	OR536495	GII.3	7507	p48	5	1330	+	orf1_relative
GII	OR536495	GII.3	7507	NTPase	1331	2095	+	orf1_relative
GII	OR536495	GII.3	7507	p22	2096	2503	+	orf1_relative
GII	OR536495	GII.3	7507	VPg	2504	2911	+	orf1_relative
GII	OR536495	GII.3	7507	3CLpro	2912	3472	+	orf1_relative
GII	OR536495	GII.3	7507	RdRp	4323	5079	+	inferred_from_region_blast
GII	OR536496	GII.3	7507	VP1	5085	6731	+	genbank
GII	OR536496	GII.3	7507	VP2	6731	7495	+	genbank
GII	OR536496	GII.3	7507	ORF1	5	5104	+	genbank
GII	OR536496	GII.3	7507	p48	5	1330	+	orf1_relative
GII	OR536496	GII.3	7507	NTPase	1331	2095	+	orf1_relative
GII	OR536496	GII.3	7507	p22	2096	2503	+	orf1_relative
GII	OR536496	GII.3	7507	VPg	2504	2911	+	orf1_relative
GII	OR536496	GII.3	7507	3CLpro	2912	3472	+	orf1_relative
GII	OR536496	GII.3	7507	RdRp	4323	5079	+	inferred_from_region_blast
GII	OR536497	GII.3	7507	VP1	5085	6731	+	genbank
GII	OR536497	GII.3	7507	VP2	6731	7495	+	genbank
GII	OR536497	GII.3	7507	ORF1	5	5104	+	genbank
GII	OR536497	GII.3	7507	p48	5	1330	+	orf1_relative
GII	OR536497	GII.3	7507	NTPase	1331	2095	+	orf1_relative
GII	OR536497	GII.3	7507	p22	2096	2503	+	orf1_relative
GII	OR536497	GII.3	7507	VPg	2504	2911	+	orf1_relative
GII	OR536497	GII.3	7507	3CLpro	2912	3472	+	orf1_relative
GII	OR536497	GII.3	7507	RdRp	4323	5079	+	inferred_from_region_blast
GII	OR536498	GII.3	7507	VP1	5085	6731	+	genbank
GII	OR536498	GII.3	7507	VP2	6731	7495	+	genbank
GII	OR536498	GII.3	7507	ORF1	5	5104	+	genbank
GII	OR536498	GII.3	7507	p48	5	1330	+	orf1_relative
GII	OR536498	GII.3	7507	NTPase	1331	2095	+	orf1_relative
GII	OR536498	GII.3	7507	p22	2096	2503	+	orf1_relative
GII	OR536498	GII.3	7507	VPg	2504	2911	+	orf1_relative
GII	OR536498	GII.3	7507	3CLpro	2912	3472	+	orf1_relative
GII	OR536498	GII.3	7507	RdRp	4323	5079	+	inferred_from_region_blast
GII	OR536499	GII.3	7507	VP1	5085	6731	+	genbank
GII	OR536499	GII.3	7507	VP2	6731	7495	+	genbank
GII	OR536499	GII.3	7507	ORF1	5	5104	+	genbank
GII	OR536499	GII.3	7507	p48	5	1330	+	orf1_relative
GII	OR536499	GII.3	7507	NTPase	1331	2095	+	orf1_relative
GII	OR536499	GII.3	7507	p22	2096	2503	+	orf1_relative
GII	OR536499	GII.3	7507	VPg	2504	2911	+	orf1_relative
GII	OR536499	GII.3	7507	3CLpro	2912	3472	+	orf1_relative
GII	OR536499	GII.3	7507	RdRp	4323	5079	+	inferred_from_region_blast
GII	PP587394	GII.3	7464	VP1	5007	6653	+	genbank
GII	PP587394	GII.3	7464	VP2	6653	7417	+	genbank
GII	PP587394	GII.3	7464	ORF1	1	5026	+	genbank
GII	PP587394	GII.3	7464	p48	1	1307	+	orf1_relative
GII	PP587394	GII.3	7464	NTPase	1308	2061	+	orf1_relative
GII	PP587394	GII.3	7464	p22	2062	2463	+	orf1_relative
GII	PP587394	GII.3	7464	VPg	2464	2865	+	orf1_relative
GII	PP587394	GII.3	7464	3CLpro	2866	3418	+	orf1_relative
GII	PP587394	GII.3	7464	RdRp	4245	5001	+	inferred_from_region_blast
GII	PP645200	GII.3	7525	VP1	5085	6731	+	genbank
GII	PP645200	GII.3	7525	VP2	6731	7495	+	genbank
GII	PP645200	GII.3	7525	ORF1	5	5104	+	genbank
GII	PP645200	GII.3	7525	p48	5	1330	+	orf1_relative
GII	PP645200	GII.3	7525	NTPase	1331	2095	+	orf1_relative
GII	PP645200	GII.3	7525	p22	2096	2503	+	orf1_relative
GII	PP645200	GII.3	7525	VPg	2504	2911	+	orf1_relative
GII	PP645200	GII.3	7525	3CLpro	2912	3472	+	orf1_relative
GII	PP645200	GII.3	7525	RdRp	4323	5079	+	inferred_from_region_blast
GII	PP658554	GII.3	7472	VP1	5081	6727	+	genbank
GII	PP658554	GII.3	7472	VP2	6727	7472	+	genbank
GII	PP658554	GII.3	7472	ORF1	1	5100	+	genbank
GII	PP658554	GII.3	7472	p48	1	1326	+	orf1_relative
GII	PP658554	GII.3	7472	NTPase	1327	2091	+	orf1_relative
GII	PP658554	GII.3	7472	p22	2092	2499	+	orf1_relative
GII	PP658554	GII.3	7472	VPg	2500	2907	+	orf1_relative
GII	PP658554	GII.3	7472	3CLpro	2908	3468	+	orf1_relative
GII	PP658554	GII.3	7472	RdRp	4319	5075	+	inferred_from_region_blast
GII	PP658555	GII.3	7521	VP1	5081	6727	+	genbank
GII	PP658555	GII.3	7521	VP2	6727	7491	+	genbank
GII	PP658555	GII.3	7521	ORF1	1	5100	+	genbank
GII	PP658555	GII.3	7521	p48	1	1326	+	orf1_relative
GII	PP658555	GII.3	7521	NTPase	1327	2091	+	orf1_relative
GII	PP658555	GII.3	7521	p22	2092	2499	+	orf1_relative
GII	PP658555	GII.3	7521	VPg	2500	2907	+	orf1_relative
GII	PP658555	GII.3	7521	3CLpro	2908	3468	+	orf1_relative
GII	PP658555	GII.3	7521	RdRp	4319	5075	+	inferred_from_region_blast
GII	PP658556	GII.3	7455	VP1	5045	6691	+	genbank
GII	PP658556	GII.3	7455	VP2	6691	7455	+	genbank
GII	PP658556	GII.3	7455	ORF1	1	5064	+	genbank
GII	PP658556	GII.3	7455	p48	1	1317	+	orf1_relative
GII	PP658556	GII.3	7455	NTPase	1318	2076	+	orf1_relative
GII	PP658556	GII.3	7455	p22	2077	2481	+	orf1_relative
GII	PP658556	GII.3	7455	VPg	2482	2886	+	orf1_relative
GII	PP658556	GII.3	7455	3CLpro	2887	3444	+	orf1_relative
GII	PP658556	GII.3	7455	RdRp	4283	5039	+	inferred_from_region_blast
GII	PQ442936	GII.3	7503	VP1	5085	6731	+	genbank
GII	PQ442936	GII.3	7503	VP2	6731	7495	+	genbank
GII	PQ442936	GII.3	7503	ORF1	5	5104	+	genbank
GII	PQ442936	GII.3	7503	p48	5	1330	+	orf1_relative
GII	PQ442936	GII.3	7503	NTPase	1331	2095	+	orf1_relative
GII	PQ442936	GII.3	7503	p22	2096	2503	+	orf1_relative
GII	PQ442936	GII.3	7503	VPg	2504	2911	+	orf1_relative
GII	PQ442936	GII.3	7503	3CLpro	2912	3472	+	orf1_relative
GII	PQ442936	GII.3	7503	RdRp	4323	5079	+	inferred_from_region_blast
GII	PQ442937	GII.3	7503	VP1	5085	6731	+	genbank
GII	PQ442937	GII.3	7503	VP2	6731	7495	+	genbank
GII	PQ442937	GII.3	7503	ORF1	5	5104	+	genbank
GII	PQ442937	GII.3	7503	p48	5	1330	+	orf1_relative
GII	PQ442937	GII.3	7503	NTPase	1331	2095	+	orf1_relative
GII	PQ442937	GII.3	7503	p22	2096	2503	+	orf1_relative
GII	PQ442937	GII.3	7503	VPg	2504	2911	+	orf1_relative
GII	PQ442937	GII.3	7503	3CLpro	2912	3472	+	orf1_relative
GII	PQ442937	GII.3	7503	RdRp	4323	5079	+	inferred_from_region_blast
GII	AB972469	GII.4	7509	VP1	5081	6703	+	genbank
GII	AB972469	GII.4	7509	VP2	6703	7509	+	genbank
GII	AB972469	GII.4	7509	ORF1	1	5100	+	genbank
GII	AB972469	GII.4	7509	p48	1	1326	+	orf1_relative
GII	AB972469	GII.4	7509	NTPase	1327	2091	+	orf1_relative
GII	AB972469	GII.4	7509	p22	2092	2499	+	orf1_relative
GII	AB972469	GII.4	7509	VPg	2500	2907	+	orf1_relative
GII	AB972469	GII.4	7509	3CLpro	2908	3468	+	orf1_relative
GII	AB972469	GII.4	7509	RdRp	4319	5075	+	inferred_from_region_blast
GII	AB972470	GII.4	7509	VP1	5081	6703	+	genbank
GII	AB972470	GII.4	7509	VP2	6703	7509	+	genbank
GII	AB972470	GII.4	7509	ORF1	1	5100	+	genbank
GII	AB972470	GII.4	7509	p48	1	1326	+	orf1_relative
GII	AB972470	GII.4	7509	NTPase	1327	2091	+	orf1_relative
GII	AB972470	GII.4	7509	p22	2092	2499	+	orf1_relative
GII	AB972470	GII.4	7509	VPg	2500	2907	+	orf1_relative
GII	AB972470	GII.4	7509	3CLpro	2908	3468	+	orf1_relative
GII	AB972470	GII.4	7509	RdRp	4319	5075	+	inferred_from_region_blast
GII	AB972491	GII.4	7509	VP1	5081	6703	+	genbank
GII	AB972491	GII.4	7509	VP2	6703	7509	+	genbank
GII	AB972491	GII.4	7509	ORF1	1	5100	+	genbank
GII	AB972491	GII.4	7509	p48	1	1326	+	orf1_relative
GII	AB972491	GII.4	7509	NTPase	1327	2091	+	orf1_relative
GII	AB972491	GII.4	7509	p22	2092	2499	+	orf1_relative
GII	AB972491	GII.4	7509	VPg	2500	2907	+	orf1_relative
GII	AB972491	GII.4	7509	3CLpro	2908	3468	+	orf1_relative
GII	AB972491	GII.4	7509	RdRp	4319	5075	+	inferred_from_region_blast
GII	AB972495	GII.4	7509	VP1	5081	6703	+	genbank
GII	AB972495	GII.4	7509	VP2	6703	7509	+	genbank
GII	AB972495	GII.4	7509	ORF1	1	5100	+	genbank
GII	AB972495	GII.4	7509	p48	1	1326	+	orf1_relative
GII	AB972495	GII.4	7509	NTPase	1327	2091	+	orf1_relative
GII	AB972495	GII.4	7509	p22	2092	2499	+	orf1_relative
GII	AB972495	GII.4	7509	VPg	2500	2907	+	orf1_relative
GII	AB972495	GII.4	7509	3CLpro	2908	3468	+	orf1_relative
GII	AB972495	GII.4	7509	RdRp	4319	5075	+	inferred_from_region_blast
GII	AB972497	GII.4	7509	VP1	5081	6703	+	genbank
GII	AB972497	GII.4	7509	VP2	6703	7509	+	genbank
GII	AB972497	GII.4	7509	ORF1	1	5100	+	genbank
GII	AB972497	GII.4	7509	p48	1	1326	+	orf1_relative
GII	AB972497	GII.4	7509	NTPase	1327	2091	+	orf1_relative
GII	AB972497	GII.4	7509	p22	2092	2499	+	orf1_relative
GII	AB972497	GII.4	7509	VPg	2500	2907	+	orf1_relative
GII	AB972497	GII.4	7509	3CLpro	2908	3468	+	orf1_relative
GII	AB972497	GII.4	7509	RdRp	4319	5075	+	inferred_from_region_blast
GII	AB972502	GII.4	7509	VP1	5081	6703	+	genbank
GII	AB972502	GII.4	7509	VP2	6703	7509	+	genbank
GII	AB972502	GII.4	7509	ORF1	1	5100	+	genbank
GII	AB972502	GII.4	7509	p48	1	1326	+	orf1_relative
GII	AB972502	GII.4	7509	NTPase	1327	2091	+	orf1_relative
GII	AB972502	GII.4	7509	p22	2092	2499	+	orf1_relative
GII	AB972502	GII.4	7509	VPg	2500	2907	+	orf1_relative
GII	AB972502	GII.4	7509	3CLpro	2908	3468	+	orf1_relative
GII	AB972502	GII.4	7509	RdRp	4319	5075	+	inferred_from_region_blast
GII	AB972503	GII.4	7509	VP1	5081	6703	+	genbank
GII	AB972503	GII.4	7509	VP2	6703	7509	+	genbank
GII	AB972503	GII.4	7509	ORF1	1	5100	+	genbank
GII	AB972503	GII.4	7509	p48	1	1326	+	orf1_relative
GII	AB972503	GII.4	7509	NTPase	1327	2091	+	orf1_relative
GII	AB972503	GII.4	7509	p22	2092	2499	+	orf1_relative
GII	AB972503	GII.4	7509	VPg	2500	2907	+	orf1_relative
GII	AB972503	GII.4	7509	3CLpro	2908	3468	+	orf1_relative
GII	AB972503	GII.4	7509	RdRp	4319	5075	+	inferred_from_region_blast
GII	AB972504	GII.4	7509	VP1	5081	6703	+	genbank
GII	AB972504	GII.4	7509	VP2	6703	7509	+	genbank
GII	AB972504	GII.4	7509	ORF1	1	5100	+	genbank
GII	AB972504	GII.4	7509	p48	1	1326	+	orf1_relative
GII	AB972504	GII.4	7509	NTPase	1327	2091	+	orf1_relative
GII	AB972504	GII.4	7509	p22	2092	2499	+	orf1_relative
GII	AB972504	GII.4	7509	VPg	2500	2907	+	orf1_relative
GII	AB972504	GII.4	7509	3CLpro	2908	3468	+	orf1_relative
GII	AB972504	GII.4	7509	RdRp	4319	5075	+	inferred_from_region_blast
GII	KJ955492	GII.4	7564	VP1	5085	6707	+	genbank
GII	KJ955492	GII.4	7564	VP2	6707	7513	+	genbank
GII	KJ955492	GII.4	7564	ORF1	5	5104	+	genbank
GII	KJ955492	GII.4	7564	p48	5	1330	+	orf1_relative
GII	KJ955492	GII.4	7564	NTPase	1331	2095	+	orf1_relative
GII	KJ955492	GII.4	7564	p22	2096	2503	+	orf1_relative
GII	KJ955492	GII.4	7564	VPg	2504	2911	+	orf1_relative
GII	KJ955492	GII.4	7564	3CLpro	2912	3472	+	orf1_relative
GII	KJ955492	GII.4	7564	5'UTR	1	4	+	genbank
GII	KJ955492	GII.4	7564	3'UTR	7514	7564	+	genbank
GII	KJ955492	GII.4	7564	RdRp	4323	5079	+	inferred_from_region_blast
GII	KT202797	GII.4	7513	VP1	5085	6707	+	genbank
GII	KT202797	GII.4	7513	VP2	6707	7513	+	genbank
GII	KT202797	GII.4	7513	ORF1	5	5104	+	genbank
GII	KT202797	GII.4	7513	p48	5	1330	+	orf1_relative
GII	KT202797	GII.4	7513	NTPase	1331	2095	+	orf1_relative
GII	KT202797	GII.4	7513	p22	2096	2503	+	orf1_relative
GII	KT202797	GII.4	7513	VPg	2504	2911	+	orf1_relative
GII	KT202797	GII.4	7513	3CLpro	2912	3472	+	orf1_relative
GII	KT202797	GII.4	7513	RdRp	4323	5079	+	inferred_from_region_blast
GII	KX586330	GII.4	7509	VP1	5081	6703	+	genbank
GII	KX586330	GII.4	7509	VP2	6703	7509	+	genbank
GII	KX586330	GII.4	7509	ORF1	1	5100	+	genbank
GII	KX586330	GII.4	7509	p48	1	1326	+	orf1_relative
GII	KX586330	GII.4	7509	NTPase	1327	2091	+	orf1_relative
GII	KX586330	GII.4	7509	p22	2092	2499	+	orf1_relative
GII	KX586330	GII.4	7509	VPg	2500	2907	+	orf1_relative
GII	KX586330	GII.4	7509	3CLpro	2908	3468	+	orf1_relative
GII	KX586330	GII.4	7509	RdRp	4319	5075	+	inferred_from_region_blast
GII	KX907727	GII.4	7514	VP1	5086	6708	+	genbank
GII	KX907727	GII.4	7514	ORF1	6	5105	+	genbank
GII	KX907727	GII.4	7514	p48	6	1331	+	orf1_relative
GII	KX907727	GII.4	7514	NTPase	1332	2096	+	orf1_relative
GII	KX907727	GII.4	7514	p22	2097	2504	+	orf1_relative
GII	KX907727	GII.4	7514	VPg	2505	2912	+	orf1_relative
GII	KX907727	GII.4	7514	3CLpro	2913	3473	+	orf1_relative
GII	KX907727	GII.4	7514	RdRp	4324	5080	+	inferred_from_region_blast
GII	KY210980	GII.4	7577	VP1	5081	6703	+	genbank
GII	KY210980	GII.4	7577	VP2	6703	7509	+	genbank
GII	KY210980	GII.4	7577	ORF1	1	5100	+	genbank
GII	KY210980	GII.4	7577	p48	1	1326	+	orf1_relative
GII	KY210980	GII.4	7577	NTPase	1327	2091	+	orf1_relative
GII	KY210980	GII.4	7577	p22	2092	2499	+	orf1_relative
GII	KY210980	GII.4	7577	VPg	2500	2907	+	orf1_relative
GII	KY210980	GII.4	7577	3CLpro	2908	3468	+	orf1_relative
GII	KY210980	GII.4	7577	3'UTR	7510	7556	+	genbank
GII	KY210980	GII.4	7577	RdRp	4319	5075	+	inferred_from_region_blast
GII	KY887599	GII.4	7538	VP1	5064	6686	+	genbank
GII	KY887599	GII.4	7538	VP2	6686	7492	+	genbank
GII	KY887599	GII.4	7538	ORF1	1	5083	+	genbank
GII	KY887599	GII.4	7538	p48	1	1322	+	orf1_relative
GII	KY887599	GII.4	7538	NTPase	1323	2084	+	orf1_relative
GII	KY887599	GII.4	7538	p22	2085	2491	+	orf1_relative
GII	KY887599	GII.4	7538	VPg	2492	2897	+	orf1_relative
GII	KY887599	GII.4	7538	3CLpro	2898	3456	+	orf1_relative
GII	KY887599	GII.4	7538	RdRp	4302	5058	+	inferred_from_region_blast
GII	KY887601	GII.4	7570	VP1	5080	6702	+	genbank
GII	KY887601	GII.4	7570	VP2	6702	7508	+	genbank
GII	KY887601	GII.4	7570	ORF1	1	5099	+	genbank
GII	KY887601	GII.4	7570	p48	1	1326	+	orf1_relative
GII	KY887601	GII.4	7570	NTPase	1327	2091	+	orf1_relative
GII	KY887601	GII.4	7570	p22	2092	2499	+	orf1_relative
GII	KY887601	GII.4	7570	VPg	2500	2906	+	orf1_relative
GII	KY887601	GII.4	7570	3CLpro	2907	3467	+	orf1_relative
GII	KY887601	GII.4	7570	RdRp	4318	5074	+	inferred_from_region_blast
GII	KY905331	GII.4	7546	VP1	5086	6708	+	genbank
GII	KY905331	GII.4	7546	VP2	6708	7508	+	genbank
GII	KY905331	GII.4	7546	ORF1	6	5105	+	genbank
GII	KY905331	GII.4	7546	p48	6	1331	+	orf1_relative
GII	KY905331	GII.4	7546	NTPase	1332	2096	+	orf1_relative
GII	KY905331	GII.4	7546	p22	2097	2504	+	orf1_relative
GII	KY905331	GII.4	7546	VPg	2505	2912	+	orf1_relative
GII	KY905331	GII.4	7546	3CLpro	2913	3473	+	orf1_relative
GII	KY905331	GII.4	7546	5'UTR	1	5	+	genbank
GII	KY905331	GII.4	7546	3'UTR	7509	7546	+	genbank
GII	KY905331	GII.4	7546	RdRp	4324	5080	+	inferred_from_region_blast
GII	KY905333	GII.4	7497	VP1	5036	6658	+	genbank
GII	KY905333	GII.4	7497	VP2	6658	7464	+	genbank
GII	KY905333	GII.4	7497	ORF1	1	5055	+	genbank
GII	KY905333	GII.4	7497	p48	1	1314	+	orf1_relative
GII	KY905333	GII.4	7497	NTPase	1315	2073	+	orf1_relative
GII	KY905333	GII.4	7497	p22	2074	2477	+	orf1_relative
GII	KY905333	GII.4	7497	VPg	2478	2881	+	orf1_relative
GII	KY905333	GII.4	7497	3CLpro	2882	3437	+	orf1_relative
GII	KY905333	GII.4	7497	3'UTR	7465	7497	+	genbank
GII	KY905333	GII.4	7497	RdRp	4274	5030	+	inferred_from_region_blast
GII	KY905335	GII.4	7529	VP1	5057	6679	+	genbank
GII	KY905335	GII.4	7529	VP2	6679	7485	+	genbank
GII	KY905335	GII.4	7529	ORF1	1	5076	+	genbank
GII	KY905335	GII.4	7529	p48	1	1320	+	orf1_relative
GII	KY905335	GII.4	7529	NTPase	1321	2081	+	orf1_relative
GII	KY905335	GII.4	7529	p22	2082	2487	+	orf1_relative
GII	KY905335	GII.4	7529	VPg	2488	2893	+	orf1_relative
GII	KY905335	GII.4	7529	3CLpro	2894	3452	+	orf1_relative
GII	KY905335	GII.4	7529	3'UTR	7486	7529	+	genbank
GII	KY905335	GII.4	7529	RdRp	4295	5051	+	inferred_from_region_blast
GII	KY947549	GII.4	7530	VP1	5084	6706	+	genbank
GII	KY947549	GII.4	7530	VP2	6706	7512	+	genbank
GII	KY947549	GII.4	7530	ORF1	4	5103	+	genbank
GII	KY947549	GII.4	7530	p48	4	1329	+	orf1_relative
GII	KY947549	GII.4	7530	NTPase	1330	2094	+	orf1_relative
GII	KY947549	GII.4	7530	p22	2095	2502	+	orf1_relative
GII	KY947549	GII.4	7530	VPg	2503	2910	+	orf1_relative
GII	KY947549	GII.4	7530	3CLpro	2911	3471	+	orf1_relative
GII	KY947549	GII.4	7530	5'UTR	1	3	+	genbank
GII	KY947549	GII.4	7530	3'UTR	7513	7530	+	genbank
GII	KY947549	GII.4	7530	RdRp	4322	5078	+	inferred_from_region_blast
GII	KY947550	GII.4	7555	VP1	5085	6707	+	genbank
GII	KY947550	GII.4	7555	VP2	6707	7513	+	genbank
GII	KY947550	GII.4	7555	ORF1	5	5104	+	genbank
GII	KY947550	GII.4	7555	p48	5	1330	+	orf1_relative
GII	KY947550	GII.4	7555	NTPase	1331	2095	+	orf1_relative
GII	KY947550	GII.4	7555	p22	2096	2503	+	orf1_relative
GII	KY947550	GII.4	7555	VPg	2504	2911	+	orf1_relative
GII	KY947550	GII.4	7555	3CLpro	2912	3472	+	orf1_relative
GII	KY947550	GII.4	7555	5'UTR	1	4	+	genbank
GII	KY947550	GII.4	7555	3'UTR	7514	7555	+	genbank
GII	KY947550	GII.4	7555	RdRp	4323	5079	+	inferred_from_region_blast
GII	LC122790	GII.4	7554	VP1	5081	6683	+	inferred_from_region_blast
GII	LC122790	GII.4	7554	RdRp	4318	5074	+	inferred_from_region_blast
GII	LC122791	GII.4	7549	VP1	5076	6678	+	inferred_from_region_blast
GII	LC122791	GII.4	7549	RdRp	4313	5069	+	inferred_from_region_blast
GII	LC122798	GII.4	7550	VP1	5078	6680	+	inferred_from_region_blast
GII	LC122798	GII.4	7550	RdRp	4315	5071	+	inferred_from_region_blast
GII	LC122799	GII.4	7532	VP1	5072	6674	+	inferred_from_region_blast
GII	LC122799	GII.4	7532	RdRp	4309	5065	+	inferred_from_region_blast
GII	LC122817	GII.4	7519	VP1	5068	6670	+	inferred_from_region_blast
GII	LC122817	GII.4	7519	RdRp	4305	5061	+	inferred_from_region_blast
GII	LC175468	GII.4	7570	VP1	5085	6707	+	genbank
GII	LC175468	GII.4	7570	VP2	6707	7513	+	genbank
GII	LC175468	GII.4	7570	ORF1	5	5104	+	genbank
GII	LC175468	GII.4	7570	p48	5	1330	+	orf1_relative
GII	LC175468	GII.4	7570	NTPase	1331	2095	+	orf1_relative
GII	LC175468	GII.4	7570	p22	2096	2503	+	orf1_relative
GII	LC175468	GII.4	7570	VPg	2504	2911	+	orf1_relative
GII	LC175468	GII.4	7570	3CLpro	2912	3472	+	orf1_relative
GII	LC175468	GII.4	7570	RdRp	4323	5079	+	inferred_from_region_blast
GII	LC421227	GII.4	7386	VP1	5036	6652	+	genbank
GII	LC421227	GII.4	7386	VP2	6652	7386	+	genbank
GII	LC421227	GII.4	7386	ORF1	1	5049	+	genbank
GII	LC421227	GII.4	7386	p48	1	1313	+	orf1_relative
GII	LC421227	GII.4	7386	NTPase	1314	2070	+	orf1_relative
GII	LC421227	GII.4	7386	p22	2071	2474	+	orf1_relative
GII	LC421227	GII.4	7386	VPg	2475	2878	+	orf1_relative
GII	LC421227	GII.4	7386	3CLpro	2879	3433	+	orf1_relative
GII	LC421227	GII.4	7386	RdRp	4268	5024	+	inferred_from_region_blast
GII	LC421228	GII.4	7400	VP1	5067	6683	+	genbank
GII	LC421228	GII.4	7400	VP2	6683	7400	+	genbank
GII	LC421228	GII.4	7400	ORF1	1	5080	+	genbank
GII	LC421228	GII.4	7400	p48	1	1321	+	orf1_relative
GII	LC421228	GII.4	7400	NTPase	1322	2083	+	orf1_relative
GII	LC421228	GII.4	7400	p22	2084	2489	+	orf1_relative
GII	LC421228	GII.4	7400	VPg	2490	2896	+	orf1_relative
GII	LC421228	GII.4	7400	3CLpro	2897	3454	+	orf1_relative
GII	LC421228	GII.4	7400	RdRp	4299	5055	+	inferred_from_region_blast
GII	LC597114	GII.4	7532	VP1	5070	6692	+	genbank
GII	LC597114	GII.4	7532	VP2	6692	7498	+	genbank
GII	LC597114	GII.4	7532	ORF1	1	5089	+	genbank
GII	LC597114	GII.4	7532	p48	1	1323	+	orf1_relative
GII	LC597114	GII.4	7532	NTPase	1324	2086	+	orf1_relative
GII	LC597114	GII.4	7532	p22	2087	2494	+	orf1_relative
GII	LC597114	GII.4	7532	VPg	2495	2901	+	orf1_relative
GII	LC597114	GII.4	7532	3CLpro	2902	3461	+	orf1_relative
GII	LC597114	GII.4	7532	RdRp	4308	5064	+	inferred_from_region_blast
GII	LC597115	GII.4	7547	VP1	5056	6678	+	genbank
GII	LC597115	GII.4	7547	VP2	6678	7484	+	genbank
GII	LC597115	GII.4	7547	ORF1	1	5075	+	genbank
GII	LC597115	GII.4	7547	p48	1	1320	+	orf1_relative
GII	LC597115	GII.4	7547	NTPase	1321	2081	+	orf1_relative
GII	LC597115	GII.4	7547	p22	2082	2487	+	orf1_relative
GII	LC597115	GII.4	7547	VPg	2488	2893	+	orf1_relative
GII	LC597115	GII.4	7547	3CLpro	2894	3451	+	orf1_relative
GII	LC597115	GII.4	7547	RdRp	4294	5050	+	inferred_from_region_blast
GII	LC597116	GII.4	7495	VP1	5067	6689	+	genbank
GII	LC597116	GII.4	7495	VP2	6689	7495	+	genbank
GII	LC597116	GII.4	7495	ORF1	1	5086	+	genbank
GII	LC597116	GII.4	7495	p48	1	1322	+	orf1_relative
GII	LC597116	GII.4	7495	NTPase	1323	2085	+	orf1_relative
GII	LC597116	GII.4	7495	p22	2086	2492	+	orf1_relative
GII	LC597116	GII.4	7495	VPg	2493	2899	+	orf1_relative
GII	LC597116	GII.4	7495	3CLpro	2900	3458	+	orf1_relative
GII	LC597116	GII.4	7495	RdRp	4305	5061	+	inferred_from_region_blast
GII	LC597127	GII.4	7566	VP1	5077	6699	+	genbank
GII	LC597127	GII.4	7566	VP2	6699	7505	+	genbank
GII	LC597127	GII.4	7566	ORF1	6	5096	+	genbank
GII	LC597127	GII.4	7566	p48	6	1329	+	orf1_relative
GII	LC597127	GII.4	7566	NTPase	1330	2092	+	orf1_relative
GII	LC597127	GII.4	7566	p22	2093	2500	+	orf1_relative
GII	LC597127	GII.4	7566	VPg	2501	2907	+	orf1_relative
GII	LC597127	GII.4	7566	3CLpro	2908	3467	+	orf1_relative
GII	LC597127	GII.4	7566	RdRp	4315	5071	+	inferred_from_region_blast
GII	LC597128	GII.4	7487	VP1	5064	6686	+	genbank
GII	LC597128	GII.4	7487	VP2	6686	7487	+	genbank
GII	LC597128	GII.4	7487	ORF1	1	5083	+	genbank
GII	LC597128	GII.4	7487	p48	1	1322	+	orf1_relative
GII	LC597128	GII.4	7487	NTPase	1323	2084	+	orf1_relative
GII	LC597128	GII.4	7487	p22	2085	2491	+	orf1_relative
GII	LC597128	GII.4	7487	VPg	2492	2897	+	orf1_relative
GII	LC597128	GII.4	7487	3CLpro	2898	3456	+	orf1_relative
GII	LC597128	GII.4	7487	RdRp	4302	5058	+	inferred_from_region_blast
GII	LC597129	GII.4	7501	VP1	5078	6700	+	genbank
GII	LC597129	GII.4	7501	VP2	6700	7501	+	genbank
GII	LC597129	GII.4	7501	RdRp	4316	5072	+	inferred_from_region_blast
GII	LC597130	GII.4	7489	VP1	5061	6683	+	genbank
GII	LC597130	GII.4	7489	VP2	6683	7489	+	genbank
GII	LC597130	GII.4	7489	ORF1	1	5080	+	genbank
GII	LC597130	GII.4	7489	p48	1	1321	+	orf1_relative
GII	LC597130	GII.4	7489	NTPase	1322	2083	+	orf1_relative
GII	LC597130	GII.4	7489	p22	2084	2489	+	orf1_relative
GII	LC597130	GII.4	7489	VPg	2490	2896	+	orf1_relative
GII	LC597130	GII.4	7489	3CLpro	2897	3454	+	orf1_relative
GII	LC597130	GII.4	7489	RdRp	4299	5055	+	inferred_from_region_blast
GII	LC644993	GII.4	7501	VP1	5074	6696	+	genbank
GII	LC644993	GII.4	7501	VP2	6696	7501	+	genbank
GII	LC644993	GII.4	7501	ORF1	1	5093	+	genbank
GII	LC644993	GII.4	7501	p48	1	1324	+	orf1_relative
GII	LC644993	GII.4	7501	NTPase	1325	2088	+	orf1_relative
GII	LC644993	GII.4	7501	p22	2089	2496	+	orf1_relative
GII	LC644993	GII.4	7501	VPg	2497	2903	+	orf1_relative
GII	LC644993	GII.4	7501	3CLpro	2904	3463	+	orf1_relative
GII	LC644993	GII.4	7501	RdRp	4312	5068	+	inferred_from_region_blast
GII	LC699526	GII.4	7523	VP1	5067	6689	+	genbank
GII	LC699526	GII.4	7523	VP2	6689	7495	+	genbank
GII	LC699526	GII.4	7523	ORF1	1	5086	+	genbank
GII	LC699526	GII.4	7523	p48	1	1322	+	orf1_relative
GII	LC699526	GII.4	7523	NTPase	1323	2085	+	orf1_relative
GII	LC699526	GII.4	7523	p22	2086	2492	+	orf1_relative
GII	LC699526	GII.4	7523	VPg	2493	2899	+	orf1_relative
GII	LC699526	GII.4	7523	3CLpro	2900	3458	+	orf1_relative
GII	LC699526	GII.4	7523	RdRp	4305	5061	+	inferred_from_region_blast
GII	LC699527	GII.4	7534	VP1	5070	6692	+	genbank
GII	LC699527	GII.4	7534	VP2	6692	7498	+	genbank
GII	LC699527	GII.4	7534	ORF1	1	5089	+	genbank
GII	LC699527	GII.4	7534	p48	1	1323	+	orf1_relative
GII	LC699527	GII.4	7534	NTPase	1324	2086	+	orf1_relative
GII	LC699527	GII.4	7534	p22	2087	2494	+	orf1_relative
GII	LC699527	GII.4	7534	VPg	2495	2901	+	orf1_relative
GII	LC699527	GII.4	7534	3CLpro	2902	3461	+	orf1_relative
GII	LC699527	GII.4	7534	RdRp	4308	5064	+	inferred_from_region_blast
GII	LC699528	GII.4	7505	VP1	5065	6687	+	genbank
GII	LC699528	GII.4	7505	VP2	6687	7493	+	genbank
GII	LC699528	GII.4	7505	ORF1	1	5084	+	genbank
GII	LC699528	GII.4	7505	p48	1	1322	+	orf1_relative
GII	LC699528	GII.4	7505	NTPase	1323	2084	+	orf1_relative
GII	LC699528	GII.4	7505	p22	2085	2491	+	orf1_relative
GII	LC699528	GII.4	7505	VPg	2492	2898	+	orf1_relative
GII	LC699528	GII.4	7505	3CLpro	2899	3457	+	orf1_relative
GII	LC699528	GII.4	7505	RdRp	4303	5059	+	inferred_from_region_blast
GII	LC699529	GII.4	7497	VP1	5057	6679	+	genbank
GII	LC699529	GII.4	7497	VP2	6679	7485	+	genbank
GII	LC699529	GII.4	7497	ORF1	1	5076	+	genbank
GII	LC699529	GII.4	7497	p48	1	1320	+	orf1_relative
GII	LC699529	GII.4	7497	NTPase	1321	2081	+	orf1_relative
GII	LC699529	GII.4	7497	p22	2082	2487	+	orf1_relative
GII	LC699529	GII.4	7497	VPg	2488	2893	+	orf1_relative
GII	LC699529	GII.4	7497	3CLpro	2894	3452	+	orf1_relative
GII	LC699529	GII.4	7497	RdRp	4295	5051	+	inferred_from_region_blast
GII	LC699530	GII.4	7513	VP1	5074	6696	+	genbank
GII	LC699530	GII.4	7513	VP2	6696	7502	+	genbank
GII	LC699530	GII.4	7513	ORF1	1	5093	+	genbank
GII	LC699530	GII.4	7513	p48	1	1324	+	orf1_relative
GII	LC699530	GII.4	7513	NTPase	1325	2088	+	orf1_relative
GII	LC699530	GII.4	7513	p22	2089	2496	+	orf1_relative
GII	LC699530	GII.4	7513	VPg	2497	2903	+	orf1_relative
GII	LC699530	GII.4	7513	3CLpro	2904	3463	+	orf1_relative
GII	LC699530	GII.4	7513	RdRp	4312	5068	+	inferred_from_region_blast
GII	LC699531	GII.4	7503	VP1	5064	6686	+	genbank
GII	LC699531	GII.4	7503	VP2	6686	7492	+	genbank
GII	LC699531	GII.4	7503	ORF1	1	5083	+	genbank
GII	LC699531	GII.4	7503	p48	1	1322	+	orf1_relative
GII	LC699531	GII.4	7503	NTPase	1323	2084	+	orf1_relative
GII	LC699531	GII.4	7503	p22	2085	2491	+	orf1_relative
GII	LC699531	GII.4	7503	VPg	2492	2897	+	orf1_relative
GII	LC699531	GII.4	7503	3CLpro	2898	3456	+	orf1_relative
GII	LC699531	GII.4	7503	RdRp	4302	5058	+	inferred_from_region_blast
GII	LC699532	GII.4	7544	VP1	5066	6688	+	genbank
GII	LC699532	GII.4	7544	VP2	6688	7494	+	genbank
GII	LC699532	GII.4	7544	ORF1	1	5085	+	genbank
GII	LC699532	GII.4	7544	p48	1	1322	+	orf1_relative
GII	LC699532	GII.4	7544	NTPase	1323	2085	+	orf1_relative
GII	LC699532	GII.4	7544	p22	2086	2492	+	orf1_relative
GII	LC699532	GII.4	7544	VPg	2493	2898	+	orf1_relative
GII	LC699532	GII.4	7544	3CLpro	2899	3458	+	orf1_relative
GII	LC699532	GII.4	7544	RdRp	4304	5060	+	inferred_from_region_blast
GII	LC699533	GII.4	7505	VP1	5077	6699	+	genbank
GII	LC699533	GII.4	7505	VP2	6699	7505	+	genbank
GII	LC699533	GII.4	7505	ORF1	1	5096	+	genbank
GII	LC699533	GII.4	7505	p48	1	1325	+	orf1_relative
GII	LC699533	GII.4	7505	NTPase	1326	2089	+	orf1_relative
GII	LC699533	GII.4	7505	p22	2090	2497	+	orf1_relative
GII	LC699533	GII.4	7505	VPg	2498	2905	+	orf1_relative
GII	LC699533	GII.4	7505	3CLpro	2906	3465	+	orf1_relative
GII	LC699533	GII.4	7505	RdRp	4315	5071	+	inferred_from_region_blast
GII	LC699534	GII.4	7511	VP1	5071	6693	+	genbank
GII	LC699534	GII.4	7511	VP2	6693	7499	+	genbank
GII	LC699534	GII.4	7511	ORF1	1	5090	+	genbank
GII	LC699534	GII.4	7511	p48	1	1323	+	orf1_relative
GII	LC699534	GII.4	7511	NTPase	1324	2087	+	orf1_relative
GII	LC699534	GII.4	7511	p22	2088	2494	+	orf1_relative
GII	LC699534	GII.4	7511	VPg	2495	2901	+	orf1_relative
GII	LC699534	GII.4	7511	3CLpro	2902	3461	+	orf1_relative
GII	LC699534	GII.4	7511	RdRp	4309	5065	+	inferred_from_region_blast
GII	LC699535	GII.4	7527	VP1	5070	6692	+	genbank
GII	LC699535	GII.4	7527	VP2	6692	7495	+	genbank
GII	LC699535	GII.4	7527	ORF1	1	5089	+	genbank
GII	LC699535	GII.4	7527	p48	1	1323	+	orf1_relative
GII	LC699535	GII.4	7527	NTPase	1324	2086	+	orf1_relative
GII	LC699535	GII.4	7527	p22	2087	2494	+	orf1_relative
GII	LC699535	GII.4	7527	VPg	2495	2901	+	orf1_relative
GII	LC699535	GII.4	7527	3CLpro	2902	3461	+	orf1_relative
GII	LC699535	GII.4	7527	RdRp	4308	5064	+	inferred_from_region_blast
GII	LC699536	GII.4	7527	VP1	5070	6692	+	genbank
GII	LC699536	GII.4	7527	VP2	6692	7495	+	genbank
GII	LC699536	GII.4	7527	ORF1	1	5089	+	genbank
GII	LC699536	GII.4	7527	p48	1	1323	+	orf1_relative
GII	LC699536	GII.4	7527	NTPase	1324	2086	+	orf1_relative
GII	LC699536	GII.4	7527	p22	2087	2494	+	orf1_relative
GII	LC699536	GII.4	7527	VPg	2495	2901	+	orf1_relative
GII	LC699536	GII.4	7527	3CLpro	2902	3461	+	orf1_relative
GII	LC699536	GII.4	7527	RdRp	4308	5064	+	inferred_from_region_blast
GII	LC699537	GII.4	7534	VP1	5066	6688	+	genbank
GII	LC699537	GII.4	7534	VP2	6688	7491	+	genbank
GII	LC699537	GII.4	7534	ORF1	1	5085	+	genbank
GII	LC699537	GII.4	7534	p48	1	1322	+	orf1_relative
GII	LC699537	GII.4	7534	NTPase	1323	2085	+	orf1_relative
GII	LC699537	GII.4	7534	p22	2086	2492	+	orf1_relative
GII	LC699537	GII.4	7534	VPg	2493	2898	+	orf1_relative
GII	LC699537	GII.4	7534	3CLpro	2899	3458	+	orf1_relative
GII	LC699537	GII.4	7534	RdRp	4304	5060	+	inferred_from_region_blast
GII	LC699538	GII.4	7539	VP1	5071	6693	+	genbank
GII	LC699538	GII.4	7539	VP2	6693	7499	+	genbank
GII	LC699538	GII.4	7539	ORF1	1	5090	+	genbank
GII	LC699538	GII.4	7539	p48	1	1323	+	orf1_relative
GII	LC699538	GII.4	7539	NTPase	1324	2087	+	orf1_relative
GII	LC699538	GII.4	7539	p22	2088	2494	+	orf1_relative
GII	LC699538	GII.4	7539	VPg	2495	2901	+	orf1_relative
GII	LC699538	GII.4	7539	3CLpro	2902	3461	+	orf1_relative
GII	LC699538	GII.4	7539	RdRp	4309	5065	+	inferred_from_region_blast
GII	LC699539	GII.4	7501	VP1	5057	6679	+	genbank
GII	LC699539	GII.4	7501	VP2	6679	7476	+	genbank
GII	LC699539	GII.4	7501	ORF1	1	5076	+	genbank
GII	LC699539	GII.4	7501	p48	1	1320	+	orf1_relative
GII	LC699539	GII.4	7501	NTPase	1321	2081	+	orf1_relative
GII	LC699539	GII.4	7501	p22	2082	2487	+	orf1_relative
GII	LC699539	GII.4	7501	VPg	2488	2893	+	orf1_relative
GII	LC699539	GII.4	7501	3CLpro	2894	3452	+	orf1_relative
GII	LC699539	GII.4	7501	RdRp	4295	5051	+	inferred_from_region_blast
GII	LC699540	GII.4	7500	VP1	5051	6673	+	genbank
GII	LC699540	GII.4	7500	VP2	6673	7470	+	genbank
GII	LC699540	GII.4	7500	ORF1	1	5070	+	genbank
GII	LC699540	GII.4	7500	p48	1	1318	+	orf1_relative
GII	LC699540	GII.4	7500	NTPase	1319	2079	+	orf1_relative
GII	LC699540	GII.4	7500	p22	2080	2484	+	orf1_relative
GII	LC699540	GII.4	7500	VPg	2485	2890	+	orf1_relative
GII	LC699540	GII.4	7500	3CLpro	2891	3448	+	orf1_relative
GII	LC699540	GII.4	7500	RdRp	4289	5045	+	inferred_from_region_blast
GII	LC699541	GII.4	7503	VP1	5064	6686	+	genbank
GII	LC699541	GII.4	7503	VP2	6686	7492	+	genbank
GII	LC699541	GII.4	7503	ORF1	1	5083	+	genbank
GII	LC699541	GII.4	7503	p48	1	1322	+	orf1_relative
GII	LC699541	GII.4	7503	NTPase	1323	2084	+	orf1_relative
GII	LC699541	GII.4	7503	p22	2085	2491	+	orf1_relative
GII	LC699541	GII.4	7503	VPg	2492	2897	+	orf1_relative
GII	LC699541	GII.4	7503	3CLpro	2898	3456	+	orf1_relative
GII	LC699541	GII.4	7503	RdRp	4302	5058	+	inferred_from_region_blast
GII	LC726073	GII.4	7440	VP1	4982	6604	+	genbank
GII	LC726073	GII.4	7440	VP2	6604	7410	+	genbank
GII	LC726073	GII.4	7440	ORF1	1	5001	+	genbank
GII	LC726073	GII.4	7440	p48	1	1300	+	orf1_relative
GII	LC726073	GII.4	7440	NTPase	1301	2050	+	orf1_relative
GII	LC726073	GII.4	7440	p22	2051	2450	+	orf1_relative
GII	LC726073	GII.4	7440	VPg	2451	2851	+	orf1_relative
GII	LC726073	GII.4	7440	3CLpro	2852	3401	+	orf1_relative
GII	LC726073	GII.4	7440	RdRp	4220	4976	+	inferred_from_region_blast
GII	LC726074	GII.4	7501	VP1	5057	6679	+	genbank
GII	LC726074	GII.4	7501	VP2	6679	7476	+	genbank
GII	LC726074	GII.4	7501	ORF1	1	5076	+	genbank
GII	LC726074	GII.4	7501	p48	1	1320	+	orf1_relative
GII	LC726074	GII.4	7501	NTPase	1321	2081	+	orf1_relative
GII	LC726074	GII.4	7501	p22	2082	2487	+	orf1_relative
GII	LC726074	GII.4	7501	VPg	2488	2893	+	orf1_relative
GII	LC726074	GII.4	7501	3CLpro	2894	3452	+	orf1_relative
GII	LC726074	GII.4	7501	RdRp	4295	5051	+	inferred_from_region_blast
GII	LC726075	GII.4	7500	VP1	5051	6673	+	genbank
GII	LC726075	GII.4	7500	VP2	6673	7470	+	genbank
GII	LC726075	GII.4	7500	ORF1	1	5070	+	genbank
GII	LC726075	GII.4	7500	p48	1	1318	+	orf1_relative
GII	LC726075	GII.4	7500	NTPase	1319	2079	+	orf1_relative
GII	LC726075	GII.4	7500	p22	2080	2484	+	orf1_relative
GII	LC726075	GII.4	7500	VPg	2485	2890	+	orf1_relative
GII	LC726075	GII.4	7500	3CLpro	2891	3448	+	orf1_relative
GII	LC726075	GII.4	7500	RdRp	4289	5045	+	inferred_from_region_blast
GII	LC726076	GII.4	7509	VP1	5069	6691	+	genbank
GII	LC726076	GII.4	7509	VP2	6691	7488	+	genbank
GII	LC726076	GII.4	7509	ORF1	1	5088	+	genbank
GII	LC726076	GII.4	7509	p48	1	1323	+	orf1_relative
GII	LC726076	GII.4	7509	NTPase	1324	2086	+	orf1_relative
GII	LC726076	GII.4	7509	p22	2087	2493	+	orf1_relative
GII	LC726076	GII.4	7509	VPg	2494	2900	+	orf1_relative
GII	LC726076	GII.4	7509	3CLpro	2901	3460	+	orf1_relative
GII	LC726076	GII.4	7509	RdRp	4307	5063	+	inferred_from_region_blast
GII	LC726077	GII.4	7530	VP1	5064	6686	+	genbank
GII	LC726077	GII.4	7530	VP2	6686	7492	+	genbank
GII	LC726077	GII.4	7530	ORF1	1	5083	+	genbank
GII	LC726077	GII.4	7530	p48	1	1322	+	orf1_relative
GII	LC726077	GII.4	7530	NTPase	1323	2084	+	orf1_relative
GII	LC726077	GII.4	7530	p22	2085	2491	+	orf1_relative
GII	LC726077	GII.4	7530	VPg	2492	2897	+	orf1_relative
GII	LC726077	GII.4	7530	3CLpro	2898	3456	+	orf1_relative
GII	LC726077	GII.4	7530	RdRp	4302	5058	+	inferred_from_region_blast
GII	LC726078	GII.4	7197	VP1	4758	6380	+	genbank
GII	LC726078	GII.4	7197	VP2	6380	7186	+	genbank
GII	LC726078	GII.4	7197	ORF1	1	4777	+	genbank
GII	LC726078	GII.4	7197	p48	1	1242	+	orf1_relative
GII	LC726078	GII.4	7197	NTPase	1243	1959	+	orf1_relative
GII	LC726078	GII.4	7197	p22	1960	2341	+	orf1_relative
GII	LC726078	GII.4	7197	VPg	2342	2723	+	orf1_relative
GII	LC726078	GII.4	7197	3CLpro	2724	3248	+	orf1_relative
GII	LC726078	GII.4	7197	RdRp	3996	4752	+	inferred_from_region_blast
GII	LC769681	GII.4	7563	VP1	5076	6701	+	genbank
GII	LC769681	GII.4	7563	VP2	6701	7507	+	genbank
GII	LC769681	GII.4	7563	ORF1	1	5095	+	genbank
GII	LC769681	GII.4	7563	p48	1	1325	+	orf1_relative
GII	LC769681	GII.4	7563	NTPase	1326	2089	+	orf1_relative
GII	LC769681	GII.4	7563	p22	2090	2497	+	orf1_relative
GII	LC769681	GII.4	7563	VPg	2498	2904	+	orf1_relative
GII	LC769681	GII.4	7563	3CLpro	2905	3465	+	orf1_relative
GII	LC769681	GII.4	7563	RdRp	4314	5070	+	inferred_from_region_blast
GII	LC769683	GII.4	7558	VP1	5074	6696	+	genbank
GII	LC769683	GII.4	7558	VP2	6696	7502	+	genbank
GII	LC769683	GII.4	7558	ORF1	1	5093	+	genbank
GII	LC769683	GII.4	7558	p48	1	1324	+	orf1_relative
GII	LC769683	GII.4	7558	NTPase	1325	2088	+	orf1_relative
GII	LC769683	GII.4	7558	p22	2089	2496	+	orf1_relative
GII	LC769683	GII.4	7558	VPg	2497	2903	+	orf1_relative
GII	LC769683	GII.4	7558	3CLpro	2904	3463	+	orf1_relative
GII	LC769683	GII.4	7558	RdRp	4312	5068	+	inferred_from_region_blast
GII	LC769684	GII.4	7538	VP1	5071	6693	+	genbank
GII	LC769684	GII.4	7538	VP2	6693	7499	+	genbank
GII	LC769684	GII.4	7538	ORF1	1	5090	+	genbank
GII	LC769684	GII.4	7538	p48	1	1323	+	orf1_relative
GII	LC769684	GII.4	7538	NTPase	1324	2087	+	orf1_relative
GII	LC769684	GII.4	7538	p22	2088	2494	+	orf1_relative
GII	LC769684	GII.4	7538	VPg	2495	2901	+	orf1_relative
GII	LC769684	GII.4	7538	3CLpro	2902	3461	+	orf1_relative
GII	LC769684	GII.4	7538	RdRp	4309	5065	+	inferred_from_region_blast
GII	LC769685	GII.4	7565	VP1	5085	6707	+	genbank
GII	LC769685	GII.4	7565	VP2	6707	7513	+	genbank
GII	LC769685	GII.4	7565	ORF1	5	5104	+	genbank
GII	LC769685	GII.4	7565	p48	5	1330	+	orf1_relative
GII	LC769685	GII.4	7565	NTPase	1331	2095	+	orf1_relative
GII	LC769685	GII.4	7565	p22	2096	2503	+	orf1_relative
GII	LC769685	GII.4	7565	VPg	2504	2911	+	orf1_relative
GII	LC769685	GII.4	7565	3CLpro	2912	3472	+	orf1_relative
GII	LC769685	GII.4	7565	RdRp	4323	5079	+	inferred_from_region_blast
GII	LC769688	GII.4	7565	VP1	5074	6696	+	genbank
GII	LC769688	GII.4	7565	VP2	6696	7502	+	genbank
GII	LC769688	GII.4	7565	ORF1	1	5093	+	genbank
GII	LC769688	GII.4	7565	p48	1	1324	+	orf1_relative
GII	LC769688	GII.4	7565	NTPase	1325	2088	+	orf1_relative
GII	LC769688	GII.4	7565	p22	2089	2496	+	orf1_relative
GII	LC769688	GII.4	7565	VPg	2497	2903	+	orf1_relative
GII	LC769688	GII.4	7565	3CLpro	2904	3463	+	orf1_relative
GII	LC769688	GII.4	7565	RdRp	4312	5068	+	inferred_from_region_blast
GII	LC769691	GII.4	7558	VP1	5071	6693	+	genbank
GII	LC769691	GII.4	7558	VP2	6693	7499	+	genbank
GII	LC769691	GII.4	7558	ORF1	1	5090	+	genbank
GII	LC769691	GII.4	7558	p48	1	1323	+	orf1_relative
GII	LC769691	GII.4	7558	NTPase	1324	2087	+	orf1_relative
GII	LC769691	GII.4	7558	p22	2088	2494	+	orf1_relative
GII	LC769691	GII.4	7558	VPg	2495	2901	+	orf1_relative
GII	LC769691	GII.4	7558	3CLpro	2902	3461	+	orf1_relative
GII	LC769691	GII.4	7558	RdRp	4309	5065	+	inferred_from_region_blast
GII	LC769692	GII.4	7547	VP1	5064	6686	+	genbank
GII	LC769692	GII.4	7547	VP2	6686	7492	+	genbank
GII	LC769692	GII.4	7547	ORF1	1	5083	+	genbank
GII	LC769692	GII.4	7547	p48	1	1322	+	orf1_relative
GII	LC769692	GII.4	7547	NTPase	1323	2084	+	orf1_relative
GII	LC769692	GII.4	7547	p22	2085	2491	+	orf1_relative
GII	LC769692	GII.4	7547	VPg	2492	2897	+	orf1_relative
GII	LC769692	GII.4	7547	3CLpro	2898	3456	+	orf1_relative
GII	LC769692	GII.4	7547	RdRp	4302	5058	+	inferred_from_region_blast
GII	LC769693	GII.4	7543	VP1	5075	6697	+	genbank
GII	LC769693	GII.4	7543	VP2	6697	7503	+	genbank
GII	LC769693	GII.4	7543	ORF1	1	5094	+	genbank
GII	LC769693	GII.4	7543	p48	1	1324	+	orf1_relative
GII	LC769693	GII.4	7543	NTPase	1325	2089	+	orf1_relative
GII	LC769693	GII.4	7543	p22	2090	2496	+	orf1_relative
GII	LC769693	GII.4	7543	VPg	2497	2904	+	orf1_relative
GII	LC769693	GII.4	7543	3CLpro	2905	3464	+	orf1_relative
GII	LC769693	GII.4	7543	RdRp	4313	5069	+	inferred_from_region_blast
GII	LC769694	GII.4	7565	VP1	5085	6707	+	genbank
GII	LC769694	GII.4	7565	VP2	6707	7513	+	genbank
GII	LC769694	GII.4	7565	ORF1	5	5104	+	genbank
GII	LC769694	GII.4	7565	p48	5	1330	+	orf1_relative
GII	LC769694	GII.4	7565	NTPase	1331	2095	+	orf1_relative
GII	LC769694	GII.4	7565	p22	2096	2503	+	orf1_relative
GII	LC769694	GII.4	7565	VPg	2504	2911	+	orf1_relative
GII	LC769694	GII.4	7565	3CLpro	2912	3472	+	orf1_relative
GII	LC769694	GII.4	7565	RdRp	4323	5079	+	inferred_from_region_blast
GII	LC769695	GII.4	7548	VP1	5077	6699	+	genbank
GII	LC769695	GII.4	7548	VP2	6699	7505	+	genbank
GII	LC769695	GII.4	7548	ORF1	1	5096	+	genbank
GII	LC769695	GII.4	7548	p48	1	1325	+	orf1_relative
GII	LC769695	GII.4	7548	NTPase	1326	2089	+	orf1_relative
GII	LC769695	GII.4	7548	p22	2090	2497	+	orf1_relative
GII	LC769695	GII.4	7548	VPg	2498	2905	+	orf1_relative
GII	LC769695	GII.4	7548	3CLpro	2906	3465	+	orf1_relative
GII	LC769695	GII.4	7548	RdRp	4315	5071	+	inferred_from_region_blast
GII	LC769696	GII.4	7559	VP1	5072	6694	+	genbank
GII	LC769696	GII.4	7559	VP2	6694	7500	+	genbank
GII	LC769696	GII.4	7559	ORF1	1	5091	+	genbank
GII	LC769696	GII.4	7559	p48	1	1324	+	orf1_relative
GII	LC769696	GII.4	7559	NTPase	1325	2087	+	orf1_relative
GII	LC769696	GII.4	7559	p22	2088	2495	+	orf1_relative
GII	LC769696	GII.4	7559	VPg	2496	2902	+	orf1_relative
GII	LC769696	GII.4	7559	3CLpro	2903	3462	+	orf1_relative
GII	LC769696	GII.4	7559	RdRp	4310	5066	+	inferred_from_region_blast
GII	LC769697	GII.4	7575	VP1	5085	6707	+	genbank
GII	LC769697	GII.4	7575	VP2	6707	7513	+	genbank
GII	LC769697	GII.4	7575	ORF1	5	5104	+	genbank
GII	LC769697	GII.4	7575	p48	5	1330	+	orf1_relative
GII	LC769697	GII.4	7575	NTPase	1331	2095	+	orf1_relative
GII	LC769697	GII.4	7575	p22	2096	2503	+	orf1_relative
GII	LC769697	GII.4	7575	VPg	2504	2911	+	orf1_relative
GII	LC769697	GII.4	7575	3CLpro	2912	3472	+	orf1_relative
GII	LC769697	GII.4	7575	RdRp	4323	5079	+	inferred_from_region_blast
GII	LC769698	GII.4	7547	VP1	5077	6699	+	genbank
GII	LC769698	GII.4	7547	VP2	6699	7505	+	genbank
GII	LC769698	GII.4	7547	ORF1	1	5096	+	genbank
GII	LC769698	GII.4	7547	p48	1	1325	+	orf1_relative
GII	LC769698	GII.4	7547	NTPase	1326	2089	+	orf1_relative
GII	LC769698	GII.4	7547	p22	2090	2497	+	orf1_relative
GII	LC769698	GII.4	7547	VPg	2498	2905	+	orf1_relative
GII	LC769698	GII.4	7547	3CLpro	2906	3465	+	orf1_relative
GII	LC769698	GII.4	7547	RdRp	4315	5071	+	inferred_from_region_blast
GII	LC769699	GII.4	7522	VP1	5048	6670	+	genbank
GII	LC769699	GII.4	7522	VP2	6670	7476	+	genbank
GII	LC769699	GII.4	7522	ORF1	1	5067	+	genbank
GII	LC769699	GII.4	7522	p48	1	1317	+	orf1_relative
GII	LC769699	GII.4	7522	NTPase	1318	2077	+	orf1_relative
GII	LC769699	GII.4	7522	p22	2078	2483	+	orf1_relative
GII	LC769699	GII.4	7522	VPg	2484	2888	+	orf1_relative
GII	LC769699	GII.4	7522	3CLpro	2889	3446	+	orf1_relative
GII	LC769699	GII.4	7522	RdRp	4286	5042	+	inferred_from_region_blast
GII	LC769701	GII.4	7567	VP1	5068	6693	+	genbank
GII	LC769701	GII.4	7567	VP2	6693	7499	+	genbank
GII	LC769701	GII.4	7567	ORF1	1	5087	+	genbank
GII	LC769701	GII.4	7567	p48	1	1323	+	orf1_relative
GII	LC769701	GII.4	7567	NTPase	1324	2086	+	orf1_relative
GII	LC769701	GII.4	7567	p22	2087	2493	+	orf1_relative
GII	LC769701	GII.4	7567	VPg	2494	2900	+	orf1_relative
GII	LC769701	GII.4	7567	3CLpro	2901	3459	+	orf1_relative
GII	LC769701	GII.4	7567	RdRp	4306	5062	+	inferred_from_region_blast
GII	LC769705	GII.4	7566	VP1	5076	6698	+	genbank
GII	LC769705	GII.4	7566	VP2	6698	7504	+	genbank
GII	LC769705	GII.4	7566	ORF1	1	5095	+	genbank
GII	LC769705	GII.4	7566	p48	1	1325	+	orf1_relative
GII	LC769705	GII.4	7566	NTPase	1326	2089	+	orf1_relative
GII	LC769705	GII.4	7566	p22	2090	2497	+	orf1_relative
GII	LC769705	GII.4	7566	VPg	2498	2904	+	orf1_relative
GII	LC769705	GII.4	7566	3CLpro	2905	3465	+	orf1_relative
GII	LC769705	GII.4	7566	RdRp	4314	5070	+	inferred_from_region_blast
GII	LC769707	GII.4	7553	VP1	5073	6695	+	genbank
GII	LC769707	GII.4	7553	VP2	6695	7501	+	genbank
GII	LC769707	GII.4	7553	ORF1	1	5092	+	genbank
GII	LC769707	GII.4	7553	p48	1	1324	+	orf1_relative
GII	LC769707	GII.4	7553	NTPase	1325	2088	+	orf1_relative
GII	LC769707	GII.4	7553	p22	2089	2495	+	orf1_relative
GII	LC769707	GII.4	7553	VPg	2496	2902	+	orf1_relative
GII	LC769707	GII.4	7553	3CLpro	2903	3463	+	orf1_relative
GII	LC769707	GII.4	7553	RdRp	4311	5067	+	inferred_from_region_blast
GII	LC769708	GII.4	7571	VP1	5085	6707	+	genbank
GII	LC769708	GII.4	7571	VP2	6707	7513	+	genbank
GII	LC769708	GII.4	7571	ORF1	5	5104	+	genbank
GII	LC769708	GII.4	7571	p48	5	1330	+	orf1_relative
GII	LC769708	GII.4	7571	NTPase	1331	2095	+	orf1_relative
GII	LC769708	GII.4	7571	p22	2096	2503	+	orf1_relative
GII	LC769708	GII.4	7571	VPg	2504	2911	+	orf1_relative
GII	LC769708	GII.4	7571	3CLpro	2912	3472	+	orf1_relative
GII	LC769708	GII.4	7571	RdRp	4323	5079	+	inferred_from_region_blast
GII	LC769714	GII.4	7532	VP1	5073	6695	+	genbank
GII	LC769714	GII.4	7532	VP2	6695	7501	+	genbank
GII	LC769714	GII.4	7532	ORF1	1	5092	+	genbank
GII	LC769714	GII.4	7532	p48	1	1324	+	orf1_relative
GII	LC769714	GII.4	7532	NTPase	1325	2088	+	orf1_relative
GII	LC769714	GII.4	7532	p22	2089	2495	+	orf1_relative
GII	LC769714	GII.4	7532	VPg	2496	2902	+	orf1_relative
GII	LC769714	GII.4	7532	3CLpro	2903	3463	+	orf1_relative
GII	LC769714	GII.4	7532	RdRp	4311	5067	+	inferred_from_region_blast
GII	LC771966	GII.4	7564	VP1	5085	6707	+	genbank
GII	LC771966	GII.4	7564	VP2	6707	7513	+	genbank
GII	LC771966	GII.4	7564	ORF1	5	5104	+	genbank
GII	LC771966	GII.4	7564	p48	5	1330	+	orf1_relative
GII	LC771966	GII.4	7564	NTPase	1331	2095	+	orf1_relative
GII	LC771966	GII.4	7564	p22	2096	2503	+	orf1_relative
GII	LC771966	GII.4	7564	VPg	2504	2911	+	orf1_relative
GII	LC771966	GII.4	7564	3CLpro	2912	3472	+	orf1_relative
GII	LC771966	GII.4	7564	RdRp	4323	5079	+	inferred_from_region_blast
GII	LC777250	GII.4	7570	VP1	5085	6707	+	genbank
GII	LC777250	GII.4	7570	VP2	6707	7513	+	genbank
GII	LC777250	GII.4	7570	ORF1	5	5104	+	genbank
GII	LC777250	GII.4	7570	p48	5	1330	+	orf1_relative
GII	LC777250	GII.4	7570	NTPase	1331	2095	+	orf1_relative
GII	LC777250	GII.4	7570	p22	2096	2503	+	orf1_relative
GII	LC777250	GII.4	7570	VPg	2504	2911	+	orf1_relative
GII	LC777250	GII.4	7570	3CLpro	2912	3472	+	orf1_relative
GII	LC777250	GII.4	7570	RdRp	4323	5079	+	inferred_from_region_blast
GII	LC790052	GII.4	7517	VP1	5068	6690	+	genbank
GII	LC790052	GII.4	7517	VP2	6690	7496	+	genbank
GII	LC790052	GII.4	7517	ORF1	1	5087	+	genbank
GII	LC790052	GII.4	7517	p48	1	1323	+	orf1_relative
GII	LC790052	GII.4	7517	NTPase	1324	2086	+	orf1_relative
GII	LC790052	GII.4	7517	p22	2087	2493	+	orf1_relative
GII	LC790052	GII.4	7517	VPg	2494	2900	+	orf1_relative
GII	LC790052	GII.4	7517	3CLpro	2901	3459	+	orf1_relative
GII	LC790052	GII.4	7517	RdRp	4306	5062	+	inferred_from_region_blast
GII	LC790053	GII.4	7505	VP1	5068	6690	+	genbank
GII	LC790053	GII.4	7505	VP2	6690	7496	+	genbank
GII	LC790053	GII.4	7505	ORF1	1	5087	+	genbank
GII	LC790053	GII.4	7505	p48	1	1323	+	orf1_relative
GII	LC790053	GII.4	7505	NTPase	1324	2086	+	orf1_relative
GII	LC790053	GII.4	7505	p22	2087	2493	+	orf1_relative
GII	LC790053	GII.4	7505	VPg	2494	2900	+	orf1_relative
GII	LC790053	GII.4	7505	3CLpro	2901	3459	+	orf1_relative
GII	LC790053	GII.4	7505	RdRp	4306	5062	+	inferred_from_region_blast
GII	LC790054	GII.4	7531	VP1	5073	6695	+	genbank
GII	LC790054	GII.4	7531	VP2	6695	7501	+	genbank
GII	LC790054	GII.4	7531	ORF1	1	5092	+	genbank
GII	LC790054	GII.4	7531	p48	1	1324	+	orf1_relative
GII	LC790054	GII.4	7531	NTPase	1325	2088	+	orf1_relative
GII	LC790054	GII.4	7531	p22	2089	2495	+	orf1_relative
GII	LC790054	GII.4	7531	VPg	2496	2902	+	orf1_relative
GII	LC790054	GII.4	7531	3CLpro	2903	3463	+	orf1_relative
GII	LC790054	GII.4	7531	RdRp	4311	5067	+	inferred_from_region_blast
GII	LC790057	GII.4	7615	VP1	5071	6693	+	genbank
GII	LC790057	GII.4	7615	VP2	6693	7499	+	genbank
GII	LC790057	GII.4	7615	ORF1	1	5090	+	genbank
GII	LC790057	GII.4	7615	p48	1	1323	+	orf1_relative
GII	LC790057	GII.4	7615	NTPase	1324	2087	+	orf1_relative
GII	LC790057	GII.4	7615	p22	2088	2494	+	orf1_relative
GII	LC790057	GII.4	7615	VPg	2495	2901	+	orf1_relative
GII	LC790057	GII.4	7615	3CLpro	2902	3461	+	orf1_relative
GII	LC790057	GII.4	7615	RdRp	4309	5065	+	inferred_from_region_blast
GII	LC790058	GII.4	7540	VP1	5071	6693	+	genbank
GII	LC790058	GII.4	7540	VP2	6693	7499	+	genbank
GII	LC790058	GII.4	7540	ORF1	1	5090	+	genbank
GII	LC790058	GII.4	7540	p48	1	1323	+	orf1_relative
GII	LC790058	GII.4	7540	NTPase	1324	2087	+	orf1_relative
GII	LC790058	GII.4	7540	p22	2088	2494	+	orf1_relative
GII	LC790058	GII.4	7540	VPg	2495	2901	+	orf1_relative
GII	LC790058	GII.4	7540	3CLpro	2902	3461	+	orf1_relative
GII	LC790058	GII.4	7540	RdRp	4309	5065	+	inferred_from_region_blast
GII	LC790059	GII.4	7541	VP1	5074	6696	+	genbank
GII	LC790059	GII.4	7541	VP2	6696	7502	+	genbank
GII	LC790059	GII.4	7541	ORF1	1	5093	+	genbank
GII	LC790059	GII.4	7541	p48	1	1324	+	orf1_relative
GII	LC790059	GII.4	7541	NTPase	1325	2088	+	orf1_relative
GII	LC790059	GII.4	7541	p22	2089	2496	+	orf1_relative
GII	LC790059	GII.4	7541	VPg	2497	2903	+	orf1_relative
GII	LC790059	GII.4	7541	3CLpro	2904	3463	+	orf1_relative
GII	LC790059	GII.4	7541	RdRp	4312	5068	+	inferred_from_region_blast
GII	LC790060	GII.4	7542	VP1	5073	6695	+	genbank
GII	LC790060	GII.4	7542	VP2	6695	7501	+	genbank
GII	LC790060	GII.4	7542	ORF1	1	5092	+	genbank
GII	LC790060	GII.4	7542	p48	1	1324	+	orf1_relative
GII	LC790060	GII.4	7542	NTPase	1325	2088	+	orf1_relative
GII	LC790060	GII.4	7542	p22	2089	2495	+	orf1_relative
GII	LC790060	GII.4	7542	VPg	2496	2902	+	orf1_relative
GII	LC790060	GII.4	7542	3CLpro	2903	3463	+	orf1_relative
GII	LC790060	GII.4	7542	RdRp	4311	5067	+	inferred_from_region_blast
GII	LC790061	GII.4	7531	VP1	5064	6686	+	genbank
GII	LC790061	GII.4	7531	VP2	6686	7492	+	genbank
GII	LC790061	GII.4	7531	ORF1	1	5083	+	genbank
GII	LC790061	GII.4	7531	p48	1	1322	+	orf1_relative
GII	LC790061	GII.4	7531	NTPase	1323	2084	+	orf1_relative
GII	LC790061	GII.4	7531	p22	2085	2491	+	orf1_relative
GII	LC790061	GII.4	7531	VPg	2492	2897	+	orf1_relative
GII	LC790061	GII.4	7531	3CLpro	2898	3456	+	orf1_relative
GII	LC790061	GII.4	7531	RdRp	4302	5058	+	inferred_from_region_blast
GII	LC790063	GII.4	7128	VP1	4686	6308	+	genbank
GII	LC790063	GII.4	7128	VP2	6308	7114	+	genbank
GII	LC790063	GII.4	7128	ORF1	1	4705	+	genbank
GII	LC790063	GII.4	7128	p48	1	1223	+	orf1_relative
GII	LC790063	GII.4	7128	NTPase	1224	1929	+	orf1_relative
GII	LC790063	GII.4	7128	p22	1930	2305	+	orf1_relative
GII	LC790063	GII.4	7128	VPg	2306	2682	+	orf1_relative
GII	LC790063	GII.4	7128	3CLpro	2683	3199	+	orf1_relative
GII	LC790063	GII.4	7128	RdRp	3924	4680	+	inferred_from_region_blast
GII	LC790064	GII.4	7540	VP1	5075	6697	+	genbank
GII	LC790064	GII.4	7540	VP2	6697	7503	+	genbank
GII	LC790064	GII.4	7540	ORF1	1	5094	+	genbank
GII	LC790064	GII.4	7540	p48	1	1324	+	orf1_relative
GII	LC790064	GII.4	7540	NTPase	1325	2089	+	orf1_relative
GII	LC790064	GII.4	7540	p22	2090	2496	+	orf1_relative
GII	LC790064	GII.4	7540	VPg	2497	2904	+	orf1_relative
GII	LC790064	GII.4	7540	3CLpro	2905	3464	+	orf1_relative
GII	LC790064	GII.4	7540	RdRp	4313	5069	+	inferred_from_region_blast
GII	LC790065	GII.4	7536	VP1	5071	6693	+	genbank
GII	LC790065	GII.4	7536	VP2	6693	7499	+	genbank
GII	LC790065	GII.4	7536	ORF1	1	5090	+	genbank
GII	LC790065	GII.4	7536	p48	1	1323	+	orf1_relative
GII	LC790065	GII.4	7536	NTPase	1324	2087	+	orf1_relative
GII	LC790065	GII.4	7536	p22	2088	2494	+	orf1_relative
GII	LC790065	GII.4	7536	VPg	2495	2901	+	orf1_relative
GII	LC790065	GII.4	7536	3CLpro	2902	3461	+	orf1_relative
GII	LC790065	GII.4	7536	RdRp	4309	5065	+	inferred_from_region_blast
GII	LC790066	GII.4	7538	VP1	5070	6692	+	genbank
GII	LC790066	GII.4	7538	VP2	6692	7498	+	genbank
GII	LC790066	GII.4	7538	ORF1	1	5089	+	genbank
GII	LC790066	GII.4	7538	p48	1	1323	+	orf1_relative
GII	LC790066	GII.4	7538	NTPase	1324	2086	+	orf1_relative
GII	LC790066	GII.4	7538	p22	2087	2494	+	orf1_relative
GII	LC790066	GII.4	7538	VPg	2495	2901	+	orf1_relative
GII	LC790066	GII.4	7538	3CLpro	2902	3461	+	orf1_relative
GII	LC790066	GII.4	7538	RdRp	4308	5064	+	inferred_from_region_blast
GII	LC790067	GII.4	7513	VP1	5071	6693	+	genbank
GII	LC790067	GII.4	7513	VP2	6693	7499	+	genbank
GII	LC790067	GII.4	7513	ORF1	1	5090	+	genbank
GII	LC790067	GII.4	7513	p48	1	1323	+	orf1_relative
GII	LC790067	GII.4	7513	NTPase	1324	2087	+	orf1_relative
GII	LC790067	GII.4	7513	p22	2088	2494	+	orf1_relative
GII	LC790067	GII.4	7513	VPg	2495	2901	+	orf1_relative
GII	LC790067	GII.4	7513	3CLpro	2902	3461	+	orf1_relative
GII	LC790067	GII.4	7513	RdRp	4309	5061	+	inferred_from_region_blast
GII	LC790068	GII.4	7539	VP1	5076	6698	+	genbank
GII	LC790068	GII.4	7539	VP2	6698	7504	+	genbank
GII	LC790068	GII.4	7539	ORF1	1	5095	+	genbank
GII	LC790068	GII.4	7539	p48	1	1325	+	orf1_relative
GII	LC790068	GII.4	7539	NTPase	1326	2089	+	orf1_relative
GII	LC790068	GII.4	7539	p22	2090	2497	+	orf1_relative
GII	LC790068	GII.4	7539	VPg	2498	2904	+	orf1_relative
GII	LC790068	GII.4	7539	3CLpro	2905	3465	+	orf1_relative
GII	LC790068	GII.4	7539	RdRp	4314	5070	+	inferred_from_region_blast
GII	LC790069	GII.4	7148	VP1	4685	6307	+	genbank
GII	LC790069	GII.4	7148	VP2	6307	7113	+	genbank
GII	LC790069	GII.4	7148	ORF1	1	4704	+	genbank
GII	LC790069	GII.4	7148	p48	1	1223	+	orf1_relative
GII	LC790069	GII.4	7148	NTPase	1224	1929	+	orf1_relative
GII	LC790069	GII.4	7148	p22	1930	2305	+	orf1_relative
GII	LC790069	GII.4	7148	VPg	2306	2681	+	orf1_relative
GII	LC790069	GII.4	7148	3CLpro	2682	3199	+	orf1_relative
GII	LC790069	GII.4	7148	RdRp	3923	4679	+	inferred_from_region_blast
GII	LC790070	GII.4	7499	VP1	5031	6653	+	genbank
GII	LC790070	GII.4	7499	VP2	6653	7459	+	genbank
GII	LC790070	GII.4	7499	ORF1	1	5050	+	genbank
GII	LC790070	GII.4	7499	p48	1	1313	+	orf1_relative
GII	LC790070	GII.4	7499	NTPase	1314	2070	+	orf1_relative
GII	LC790070	GII.4	7499	p22	2071	2474	+	orf1_relative
GII	LC790070	GII.4	7499	VPg	2475	2878	+	orf1_relative
GII	LC790070	GII.4	7499	3CLpro	2879	3434	+	orf1_relative
GII	LC790070	GII.4	7499	RdRp	4269	5025	+	inferred_from_region_blast
GII	LC848167	GII.4	7489	VP1	5061	6683	+	genbank
GII	LC848167	GII.4	7489	VP2	6683	7489	+	genbank
GII	LC848167	GII.4	7489	ORF1	1	5080	+	genbank
GII	LC848167	GII.4	7489	p48	1	1321	+	orf1_relative
GII	LC848167	GII.4	7489	NTPase	1322	2083	+	orf1_relative
GII	LC848167	GII.4	7489	p22	2084	2489	+	orf1_relative
GII	LC848167	GII.4	7489	VPg	2490	2896	+	orf1_relative
GII	LC848167	GII.4	7489	3CLpro	2897	3454	+	orf1_relative
GII	LC848167	GII.4	7489	RdRp	4299	5055	+	inferred_from_region_blast
GII	LC848168	GII.4	7489	VP1	5061	6683	+	genbank
GII	LC848168	GII.4	7489	VP2	6683	7489	+	genbank
GII	LC848168	GII.4	7489	ORF1	1	5080	+	genbank
GII	LC848168	GII.4	7489	p48	1	1321	+	orf1_relative
GII	LC848168	GII.4	7489	NTPase	1322	2083	+	orf1_relative
GII	LC848168	GII.4	7489	p22	2084	2489	+	orf1_relative
GII	LC848168	GII.4	7489	VPg	2490	2896	+	orf1_relative
GII	LC848168	GII.4	7489	3CLpro	2897	3454	+	orf1_relative
GII	LC848168	GII.4	7489	RdRp	4299	5055	+	inferred_from_region_blast
GII	LC848169	GII.4	7508	VP1	5080	6702	+	genbank
GII	LC848169	GII.4	7508	VP2	6702	7508	+	genbank
GII	LC848169	GII.4	7508	ORF1	1	5099	+	genbank
GII	LC848169	GII.4	7508	p48	1	1326	+	orf1_relative
GII	LC848169	GII.4	7508	NTPase	1327	2091	+	orf1_relative
GII	LC848169	GII.4	7508	p22	2092	2499	+	orf1_relative
GII	LC848169	GII.4	7508	VPg	2500	2906	+	orf1_relative
GII	LC848169	GII.4	7508	3CLpro	2907	3467	+	orf1_relative
GII	LC848169	GII.4	7508	RdRp	4318	5074	+	inferred_from_region_blast
GII	LC848170	GII.4	7489	VP1	5061	6683	+	genbank
GII	LC848170	GII.4	7489	VP2	6683	7489	+	genbank
GII	LC848170	GII.4	7489	RdRp	4299	5055	+	inferred_from_region_blast
GII	MF140636	GII.4	7334	VP1	4907	6509	+	inferred_from_region_blast
GII	MF140636	GII.4	7334	VP2	6528	7334	+	genbank
GII	MF140636	GII.4	7334	ORF1	1	4925	+	genbank
GII	MF140636	GII.4	7334	p48	1	1280	+	orf1_relative
GII	MF140636	GII.4	7334	NTPase	1281	2019	+	orf1_relative
GII	MF140636	GII.4	7334	p22	2020	2413	+	orf1_relative
GII	MF140636	GII.4	7334	VPg	2414	2807	+	orf1_relative
GII	MF140636	GII.4	7334	3CLpro	2808	3349	+	orf1_relative
GII	MF140636	GII.4	7334	RdRp	4144	4900	+	inferred_from_region_blast
GII	MF140637	GII.4	7497	VP1	5072	6674	+	inferred_from_region_blast
GII	MF140637	GII.4	7497	VP2	6693	7497	+	genbank
GII	MF140637	GII.4	7497	ORF1	1	5090	+	genbank
GII	MF140637	GII.4	7497	p48	1	1323	+	orf1_relative
GII	MF140637	GII.4	7497	NTPase	1324	2087	+	orf1_relative
GII	MF140637	GII.4	7497	p22	2088	2494	+	orf1_relative
GII	MF140637	GII.4	7497	VPg	2495	2901	+	orf1_relative
GII	MF140637	GII.4	7497	3CLpro	2902	3461	+	orf1_relative
GII	MF140637	GII.4	7497	RdRp	4309	5065	+	inferred_from_region_blast
GII	MF140638	GII.4	7496	VP1	5069	6671	+	inferred_from_region_blast
GII	MF140638	GII.4	7496	VP2	6690	7496	+	genbank
GII	MF140638	GII.4	7496	ORF1	1	5087	+	genbank
GII	MF140638	GII.4	7496	p48	1	1323	+	orf1_relative
GII	MF140638	GII.4	7496	NTPase	1324	2086	+	orf1_relative
GII	MF140638	GII.4	7496	p22	2087	2493	+	orf1_relative
GII	MF140638	GII.4	7496	VPg	2494	2900	+	orf1_relative
GII	MF140638	GII.4	7496	3CLpro	2901	3459	+	orf1_relative
GII	MF140638	GII.4	7496	RdRp	4306	5062	+	inferred_from_region_blast
GII	MF140639	GII.4	7468	VP1	5046	6648	+	inferred_from_region_blast
GII	MF140639	GII.4	7468	VP2	6667	7468	+	genbank
GII	MF140639	GII.4	7468	ORF1	1	5064	+	genbank
GII	MF140639	GII.4	7468	p48	1	1317	+	orf1_relative
GII	MF140639	GII.4	7468	NTPase	1318	2076	+	orf1_relative
GII	MF140639	GII.4	7468	p22	2077	2481	+	orf1_relative
GII	MF140639	GII.4	7468	VPg	2482	2886	+	orf1_relative
GII	MF140639	GII.4	7468	3CLpro	2887	3444	+	orf1_relative
GII	MF140639	GII.4	7468	RdRp	4283	5039	+	inferred_from_region_blast
GII	MF140640	GII.4	7487	VP1	5067	6669	+	inferred_from_region_blast
GII	MF140640	GII.4	7487	VP2	6688	7487	+	genbank
GII	MF140640	GII.4	7487	ORF1	1	5085	+	genbank
GII	MF140640	GII.4	7487	p48	1	1322	+	orf1_relative
GII	MF140640	GII.4	7487	NTPase	1323	2085	+	orf1_relative
GII	MF140640	GII.4	7487	p22	2086	2492	+	orf1_relative
GII	MF140640	GII.4	7487	VPg	2493	2898	+	orf1_relative
GII	MF140640	GII.4	7487	3CLpro	2899	3458	+	orf1_relative
GII	MF140640	GII.4	7487	RdRp	4304	5060	+	inferred_from_region_blast
GII	MG002630	GII.4	7539	VP1	5064	6686	+	genbank
GII	MG002630	GII.4	7539	VP2	6686	7492	+	genbank
GII	MG002630	GII.4	7539	ORF1	1	5083	+	genbank
GII	MG002630	GII.4	7539	p48	1	1322	+	orf1_relative
GII	MG002630	GII.4	7539	NTPase	1323	2084	+	orf1_relative
GII	MG002630	GII.4	7539	p22	2085	2491	+	orf1_relative
GII	MG002630	GII.4	7539	VPg	2492	2897	+	orf1_relative
GII	MG002630	GII.4	7539	3CLpro	2898	3456	+	orf1_relative
GII	MG002630	GII.4	7539	RdRp	4302	5058	+	inferred_from_region_blast
GII	MG002631	GII.4	7522	VP1	5063	6685	+	genbank
GII	MG002631	GII.4	7522	VP2	6685	7491	+	genbank
GII	MG002631	GII.4	7522	ORF1	1	5082	+	genbank
GII	MG002631	GII.4	7522	p48	1	1321	+	orf1_relative
GII	MG002631	GII.4	7522	NTPase	1322	2084	+	orf1_relative
GII	MG002631	GII.4	7522	p22	2085	2490	+	orf1_relative
GII	MG002631	GII.4	7522	VPg	2491	2897	+	orf1_relative
GII	MG002631	GII.4	7522	3CLpro	2898	3456	+	orf1_relative
GII	MG002631	GII.4	7522	RdRp	4301	5057	+	inferred_from_region_blast
GII	MG002632	GII.4	7550	VP1	5080	6702	+	genbank
GII	MG002632	GII.4	7550	VP2	6702	7508	+	genbank
GII	MG002632	GII.4	7550	ORF1	6	5099	+	genbank
GII	MG002632	GII.4	7550	p48	6	1329	+	orf1_relative
GII	MG002632	GII.4	7550	NTPase	1330	2094	+	orf1_relative
GII	MG002632	GII.4	7550	p22	2095	2501	+	orf1_relative
GII	MG002632	GII.4	7550	VPg	2502	2909	+	orf1_relative
GII	MG002632	GII.4	7550	3CLpro	2910	3469	+	orf1_relative
GII	MG002632	GII.4	7550	RdRp	4318	5074	+	inferred_from_region_blast
GII	MG002633	GII.4	7538	VP1	5063	6685	+	genbank
GII	MG002633	GII.4	7538	VP2	6685	7491	+	genbank
GII	MG002633	GII.4	7538	ORF1	1	5082	+	genbank
GII	MG002633	GII.4	7538	p48	1	1321	+	orf1_relative
GII	MG002633	GII.4	7538	NTPase	1322	2084	+	orf1_relative
GII	MG002633	GII.4	7538	p22	2085	2490	+	orf1_relative
GII	MG002633	GII.4	7538	VPg	2491	2897	+	orf1_relative
GII	MG002633	GII.4	7538	3CLpro	2898	3456	+	orf1_relative
GII	MG002633	GII.4	7538	RdRp	4301	5057	+	inferred_from_region_blast
GII	MG002634	GII.4	7555	VP1	5080	6702	+	genbank
GII	MG002634	GII.4	7555	VP2	6702	7508	+	genbank
GII	MG002634	GII.4	7555	ORF1	6	5099	+	genbank
GII	MG002634	GII.4	7555	p48	6	1329	+	orf1_relative
GII	MG002634	GII.4	7555	NTPase	1330	2094	+	orf1_relative
GII	MG002634	GII.4	7555	p22	2095	2501	+	orf1_relative
GII	MG002634	GII.4	7555	VPg	2502	2909	+	orf1_relative
GII	MG002634	GII.4	7555	3CLpro	2910	3469	+	orf1_relative
GII	MG002634	GII.4	7555	RdRp	4318	5074	+	inferred_from_region_blast
GII	MG786781	GII.4	7535	VP1	5071	6693	+	genbank
GII	MG786781	GII.4	7535	VP2	6693	7499	+	genbank
GII	MG786781	GII.4	7535	ORF1	1	5090	+	genbank
GII	MG786781	GII.4	7535	p48	1	1323	+	orf1_relative
GII	MG786781	GII.4	7535	NTPase	1324	2087	+	orf1_relative
GII	MG786781	GII.4	7535	p22	2088	2494	+	orf1_relative
GII	MG786781	GII.4	7535	VPg	2495	2901	+	orf1_relative
GII	MG786781	GII.4	7535	3CLpro	2902	3461	+	orf1_relative
GII	MG786781	GII.4	7535	RdRp	4309	5065	+	inferred_from_region_blast
GII	MG892929	GII.4	7581	VP1	5085	6707	+	genbank
GII	MG892929	GII.4	7581	VP2	6707	7513	+	genbank
GII	MG892929	GII.4	7581	ORF1	5	5104	+	genbank
GII	MG892929	GII.4	7581	p48	5	1330	+	orf1_relative
GII	MG892929	GII.4	7581	NTPase	1331	2095	+	orf1_relative
GII	MG892929	GII.4	7581	p22	2096	2503	+	orf1_relative
GII	MG892929	GII.4	7581	VPg	2504	2911	+	orf1_relative
GII	MG892929	GII.4	7581	3CLpro	2912	3472	+	orf1_relative
GII	MG892929	GII.4	7581	5'UTR	1	4	+	genbank
GII	MG892929	GII.4	7581	3'UTR	7514	7560	+	genbank
GII	MG892929	GII.4	7581	RdRp	4323	5079	+	inferred_from_region_blast
GII	MH188080	GII.4	7044	VP1	4673	6295	+	genbank
GII	MH188080	GII.4	7044	VP2	6295	7044	+	genbank
GII	MH188080	GII.4	7044	ORF1	1	4692	+	genbank
GII	MH188080	GII.4	7044	p48	1	1220	+	orf1_relative
GII	MH188080	GII.4	7044	NTPase	1221	1924	+	orf1_relative
GII	MH188080	GII.4	7044	p22	1925	2299	+	orf1_relative
GII	MH188080	GII.4	7044	VPg	2300	2674	+	orf1_relative
GII	MH188080	GII.4	7044	3CLpro	2675	3191	+	orf1_relative
GII	MH188080	GII.4	7044	RdRp	3911	4667	+	inferred_from_region_blast
GII	MH218607	GII.4	7513	VP1	5085	6707	+	genbank
GII	MH218607	GII.4	7513	VP2	6707	7513	+	genbank
GII	MH218607	GII.4	7513	ORF1	5	5104	+	genbank
GII	MH218607	GII.4	7513	p48	5	1330	+	orf1_relative
GII	MH218607	GII.4	7513	NTPase	1331	2095	+	orf1_relative
GII	MH218607	GII.4	7513	p22	2096	2503	+	orf1_relative
GII	MH218607	GII.4	7513	VPg	2504	2911	+	orf1_relative
GII	MH218607	GII.4	7513	3CLpro	2912	3472	+	orf1_relative
GII	MH218607	GII.4	7513	RdRp	4323	5079	+	inferred_from_region_blast
GII	MH218612	GII.4	7564	VP1	5085	6707	+	genbank
GII	MH218612	GII.4	7564	VP2	6707	7513	+	genbank
GII	MH218612	GII.4	7564	ORF1	5	5104	+	genbank
GII	MH218612	GII.4	7564	p48	5	1330	+	orf1_relative
GII	MH218612	GII.4	7564	NTPase	1331	2095	+	orf1_relative
GII	MH218612	GII.4	7564	p22	2096	2503	+	orf1_relative
GII	MH218612	GII.4	7564	VPg	2504	2911	+	orf1_relative
GII	MH218612	GII.4	7564	3CLpro	2912	3472	+	orf1_relative
GII	MH218612	GII.4	7564	RdRp	4323	5079	+	inferred_from_region_blast
GII	MH218685	GII.4	7559	VP1	5085	6707	+	genbank
GII	MH218685	GII.4	7559	VP2	6707	7513	+	genbank
GII	MH218685	GII.4	7559	ORF1	5	5104	+	genbank
GII	MH218685	GII.4	7559	p48	5	1330	+	orf1_relative
GII	MH218685	GII.4	7559	NTPase	1331	2095	+	orf1_relative
GII	MH218685	GII.4	7559	p22	2096	2503	+	orf1_relative
GII	MH218685	GII.4	7559	VPg	2504	2911	+	orf1_relative
GII	MH218685	GII.4	7559	3CLpro	2912	3472	+	orf1_relative
GII	MH218685	GII.4	7559	RdRp	4323	5079	+	inferred_from_region_blast
GII	MH218707	GII.4	7517	VP1	5085	6707	+	genbank
GII	MH218707	GII.4	7517	VP2	6707	7513	+	genbank
GII	MH218707	GII.4	7517	ORF1	5	5104	+	genbank
GII	MH218707	GII.4	7517	p48	5	1330	+	orf1_relative
GII	MH218707	GII.4	7517	NTPase	1331	2095	+	orf1_relative
GII	MH218707	GII.4	7517	p22	2096	2503	+	orf1_relative
GII	MH218707	GII.4	7517	VPg	2504	2911	+	orf1_relative
GII	MH218707	GII.4	7517	3CLpro	2912	3472	+	orf1_relative
GII	MH218707	GII.4	7517	RdRp	4323	5079	+	inferred_from_region_blast
GII	MH260479	GII.4	7494	VP1	5085	6707	+	genbank
GII	MH260479	GII.4	7494	VP2	6707	7494	+	genbank
GII	MH260479	GII.4	7494	ORF1	5	5104	+	genbank
GII	MH260479	GII.4	7494	p48	5	1330	+	orf1_relative
GII	MH260479	GII.4	7494	NTPase	1331	2095	+	orf1_relative
GII	MH260479	GII.4	7494	p22	2096	2503	+	orf1_relative
GII	MH260479	GII.4	7494	VPg	2504	2911	+	orf1_relative
GII	MH260479	GII.4	7494	3CLpro	2912	3472	+	orf1_relative
GII	MH260479	GII.4	7494	RdRp	4323	5079	+	inferred_from_region_blast
GII	MH260480	GII.4	7493	VP1	5085	6707	+	genbank
GII	MH260480	GII.4	7493	VP2	6707	7493	+	genbank
GII	MH260480	GII.4	7493	ORF1	5	5104	+	genbank
GII	MH260480	GII.4	7493	p48	5	1330	+	orf1_relative
GII	MH260480	GII.4	7493	NTPase	1331	2095	+	orf1_relative
GII	MH260480	GII.4	7493	p22	2096	2503	+	orf1_relative
GII	MH260480	GII.4	7493	VPg	2504	2911	+	orf1_relative
GII	MH260480	GII.4	7493	3CLpro	2912	3472	+	orf1_relative
GII	MH260480	GII.4	7493	RdRp	4323	5079	+	inferred_from_region_blast
GII	MH260481	GII.4	7433	VP1	5003	6625	+	genbank
GII	MH260481	GII.4	7433	VP2	6625	7431	+	genbank
GII	MH260481	GII.4	7433	ORF1	1	5022	+	genbank
GII	MH260481	GII.4	7433	p48	1	1306	+	orf1_relative
GII	MH260481	GII.4	7433	NTPase	1307	2059	+	orf1_relative
GII	MH260481	GII.4	7433	p22	2060	2461	+	orf1_relative
GII	MH260481	GII.4	7433	VPg	2462	2863	+	orf1_relative
GII	MH260481	GII.4	7433	3CLpro	2864	3415	+	orf1_relative
GII	MH260481	GII.4	7433	RdRp	4241	4997	+	inferred_from_region_blast
GII	MH260482	GII.4	7327	VP1	5085	6707	+	genbank
GII	MH260482	GII.4	7327	VP2	6707	7327	+	genbank
GII	MH260482	GII.4	7327	ORF1	5	5104	+	genbank
GII	MH260482	GII.4	7327	p48	5	1330	+	orf1_relative
GII	MH260482	GII.4	7327	NTPase	1331	2095	+	orf1_relative
GII	MH260482	GII.4	7327	p22	2096	2503	+	orf1_relative
GII	MH260482	GII.4	7327	VPg	2504	2911	+	orf1_relative
GII	MH260482	GII.4	7327	3CLpro	2912	3472	+	orf1_relative
GII	MH260482	GII.4	7327	RdRp	4325	5079	+	inferred_from_region_blast
GII	MH260483	GII.4	7536	VP1	5085	6707	+	genbank
GII	MH260483	GII.4	7536	VP2	6707	7513	+	genbank
GII	MH260483	GII.4	7536	ORF1	5	5104	+	genbank
GII	MH260483	GII.4	7536	p48	5	1330	+	orf1_relative
GII	MH260483	GII.4	7536	NTPase	1331	2095	+	orf1_relative
GII	MH260483	GII.4	7536	p22	2096	2503	+	orf1_relative
GII	MH260483	GII.4	7536	VPg	2504	2911	+	orf1_relative
GII	MH260483	GII.4	7536	3CLpro	2912	3472	+	orf1_relative
GII	MH260483	GII.4	7536	RdRp	4323	5079	+	inferred_from_region_blast
GII	MH260484	GII.4	7536	VP1	5085	6707	+	genbank
GII	MH260484	GII.4	7536	VP2	6707	7513	+	genbank
GII	MH260484	GII.4	7536	ORF1	5	5104	+	genbank
GII	MH260484	GII.4	7536	p48	5	1330	+	orf1_relative
GII	MH260484	GII.4	7536	NTPase	1331	2095	+	orf1_relative
GII	MH260484	GII.4	7536	p22	2096	2503	+	orf1_relative
GII	MH260484	GII.4	7536	VPg	2504	2911	+	orf1_relative
GII	MH260484	GII.4	7536	3CLpro	2912	3472	+	orf1_relative
GII	MH260484	GII.4	7536	RdRp	4325	5079	+	inferred_from_region_blast
GII	MH260485	GII.4	7524	VP1	5085	6707	+	genbank
GII	MH260485	GII.4	7524	VP2	6707	7513	+	genbank
GII	MH260485	GII.4	7524	ORF1	5	5104	+	genbank
GII	MH260485	GII.4	7524	p48	5	1330	+	orf1_relative
GII	MH260485	GII.4	7524	NTPase	1331	2095	+	orf1_relative
GII	MH260485	GII.4	7524	p22	2096	2503	+	orf1_relative
GII	MH260485	GII.4	7524	VPg	2504	2911	+	orf1_relative
GII	MH260485	GII.4	7524	3CLpro	2912	3472	+	orf1_relative
GII	MH260485	GII.4	7524	RdRp	4323	5079	+	inferred_from_region_blast
GII	MH260486	GII.4	7454	VP1	5003	6625	+	genbank
GII	MH260486	GII.4	7454	VP2	6625	7431	+	genbank
GII	MH260486	GII.4	7454	ORF1	1	5022	+	genbank
GII	MH260486	GII.4	7454	p48	1	1306	+	orf1_relative
GII	MH260486	GII.4	7454	NTPase	1307	2059	+	orf1_relative
GII	MH260486	GII.4	7454	p22	2060	2461	+	orf1_relative
GII	MH260486	GII.4	7454	VPg	2462	2863	+	orf1_relative
GII	MH260486	GII.4	7454	3CLpro	2864	3415	+	orf1_relative
GII	MH260486	GII.4	7454	RdRp	4241	4997	+	inferred_from_region_blast
GII	MH260488	GII.4	7536	VP1	5085	6707	+	genbank
GII	MH260488	GII.4	7536	VP2	6707	7513	+	genbank
GII	MH260488	GII.4	7536	ORF1	5	5104	+	genbank
GII	MH260488	GII.4	7536	p48	5	1330	+	orf1_relative
GII	MH260488	GII.4	7536	NTPase	1331	2095	+	orf1_relative
GII	MH260488	GII.4	7536	p22	2096	2503	+	orf1_relative
GII	MH260488	GII.4	7536	VPg	2504	2911	+	orf1_relative
GII	MH260488	GII.4	7536	3CLpro	2912	3472	+	orf1_relative
GII	MH260488	GII.4	7536	RdRp	4323	5079	+	inferred_from_region_blast
GII	MH260489	GII.4	7476	VP1	5085	6707	+	genbank
GII	MH260489	GII.4	7476	VP2	6707	7476	+	genbank
GII	MH260489	GII.4	7476	ORF1	5	5104	+	genbank
GII	MH260489	GII.4	7476	p48	5	1330	+	orf1_relative
GII	MH260489	GII.4	7476	NTPase	1331	2095	+	orf1_relative
GII	MH260489	GII.4	7476	p22	2096	2503	+	orf1_relative
GII	MH260489	GII.4	7476	VPg	2504	2911	+	orf1_relative
GII	MH260489	GII.4	7476	3CLpro	2912	3472	+	orf1_relative
GII	MH260489	GII.4	7476	RdRp	4323	5079	+	inferred_from_region_blast
GII	MH260490	GII.4	7559	VP1	5085	6707	+	genbank
GII	MH260490	GII.4	7559	VP2	6707	7513	+	genbank
GII	MH260490	GII.4	7559	ORF1	5	5104	+	genbank
GII	MH260490	GII.4	7559	p48	5	1330	+	orf1_relative
GII	MH260490	GII.4	7559	NTPase	1331	2095	+	orf1_relative
GII	MH260490	GII.4	7559	p22	2096	2503	+	orf1_relative
GII	MH260490	GII.4	7559	VPg	2504	2911	+	orf1_relative
GII	MH260490	GII.4	7559	3CLpro	2912	3472	+	orf1_relative
GII	MH260490	GII.4	7559	RdRp	4323	5079	+	inferred_from_region_blast
GII	MH260491	GII.4	7495	VP1	5044	6666	+	genbank
GII	MH260491	GII.4	7495	VP2	6666	7472	+	genbank
GII	MH260491	GII.4	7495	ORF1	1	5063	+	genbank
GII	MH260491	GII.4	7495	p48	1	1316	+	orf1_relative
GII	MH260491	GII.4	7495	NTPase	1317	2076	+	orf1_relative
GII	MH260491	GII.4	7495	p22	2077	2481	+	orf1_relative
GII	MH260491	GII.4	7495	VPg	2482	2886	+	orf1_relative
GII	MH260491	GII.4	7495	3CLpro	2887	3443	+	orf1_relative
GII	MH260491	GII.4	7495	RdRp	4282	5038	+	inferred_from_region_blast
GII	MH260492	GII.4	7536	VP1	5085	6707	+	genbank
GII	MH260492	GII.4	7536	VP2	6707	7513	+	genbank
GII	MH260492	GII.4	7536	ORF1	5	5104	+	genbank
GII	MH260492	GII.4	7536	p48	5	1330	+	orf1_relative
GII	MH260492	GII.4	7536	NTPase	1331	2095	+	orf1_relative
GII	MH260492	GII.4	7536	p22	2096	2503	+	orf1_relative
GII	MH260492	GII.4	7536	VPg	2504	2911	+	orf1_relative
GII	MH260492	GII.4	7536	3CLpro	2912	3472	+	orf1_relative
GII	MH260492	GII.4	7536	RdRp	4323	5079	+	inferred_from_region_blast
GII	MH260495	GII.4	7493	VP1	5081	6703	+	genbank
GII	MH260495	GII.4	7493	VP2	6703	7493	+	genbank
GII	MH260495	GII.4	7493	ORF1	1	5100	+	genbank
GII	MH260495	GII.4	7493	p48	1	1326	+	orf1_relative
GII	MH260495	GII.4	7493	NTPase	1327	2091	+	orf1_relative
GII	MH260495	GII.4	7493	p22	2092	2499	+	orf1_relative
GII	MH260495	GII.4	7493	VPg	2500	2907	+	orf1_relative
GII	MH260495	GII.4	7493	3CLpro	2908	3468	+	orf1_relative
GII	MH260495	GII.4	7493	RdRp	4319	5075	+	inferred_from_region_blast
GII	MH260496	GII.4	7449	VP1	5058	6680	+	genbank
GII	MH260496	GII.4	7449	VP2	6680	7449	+	genbank
GII	MH260496	GII.4	7449	ORF1	1	5077	+	genbank
GII	MH260496	GII.4	7449	p48	1	1320	+	orf1_relative
GII	MH260496	GII.4	7449	NTPase	1321	2082	+	orf1_relative
GII	MH260496	GII.4	7449	p22	2083	2488	+	orf1_relative
GII	MH260496	GII.4	7449	VPg	2489	2894	+	orf1_relative
GII	MH260496	GII.4	7449	3CLpro	2895	3452	+	orf1_relative
GII	MH260496	GII.4	7449	RdRp	4296	5052	+	inferred_from_region_blast
GII	MH260497	GII.4	7433	VP1	5085	6707	+	genbank
GII	MH260497	GII.4	7433	VP2	6707	7433	+	genbank
GII	MH260497	GII.4	7433	ORF1	5	5104	+	genbank
GII	MH260497	GII.4	7433	p48	5	1330	+	orf1_relative
GII	MH260497	GII.4	7433	NTPase	1331	2095	+	orf1_relative
GII	MH260497	GII.4	7433	p22	2096	2503	+	orf1_relative
GII	MH260497	GII.4	7433	VPg	2504	2911	+	orf1_relative
GII	MH260497	GII.4	7433	3CLpro	2912	3472	+	orf1_relative
GII	MH260497	GII.4	7433	RdRp	4323	5079	+	inferred_from_region_blast
GII	MH260498	GII.4	7509	VP1	5085	6707	+	genbank
GII	MH260498	GII.4	7509	VP2	6707	7509	+	genbank
GII	MH260498	GII.4	7509	ORF1	5	5104	+	genbank
GII	MH260498	GII.4	7509	p48	5	1330	+	orf1_relative
GII	MH260498	GII.4	7509	NTPase	1331	2095	+	orf1_relative
GII	MH260498	GII.4	7509	p22	2096	2503	+	orf1_relative
GII	MH260498	GII.4	7509	VPg	2504	2911	+	orf1_relative
GII	MH260498	GII.4	7509	3CLpro	2912	3472	+	orf1_relative
GII	MH260498	GII.4	7509	RdRp	4323	5079	+	inferred_from_region_blast
GII	MH260499	GII.4	7481	VP1	5085	6707	+	genbank
GII	MH260499	GII.4	7481	VP2	6707	7481	+	genbank
GII	MH260499	GII.4	7481	ORF1	5	5104	+	genbank
GII	MH260499	GII.4	7481	p48	5	1330	+	orf1_relative
GII	MH260499	GII.4	7481	NTPase	1331	2095	+	orf1_relative
GII	MH260499	GII.4	7481	p22	2096	2503	+	orf1_relative
GII	MH260499	GII.4	7481	VPg	2504	2911	+	orf1_relative
GII	MH260499	GII.4	7481	3CLpro	2912	3472	+	orf1_relative
GII	MH260499	GII.4	7481	RdRp	4323	5079	+	inferred_from_region_blast
GII	MH260502	GII.4	7536	VP1	5085	6707	+	genbank
GII	MH260502	GII.4	7536	VP2	6707	7513	+	genbank
GII	MH260502	GII.4	7536	ORF1	5	5104	+	genbank
GII	MH260502	GII.4	7536	p48	5	1330	+	orf1_relative
GII	MH260502	GII.4	7536	NTPase	1331	2095	+	orf1_relative
GII	MH260502	GII.4	7536	p22	2096	2503	+	orf1_relative
GII	MH260502	GII.4	7536	VPg	2504	2911	+	orf1_relative
GII	MH260502	GII.4	7536	3CLpro	2912	3472	+	orf1_relative
GII	MH260502	GII.4	7536	RdRp	4323	5079	+	inferred_from_region_blast
GII	MH260503	GII.4	7300	VP1	4856	6478	+	genbank
GII	MH260503	GII.4	7300	VP2	6478	7284	+	genbank
GII	MH260503	GII.4	7300	ORF1	1	4875	+	genbank
GII	MH260503	GII.4	7300	p48	1	1268	+	orf1_relative
GII	MH260503	GII.4	7300	NTPase	1269	1999	+	orf1_relative
GII	MH260503	GII.4	7300	p22	2000	2389	+	orf1_relative
GII	MH260503	GII.4	7300	VPg	2390	2779	+	orf1_relative
GII	MH260503	GII.4	7300	3CLpro	2780	3315	+	orf1_relative
GII	MH260503	GII.4	7300	RdRp	4094	4850	+	inferred_from_region_blast
GII	MH260504	GII.4	7516	VP1	5085	6707	+	genbank
GII	MH260504	GII.4	7516	VP2	6707	7513	+	genbank
GII	MH260504	GII.4	7516	ORF1	5	5104	+	genbank
GII	MH260504	GII.4	7516	p48	5	1330	+	orf1_relative
GII	MH260504	GII.4	7516	NTPase	1331	2095	+	orf1_relative
GII	MH260504	GII.4	7516	p22	2096	2503	+	orf1_relative
GII	MH260504	GII.4	7516	VPg	2504	2911	+	orf1_relative
GII	MH260504	GII.4	7516	3CLpro	2912	3472	+	orf1_relative
GII	MH260504	GII.4	7516	RdRp	4323	5079	+	inferred_from_region_blast
GII	MH260505	GII.4	7191	VP1	4966	6588	+	genbank
GII	MH260505	GII.4	7191	VP2	6588	7191	+	genbank
GII	MH260505	GII.4	7191	ORF1	1	4985	+	genbank
GII	MH260505	GII.4	7191	p48	1	1296	+	orf1_relative
GII	MH260505	GII.4	7191	NTPase	1297	2044	+	orf1_relative
GII	MH260505	GII.4	7191	p22	2045	2443	+	orf1_relative
GII	MH260505	GII.4	7191	VPg	2444	2841	+	orf1_relative
GII	MH260505	GII.4	7191	3CLpro	2842	3390	+	orf1_relative
GII	MH260505	GII.4	7191	RdRp	4204	4960	+	inferred_from_region_blast
GII	MH260506	GII.4	7542	VP1	5080	6702	+	genbank
GII	MH260506	GII.4	7542	VP2	6702	7508	+	genbank
GII	MH260506	GII.4	7542	ORF1	1	5099	+	genbank
GII	MH260506	GII.4	7542	p48	1	1326	+	orf1_relative
GII	MH260506	GII.4	7542	NTPase	1327	2091	+	orf1_relative
GII	MH260506	GII.4	7542	p22	2092	2499	+	orf1_relative
GII	MH260506	GII.4	7542	VPg	2500	2906	+	orf1_relative
GII	MH260506	GII.4	7542	3CLpro	2907	3467	+	orf1_relative
GII	MH260506	GII.4	7542	RdRp	4318	5074	+	inferred_from_region_blast
GII	MH260507	GII.4	7515	VP1	5085	6707	+	genbank
GII	MH260507	GII.4	7515	VP2	6707	7513	+	genbank
GII	MH260507	GII.4	7515	ORF1	5	5104	+	genbank
GII	MH260507	GII.4	7515	p48	5	1330	+	orf1_relative
GII	MH260507	GII.4	7515	NTPase	1331	2095	+	orf1_relative
GII	MH260507	GII.4	7515	p22	2096	2503	+	orf1_relative
GII	MH260507	GII.4	7515	VPg	2504	2911	+	orf1_relative
GII	MH260507	GII.4	7515	3CLpro	2912	3472	+	orf1_relative
GII	MH260507	GII.4	7515	RdRp	4323	5079	+	inferred_from_region_blast
GII	MH260508	GII.4	7550	VP1	5080	6702	+	genbank
GII	MH260508	GII.4	7550	VP2	6702	7508	+	genbank
GII	MH260508	GII.4	7550	ORF1	1	5099	+	genbank
GII	MH260508	GII.4	7550	p48	1	1326	+	orf1_relative
GII	MH260508	GII.4	7550	NTPase	1327	2091	+	orf1_relative
GII	MH260508	GII.4	7550	p22	2092	2499	+	orf1_relative
GII	MH260508	GII.4	7550	VPg	2500	2906	+	orf1_relative
GII	MH260508	GII.4	7550	3CLpro	2907	3467	+	orf1_relative
GII	MH260508	GII.4	7550	RdRp	4318	5074	+	inferred_from_region_blast
GII	MH260512	GII.4	7457	VP1	5085	6707	+	genbank
GII	MH260512	GII.4	7457	VP2	6707	7457	+	genbank
GII	MH260512	GII.4	7457	ORF1	5	5104	+	genbank
GII	MH260512	GII.4	7457	p48	5	1330	+	orf1_relative
GII	MH260512	GII.4	7457	NTPase	1331	2095	+	orf1_relative
GII	MH260512	GII.4	7457	p22	2096	2503	+	orf1_relative
GII	MH260512	GII.4	7457	VPg	2504	2911	+	orf1_relative
GII	MH260512	GII.4	7457	3CLpro	2912	3472	+	orf1_relative
GII	MH260512	GII.4	7457	RdRp	4323	5079	+	inferred_from_region_blast
GII	MH279823	GII.4	7403	VP1	5075	6697	+	genbank
GII	MH279823	GII.4	7403	VP2	6697	7403	+	genbank
GII	MH279823	GII.4	7403	ORF1	1	5094	+	genbank
GII	MH279823	GII.4	7403	p48	1	1324	+	orf1_relative
GII	MH279823	GII.4	7403	NTPase	1325	2089	+	orf1_relative
GII	MH279823	GII.4	7403	p22	2090	2496	+	orf1_relative
GII	MH279823	GII.4	7403	VPg	2497	2904	+	orf1_relative
GII	MH279823	GII.4	7403	3CLpro	2905	3464	+	orf1_relative
GII	MH279823	GII.4	7403	RdRp	4313	5069	+	inferred_from_region_blast
GII	MH279825	GII.4	7525	VP1	5074	6696	+	genbank
GII	MH279825	GII.4	7525	VP2	6696	7502	+	genbank
GII	MH279825	GII.4	7525	ORF1	1	5093	+	genbank
GII	MH279825	GII.4	7525	p48	1	1324	+	orf1_relative
GII	MH279825	GII.4	7525	NTPase	1325	2088	+	orf1_relative
GII	MH279825	GII.4	7525	p22	2089	2496	+	orf1_relative
GII	MH279825	GII.4	7525	VPg	2497	2903	+	orf1_relative
GII	MH279825	GII.4	7525	3CLpro	2904	3463	+	orf1_relative
GII	MH279825	GII.4	7525	RdRp	4312	5068	+	inferred_from_region_blast
GII	MH791994	GII.4	7546	VP1	5080	6702	+	genbank
GII	MH791994	GII.4	7546	VP2	6702	7508	+	genbank
GII	MH791994	GII.4	7546	ORF1	1	5099	+	genbank
GII	MH791994	GII.4	7546	p48	1	1326	+	orf1_relative
GII	MH791994	GII.4	7546	NTPase	1327	2091	+	orf1_relative
GII	MH791994	GII.4	7546	p22	2092	2499	+	orf1_relative
GII	MH791994	GII.4	7546	VPg	2500	2906	+	orf1_relative
GII	MH791994	GII.4	7546	3CLpro	2907	3467	+	orf1_relative
GII	MH791994	GII.4	7546	RdRp	4318	5074	+	inferred_from_region_blast
GII	MH979230	GII.4	7516	VP1	5088	6710	+	genbank
GII	MH979230	GII.4	7516	VP2	6710	7516	+	genbank
GII	MH979230	GII.4	7516	ORF1	5	5107	+	genbank
GII	MH979230	GII.4	7516	p48	5	1331	+	orf1_relative
GII	MH979230	GII.4	7516	NTPase	1332	2096	+	orf1_relative
GII	MH979230	GII.4	7516	p22	2097	2504	+	orf1_relative
GII	MH979230	GII.4	7516	VPg	2505	2913	+	orf1_relative
GII	MH979230	GII.4	7516	3CLpro	2914	3474	+	orf1_relative
GII	MH979230	GII.4	7516	RdRp	4324	5082	+	inferred_from_region_blast
GII	MK073885	GII.4	7555	VP1	5085	6707	+	genbank
GII	MK073885	GII.4	7555	VP2	6707	7513	+	genbank
GII	MK073885	GII.4	7555	ORF1	5	5104	+	genbank
GII	MK073885	GII.4	7555	p48	5	1330	+	orf1_relative
GII	MK073885	GII.4	7555	NTPase	1331	2095	+	orf1_relative
GII	MK073885	GII.4	7555	p22	2096	2503	+	orf1_relative
GII	MK073885	GII.4	7555	VPg	2504	2911	+	orf1_relative
GII	MK073885	GII.4	7555	3CLpro	2912	3472	+	orf1_relative
GII	MK073885	GII.4	7555	RdRp	4323	5079	+	inferred_from_region_blast
GII	MK073890	GII.4	7473	VP1	5021	6643	+	genbank
GII	MK073890	GII.4	7473	VP2	6643	7449	+	genbank
GII	MK073890	GII.4	7473	ORF1	1	5040	+	genbank
GII	MK073890	GII.4	7473	p48	1	1310	+	orf1_relative
GII	MK073890	GII.4	7473	NTPase	1311	2066	+	orf1_relative
GII	MK073890	GII.4	7473	p22	2067	2470	+	orf1_relative
GII	MK073890	GII.4	7473	VPg	2471	2873	+	orf1_relative
GII	MK073890	GII.4	7473	3CLpro	2874	3427	+	orf1_relative
GII	MK073890	GII.4	7473	RdRp	4259	5015	+	inferred_from_region_blast
GII	MK073891	GII.4	7553	VP1	5081	6703	+	genbank
GII	MK073891	GII.4	7553	VP2	6703	7509	+	genbank
GII	MK073891	GII.4	7553	ORF1	1	5100	+	genbank
GII	MK073891	GII.4	7553	p48	1	1326	+	orf1_relative
GII	MK073891	GII.4	7553	NTPase	1327	2091	+	orf1_relative
GII	MK073891	GII.4	7553	p22	2092	2499	+	orf1_relative
GII	MK073891	GII.4	7553	VPg	2500	2907	+	orf1_relative
GII	MK073891	GII.4	7553	3CLpro	2908	3468	+	orf1_relative
GII	MK073891	GII.4	7553	RdRp	4319	5075	+	inferred_from_region_blast
GII	MK073894	GII.4	7499	VP1	5081	6703	+	genbank
GII	MK073894	GII.4	7499	VP2	6703	7499	+	genbank
GII	MK073894	GII.4	7499	ORF1	1	5100	+	genbank
GII	MK073894	GII.4	7499	p48	1	1326	+	orf1_relative
GII	MK073894	GII.4	7499	NTPase	1327	2091	+	orf1_relative
GII	MK073894	GII.4	7499	p22	2092	2499	+	orf1_relative
GII	MK073894	GII.4	7499	VPg	2500	2907	+	orf1_relative
GII	MK073894	GII.4	7499	3CLpro	2908	3468	+	orf1_relative
GII	MK073894	GII.4	7499	RdRp	4319	5075	+	inferred_from_region_blast
GII	MK629457	GII.4	7559	VP1	5085	6707	+	genbank
GII	MK629457	GII.4	7559	VP2	6707	7513	+	genbank
GII	MK629457	GII.4	7559	ORF1	5	5104	+	genbank
GII	MK629457	GII.4	7559	p48	5	1330	+	orf1_relative
GII	MK629457	GII.4	7559	NTPase	1331	2095	+	orf1_relative
GII	MK629457	GII.4	7559	p22	2096	2503	+	orf1_relative
GII	MK629457	GII.4	7559	VPg	2504	2911	+	orf1_relative
GII	MK629457	GII.4	7559	3CLpro	2912	3472	+	orf1_relative
GII	MK629457	GII.4	7559	RdRp	4323	5079	+	inferred_from_region_blast
GII	MK752933	GII.4	7414	VP1	4991	6613	+	genbank
GII	MK752933	GII.4	7414	VP2	6613	7414	+	genbank
GII	MK752933	GII.4	7414	ORF1	1	5010	+	genbank
GII	MK752933	GII.4	7414	p48	1	1303	+	orf1_relative
GII	MK752933	GII.4	7414	NTPase	1304	2054	+	orf1_relative
GII	MK752933	GII.4	7414	p22	2055	2455	+	orf1_relative
GII	MK752933	GII.4	7414	VPg	2456	2856	+	orf1_relative
GII	MK752933	GII.4	7414	3CLpro	2857	3407	+	orf1_relative
GII	MK752933	GII.4	7414	RdRp	4229	4985	+	inferred_from_region_blast
GII	MK752934	GII.4	7511	VP1	5081	6703	+	genbank
GII	MK752934	GII.4	7511	VP2	6703	7509	+	genbank
GII	MK752934	GII.4	7511	ORF1	1	5100	+	genbank
GII	MK752934	GII.4	7511	p48	1	1326	+	orf1_relative
GII	MK752934	GII.4	7511	NTPase	1327	2091	+	orf1_relative
GII	MK752934	GII.4	7511	p22	2092	2499	+	orf1_relative
GII	MK752934	GII.4	7511	VPg	2500	2907	+	orf1_relative
GII	MK752934	GII.4	7511	3CLpro	2908	3468	+	orf1_relative
GII	MK752934	GII.4	7511	RdRp	4319	5075	+	inferred_from_region_blast
GII	MK752936	GII.4	7556	VP1	5085	6707	+	genbank
GII	MK752936	GII.4	7556	VP2	6707	7513	+	genbank
GII	MK752936	GII.4	7556	ORF1	5	5104	+	genbank
GII	MK752936	GII.4	7556	p48	5	1330	+	orf1_relative
GII	MK752936	GII.4	7556	NTPase	1331	2095	+	orf1_relative
GII	MK752936	GII.4	7556	p22	2096	2503	+	orf1_relative
GII	MK752936	GII.4	7556	VPg	2504	2911	+	orf1_relative
GII	MK752936	GII.4	7556	3CLpro	2912	3472	+	orf1_relative
GII	MK752936	GII.4	7556	RdRp	4323	5079	+	inferred_from_region_blast
GII	MK752937	GII.4	7525	VP1	5084	6706	+	genbank
GII	MK752937	GII.4	7525	VP2	6706	7512	+	genbank
GII	MK752937	GII.4	7525	ORF1	4	5103	+	genbank
GII	MK752937	GII.4	7525	p48	4	1329	+	orf1_relative
GII	MK752937	GII.4	7525	NTPase	1330	2094	+	orf1_relative
GII	MK752937	GII.4	7525	p22	2095	2502	+	orf1_relative
GII	MK752937	GII.4	7525	VPg	2503	2910	+	orf1_relative
GII	MK752937	GII.4	7525	3CLpro	2911	3471	+	orf1_relative
GII	MK752937	GII.4	7525	RdRp	4322	5078	+	inferred_from_region_blast
GII	MK752938	GII.4	7573	VP1	5085	6707	+	genbank
GII	MK752938	GII.4	7573	VP2	6707	7513	+	genbank
GII	MK752938	GII.4	7573	ORF1	5	5104	+	genbank
GII	MK752938	GII.4	7573	p48	5	1330	+	orf1_relative
GII	MK752938	GII.4	7573	NTPase	1331	2095	+	orf1_relative
GII	MK752938	GII.4	7573	p22	2096	2503	+	orf1_relative
GII	MK752938	GII.4	7573	VPg	2504	2911	+	orf1_relative
GII	MK752938	GII.4	7573	3CLpro	2912	3472	+	orf1_relative
GII	MK752938	GII.4	7573	RdRp	4323	5079	+	inferred_from_region_blast
GII	MK752942	GII.4	7533	VP1	5084	6706	+	genbank
GII	MK752942	GII.4	7533	VP2	6706	7512	+	genbank
GII	MK752942	GII.4	7533	ORF1	4	5103	+	genbank
GII	MK752942	GII.4	7533	p48	4	1329	+	orf1_relative
GII	MK752942	GII.4	7533	NTPase	1330	2094	+	orf1_relative
GII	MK752942	GII.4	7533	p22	2095	2502	+	orf1_relative
GII	MK752942	GII.4	7533	VPg	2503	2910	+	orf1_relative
GII	MK752942	GII.4	7533	3CLpro	2911	3471	+	orf1_relative
GII	MK752942	GII.4	7533	RdRp	4322	5078	+	inferred_from_region_blast
GII	MK753018	GII.4	7480	VP1	5034	6656	+	genbank
GII	MK753018	GII.4	7480	VP2	6656	7462	+	genbank
GII	MK753018	GII.4	7480	ORF1	1	5053	+	genbank
GII	MK753018	GII.4	7480	p48	1	1314	+	orf1_relative
GII	MK753018	GII.4	7480	NTPase	1315	2072	+	orf1_relative
GII	MK753018	GII.4	7480	p22	2073	2476	+	orf1_relative
GII	MK753018	GII.4	7480	VPg	2477	2880	+	orf1_relative
GII	MK753018	GII.4	7480	3CLpro	2881	3436	+	orf1_relative
GII	MK753018	GII.4	7480	RdRp	4272	5028	+	inferred_from_region_blast
GII	MK753029	GII.4	7146	VP1	4717	6339	+	genbank
GII	MK753029	GII.4	7146	VP2	6339	7145	+	genbank
GII	MK753029	GII.4	7146	ORF1	1	4736	+	genbank
GII	MK753029	GII.4	7146	p48	1	1231	+	orf1_relative
GII	MK753029	GII.4	7146	NTPase	1232	1942	+	orf1_relative
GII	MK753029	GII.4	7146	p22	1943	2321	+	orf1_relative
GII	MK753029	GII.4	7146	VPg	2322	2700	+	orf1_relative
GII	MK753029	GII.4	7146	3CLpro	2701	3220	+	orf1_relative
GII	MK753029	GII.4	7146	RdRp	3957	4711	+	inferred_from_region_blast
GII	MK753030	GII.4	7545	VP1	5080	6702	+	genbank
GII	MK753030	GII.4	7545	VP2	6702	7508	+	genbank
GII	MK753030	GII.4	7545	ORF1	1	5099	+	genbank
GII	MK753030	GII.4	7545	p48	1	1326	+	orf1_relative
GII	MK753030	GII.4	7545	NTPase	1327	2091	+	orf1_relative
GII	MK753030	GII.4	7545	p22	2092	2499	+	orf1_relative
GII	MK753030	GII.4	7545	VPg	2500	2906	+	orf1_relative
GII	MK753030	GII.4	7545	3CLpro	2907	3467	+	orf1_relative
GII	MK753030	GII.4	7545	RdRp	4318	5074	+	inferred_from_region_blast
GII	MK753032	GII.4	7572	VP1	5085	6707	+	genbank
GII	MK753032	GII.4	7572	VP2	6707	7513	+	genbank
GII	MK753032	GII.4	7572	ORF1	5	5104	+	genbank
GII	MK753032	GII.4	7572	p48	5	1330	+	orf1_relative
GII	MK753032	GII.4	7572	NTPase	1331	2095	+	orf1_relative
GII	MK753032	GII.4	7572	p22	2096	2503	+	orf1_relative
GII	MK753032	GII.4	7572	VPg	2504	2911	+	orf1_relative
GII	MK753032	GII.4	7572	3CLpro	2912	3472	+	orf1_relative
GII	MK753032	GII.4	7572	RdRp	4323	5079	+	inferred_from_region_blast
GII	MK754444	GII.4	7477	VP1	5082	6704	+	genbank
GII	MK754444	GII.4	7477	VP2	6704	7477	+	genbank
GII	MK754444	GII.4	7477	ORF1	2	5101	+	genbank
GII	MK754444	GII.4	7477	p48	2	1327	+	orf1_relative
GII	MK754444	GII.4	7477	NTPase	1328	2092	+	orf1_relative
GII	MK754444	GII.4	7477	p22	2093	2500	+	orf1_relative
GII	MK754444	GII.4	7477	VPg	2501	2908	+	orf1_relative
GII	MK754444	GII.4	7477	3CLpro	2909	3469	+	orf1_relative
GII	MK754444	GII.4	7477	RdRp	4320	5076	+	inferred_from_region_blast
GII	MK754446	GII.4	7488	VP1	5064	6686	+	genbank
GII	MK754446	GII.4	7488	VP2	6686	7488	+	genbank
GII	MK754446	GII.4	7488	ORF1	1	5083	+	genbank
GII	MK754446	GII.4	7488	p48	1	1322	+	orf1_relative
GII	MK754446	GII.4	7488	NTPase	1323	2084	+	orf1_relative
GII	MK754446	GII.4	7488	p22	2085	2491	+	orf1_relative
GII	MK754446	GII.4	7488	VPg	2492	2897	+	orf1_relative
GII	MK754446	GII.4	7488	3CLpro	2898	3456	+	orf1_relative
GII	MK754446	GII.4	7488	RdRp	4302	5058	+	inferred_from_region_blast
GII	MK756033	GII.4	7505	VP1	5077	6699	+	genbank
GII	MK756033	GII.4	7505	VP2	6699	7505	+	genbank
GII	MK756033	GII.4	7505	ORF1	1	5096	+	genbank
GII	MK756033	GII.4	7505	p48	1	1325	+	orf1_relative
GII	MK756033	GII.4	7505	NTPase	1326	2089	+	orf1_relative
GII	MK756033	GII.4	7505	p22	2090	2497	+	orf1_relative
GII	MK756033	GII.4	7505	VPg	2498	2905	+	orf1_relative
GII	MK756033	GII.4	7505	3CLpro	2906	3465	+	orf1_relative
GII	MK756033	GII.4	7505	RdRp	4315	5071	+	inferred_from_region_blast
GII	MK756034	GII.4	7513	VP1	5085	6707	+	genbank
GII	MK756034	GII.4	7513	VP2	6707	7513	+	genbank
GII	MK756034	GII.4	7513	ORF1	5	5104	+	genbank
GII	MK756034	GII.4	7513	p48	5	1330	+	orf1_relative
GII	MK756034	GII.4	7513	NTPase	1331	2095	+	orf1_relative
GII	MK756034	GII.4	7513	p22	2096	2503	+	orf1_relative
GII	MK756034	GII.4	7513	VPg	2504	2911	+	orf1_relative
GII	MK756034	GII.4	7513	3CLpro	2912	3472	+	orf1_relative
GII	MK756034	GII.4	7513	RdRp	4323	5079	+	inferred_from_region_blast
GII	MK756035	GII.4	7511	VP1	5083	6705	+	genbank
GII	MK756035	GII.4	7511	VP2	6705	7511	+	genbank
GII	MK756035	GII.4	7511	ORF1	3	5102	+	genbank
GII	MK756035	GII.4	7511	p48	3	1328	+	orf1_relative
GII	MK756035	GII.4	7511	NTPase	1329	2093	+	orf1_relative
GII	MK756035	GII.4	7511	p22	2094	2501	+	orf1_relative
GII	MK756035	GII.4	7511	VPg	2502	2909	+	orf1_relative
GII	MK756035	GII.4	7511	3CLpro	2910	3470	+	orf1_relative
GII	MK756035	GII.4	7511	RdRp	4321	5077	+	inferred_from_region_blast
GII	MK756036	GII.4	7507	VP1	5079	6701	+	genbank
GII	MK756036	GII.4	7507	VP2	6701	7507	+	genbank
GII	MK756036	GII.4	7507	ORF1	1	5098	+	genbank
GII	MK756036	GII.4	7507	p48	1	1325	+	orf1_relative
GII	MK756036	GII.4	7507	NTPase	1326	2090	+	orf1_relative
GII	MK756036	GII.4	7507	p22	2091	2498	+	orf1_relative
GII	MK756036	GII.4	7507	VPg	2499	2906	+	orf1_relative
GII	MK756036	GII.4	7507	3CLpro	2907	3467	+	orf1_relative
GII	MK756036	GII.4	7507	RdRp	4317	5073	+	inferred_from_region_blast
GII	MK756037	GII.4	7406	VP1	4978	6600	+	genbank
GII	MK756037	GII.4	7406	VP2	6600	7406	+	genbank
GII	MK756037	GII.4	7406	ORF1	1	4997	+	genbank
GII	MK756037	GII.4	7406	p48	1	1299	+	orf1_relative
GII	MK756037	GII.4	7406	NTPase	1300	2049	+	orf1_relative
GII	MK756037	GII.4	7406	p22	2050	2449	+	orf1_relative
GII	MK756037	GII.4	7406	VPg	2450	2848	+	orf1_relative
GII	MK756037	GII.4	7406	3CLpro	2849	3398	+	orf1_relative
GII	MK756037	GII.4	7406	RdRp	4216	4972	+	inferred_from_region_blast
GII	MK756038	GII.4	7501	VP1	5073	6695	+	genbank
GII	MK756038	GII.4	7501	VP2	6695	7501	+	genbank
GII	MK756038	GII.4	7501	ORF1	1	5092	+	genbank
GII	MK756038	GII.4	7501	p48	1	1324	+	orf1_relative
GII	MK756038	GII.4	7501	NTPase	1325	2088	+	orf1_relative
GII	MK756038	GII.4	7501	p22	2089	2495	+	orf1_relative
GII	MK756038	GII.4	7501	VPg	2496	2902	+	orf1_relative
GII	MK756038	GII.4	7501	3CLpro	2903	3463	+	orf1_relative
GII	MK756038	GII.4	7501	RdRp	4311	5067	+	inferred_from_region_blast
GII	MK762561	GII.4	7333	VP1	4871	6493	+	genbank
GII	MK762561	GII.4	7333	VP2	6493	7296	+	genbank
GII	MK762561	GII.4	7333	ORF1	1	4890	+	genbank
GII	MK762561	GII.4	7333	p48	1	1271	+	orf1_relative
GII	MK762561	GII.4	7333	NTPase	1272	2005	+	orf1_relative
GII	MK762561	GII.4	7333	p22	2006	2396	+	orf1_relative
GII	MK762561	GII.4	7333	VPg	2397	2787	+	orf1_relative
GII	MK762561	GII.4	7333	3CLpro	2788	3325	+	orf1_relative
GII	MK762561	GII.4	7333	RdRp	4109	4865	+	inferred_from_region_blast
GII	MK762562	GII.4	7363	VP1	4913	6535	+	genbank
GII	MK762562	GII.4	7363	VP2	6535	7341	+	genbank
GII	MK762562	GII.4	7363	ORF1	1	4932	+	genbank
GII	MK762562	GII.4	7363	p48	1	1282	+	orf1_relative
GII	MK762562	GII.4	7363	NTPase	1283	2022	+	orf1_relative
GII	MK762562	GII.4	7363	p22	2023	2417	+	orf1_relative
GII	MK762562	GII.4	7363	VPg	2418	2811	+	orf1_relative
GII	MK762562	GII.4	7363	3CLpro	2812	3354	+	orf1_relative
GII	MK762562	GII.4	7363	RdRp	4151	4907	+	inferred_from_region_blast
GII	MK762563	GII.4	7485	VP1	5057	6679	+	genbank
GII	MK762563	GII.4	7485	VP2	6679	7485	+	genbank
GII	MK762563	GII.4	7485	ORF1	1	5076	+	genbank
GII	MK762563	GII.4	7485	p48	1	1320	+	orf1_relative
GII	MK762563	GII.4	7485	NTPase	1321	2081	+	orf1_relative
GII	MK762563	GII.4	7485	p22	2082	2487	+	orf1_relative
GII	MK762563	GII.4	7485	VPg	2488	2893	+	orf1_relative
GII	MK762563	GII.4	7485	3CLpro	2894	3452	+	orf1_relative
GII	MK762563	GII.4	7485	RdRp	4295	5051	+	inferred_from_region_blast
GII	MK762564	GII.4	7529	VP1	5081	6703	+	genbank
GII	MK762564	GII.4	7529	VP2	6703	7509	+	genbank
GII	MK762564	GII.4	7529	ORF1	1	5100	+	genbank
GII	MK762564	GII.4	7529	p48	1	1326	+	orf1_relative
GII	MK762564	GII.4	7529	NTPase	1327	2091	+	orf1_relative
GII	MK762564	GII.4	7529	p22	2092	2499	+	orf1_relative
GII	MK762564	GII.4	7529	VPg	2500	2907	+	orf1_relative
GII	MK762564	GII.4	7529	3CLpro	2908	3468	+	orf1_relative
GII	MK762564	GII.4	7529	RdRp	4319	5075	+	inferred_from_region_blast
GII	MK762566	GII.4	7551	VP1	5081	6703	+	genbank
GII	MK762566	GII.4	7551	VP2	6703	7509	+	genbank
GII	MK762566	GII.4	7551	ORF1	1	5100	+	genbank
GII	MK762566	GII.4	7551	p48	1	1326	+	orf1_relative
GII	MK762566	GII.4	7551	NTPase	1327	2091	+	orf1_relative
GII	MK762566	GII.4	7551	p22	2092	2499	+	orf1_relative
GII	MK762566	GII.4	7551	VPg	2500	2907	+	orf1_relative
GII	MK762566	GII.4	7551	3CLpro	2908	3468	+	orf1_relative
GII	MK762566	GII.4	7551	RdRp	4319	5075	+	inferred_from_region_blast
GII	MK762567	GII.4	7501	VP1	5030	6652	+	genbank
GII	MK762567	GII.4	7501	VP2	6652	7458	+	genbank
GII	MK762567	GII.4	7501	ORF1	1	5049	+	genbank
GII	MK762567	GII.4	7501	p48	1	1313	+	orf1_relative
GII	MK762567	GII.4	7501	NTPase	1314	2070	+	orf1_relative
GII	MK762567	GII.4	7501	p22	2071	2474	+	orf1_relative
GII	MK762567	GII.4	7501	VPg	2475	2878	+	orf1_relative
GII	MK762567	GII.4	7501	3CLpro	2879	3433	+	orf1_relative
GII	MK762567	GII.4	7501	RdRp	4268	5024	+	inferred_from_region_blast
GII	MK762568	GII.4	7542	VP1	5081	6703	+	genbank
GII	MK762568	GII.4	7542	VP2	6703	7509	+	genbank
GII	MK762568	GII.4	7542	ORF1	1	5100	+	genbank
GII	MK762568	GII.4	7542	p48	1	1326	+	orf1_relative
GII	MK762568	GII.4	7542	NTPase	1327	2091	+	orf1_relative
GII	MK762568	GII.4	7542	p22	2092	2499	+	orf1_relative
GII	MK762568	GII.4	7542	VPg	2500	2907	+	orf1_relative
GII	MK762568	GII.4	7542	3CLpro	2908	3468	+	orf1_relative
GII	MK762568	GII.4	7542	RdRp	4319	5075	+	inferred_from_region_blast
GII	MK762569	GII.4	7497	VP1	5081	6703	+	genbank
GII	MK762569	GII.4	7497	VP2	6703	7497	+	genbank
GII	MK762569	GII.4	7497	ORF1	1	5100	+	genbank
GII	MK762569	GII.4	7497	p48	1	1326	+	orf1_relative
GII	MK762569	GII.4	7497	NTPase	1327	2091	+	orf1_relative
GII	MK762569	GII.4	7497	p22	2092	2499	+	orf1_relative
GII	MK762569	GII.4	7497	VPg	2500	2907	+	orf1_relative
GII	MK762569	GII.4	7497	3CLpro	2908	3468	+	orf1_relative
GII	MK762569	GII.4	7497	RdRp	4319	5075	+	inferred_from_region_blast
GII	MK762570	GII.4	7552	VP1	5075	6697	+	genbank
GII	MK762570	GII.4	7552	VP2	6697	7503	+	genbank
GII	MK762570	GII.4	7552	ORF1	1	5094	+	genbank
GII	MK762570	GII.4	7552	p48	1	1324	+	orf1_relative
GII	MK762570	GII.4	7552	NTPase	1325	2089	+	orf1_relative
GII	MK762570	GII.4	7552	p22	2090	2496	+	orf1_relative
GII	MK762570	GII.4	7552	VPg	2497	2904	+	orf1_relative
GII	MK762570	GII.4	7552	3CLpro	2905	3464	+	orf1_relative
GII	MK762570	GII.4	7552	RdRp	4313	5069	+	inferred_from_region_blast
GII	MK762621	GII.4	7565	VP1	5085	6707	+	genbank
GII	MK762621	GII.4	7565	VP2	6707	7513	+	genbank
GII	MK762621	GII.4	7565	ORF1	5	5104	+	genbank
GII	MK762621	GII.4	7565	p48	5	1330	+	orf1_relative
GII	MK762621	GII.4	7565	NTPase	1331	2095	+	orf1_relative
GII	MK762621	GII.4	7565	p22	2096	2503	+	orf1_relative
GII	MK762621	GII.4	7565	VPg	2504	2911	+	orf1_relative
GII	MK762621	GII.4	7565	3CLpro	2912	3472	+	orf1_relative
GII	MK762621	GII.4	7565	RdRp	4323	5079	+	inferred_from_region_blast
GII	MK762622	GII.4	7547	VP1	5073	6695	+	genbank
GII	MK762622	GII.4	7547	VP2	6695	7501	+	genbank
GII	MK762622	GII.4	7547	ORF1	1	5092	+	genbank
GII	MK762622	GII.4	7547	p48	1	1324	+	orf1_relative
GII	MK762622	GII.4	7547	NTPase	1325	2088	+	orf1_relative
GII	MK762622	GII.4	7547	p22	2089	2495	+	orf1_relative
GII	MK762622	GII.4	7547	VPg	2496	2902	+	orf1_relative
GII	MK762622	GII.4	7547	3CLpro	2903	3463	+	orf1_relative
GII	MK762622	GII.4	7547	RdRp	4311	5067	+	inferred_from_region_blast
GII	MK762623	GII.4	7560	VP1	5070	6692	+	genbank
GII	MK762623	GII.4	7560	VP2	6692	7498	+	genbank
GII	MK762623	GII.4	7560	ORF1	1	5089	+	genbank
GII	MK762623	GII.4	7560	p48	1	1323	+	orf1_relative
GII	MK762623	GII.4	7560	NTPase	1324	2086	+	orf1_relative
GII	MK762623	GII.4	7560	p22	2087	2494	+	orf1_relative
GII	MK762623	GII.4	7560	VPg	2495	2901	+	orf1_relative
GII	MK762623	GII.4	7560	3CLpro	2902	3461	+	orf1_relative
GII	MK762623	GII.4	7560	RdRp	4308	5064	+	inferred_from_region_blast
GII	MK762624	GII.4	7558	VP1	5085	6707	+	genbank
GII	MK762624	GII.4	7558	VP2	6707	7513	+	genbank
GII	MK762624	GII.4	7558	ORF1	5	5104	+	genbank
GII	MK762624	GII.4	7558	p48	5	1330	+	orf1_relative
GII	MK762624	GII.4	7558	NTPase	1331	2095	+	orf1_relative
GII	MK762624	GII.4	7558	p22	2096	2503	+	orf1_relative
GII	MK762624	GII.4	7558	VPg	2504	2911	+	orf1_relative
GII	MK762624	GII.4	7558	3CLpro	2912	3472	+	orf1_relative
GII	MK762624	GII.4	7558	RdRp	4323	5079	+	inferred_from_region_blast
GII	MK762629	GII.4	7535	VP1	5084	6706	+	genbank
GII	MK762629	GII.4	7535	VP2	6706	7512	+	genbank
GII	MK762629	GII.4	7535	ORF1	4	5103	+	genbank
GII	MK762629	GII.4	7535	p48	4	1329	+	orf1_relative
GII	MK762629	GII.4	7535	NTPase	1330	2094	+	orf1_relative
GII	MK762629	GII.4	7535	p22	2095	2502	+	orf1_relative
GII	MK762629	GII.4	7535	VPg	2503	2910	+	orf1_relative
GII	MK762629	GII.4	7535	3CLpro	2911	3471	+	orf1_relative
GII	MK762629	GII.4	7535	RdRp	4322	5078	+	inferred_from_region_blast
GII	MK762632	GII.4	7547	VP1	5082	6704	+	genbank
GII	MK762632	GII.4	7547	VP2	6704	7510	+	genbank
GII	MK762632	GII.4	7547	ORF1	5	5101	+	genbank
GII	MK762632	GII.4	7547	p48	5	1329	+	orf1_relative
GII	MK762632	GII.4	7547	NTPase	1330	2094	+	orf1_relative
GII	MK762632	GII.4	7547	p22	2095	2502	+	orf1_relative
GII	MK762632	GII.4	7547	VPg	2503	2909	+	orf1_relative
GII	MK762632	GII.4	7547	3CLpro	2910	3470	+	orf1_relative
GII	MK762632	GII.4	7547	RdRp	4320	5076	+	inferred_from_region_blast
GII	MK762635	GII.4	7568	VP1	5085	6707	+	genbank
GII	MK762635	GII.4	7568	VP2	6707	7513	+	genbank
GII	MK762635	GII.4	7568	ORF1	5	5104	+	genbank
GII	MK762635	GII.4	7568	p48	5	1330	+	orf1_relative
GII	MK762635	GII.4	7568	NTPase	1331	2095	+	orf1_relative
GII	MK762635	GII.4	7568	p22	2096	2503	+	orf1_relative
GII	MK762635	GII.4	7568	VPg	2504	2911	+	orf1_relative
GII	MK762635	GII.4	7568	3CLpro	2912	3472	+	orf1_relative
GII	MK762635	GII.4	7568	RdRp	4323	5079	+	inferred_from_region_blast
GII	MK762636	GII.4	7532	VP1	5085	6707	+	genbank
GII	MK762636	GII.4	7532	VP2	6707	7513	+	genbank
GII	MK762636	GII.4	7532	ORF1	5	5104	+	genbank
GII	MK762636	GII.4	7532	p48	5	1330	+	orf1_relative
GII	MK762636	GII.4	7532	NTPase	1331	2095	+	orf1_relative
GII	MK762636	GII.4	7532	p22	2096	2503	+	orf1_relative
GII	MK762636	GII.4	7532	VPg	2504	2911	+	orf1_relative
GII	MK762636	GII.4	7532	3CLpro	2912	3472	+	orf1_relative
GII	MK762636	GII.4	7532	RdRp	4325	5079	+	inferred_from_region_blast
GII	MK762637	GII.4	7557	VP1	5083	6705	+	genbank
GII	MK762637	GII.4	7557	VP2	6705	7511	+	genbank
GII	MK762637	GII.4	7557	ORF1	3	5102	+	genbank
GII	MK762637	GII.4	7557	p48	3	1328	+	orf1_relative
GII	MK762637	GII.4	7557	NTPase	1329	2093	+	orf1_relative
GII	MK762637	GII.4	7557	p22	2094	2501	+	orf1_relative
GII	MK762637	GII.4	7557	VPg	2502	2909	+	orf1_relative
GII	MK762637	GII.4	7557	3CLpro	2910	3470	+	orf1_relative
GII	MK762637	GII.4	7557	RdRp	4321	5077	+	inferred_from_region_blast
GII	MK762638	GII.4	7563	VP1	5085	6707	+	genbank
GII	MK762638	GII.4	7563	VP2	6707	7513	+	genbank
GII	MK762638	GII.4	7563	ORF1	5	5104	+	genbank
GII	MK762638	GII.4	7563	p48	5	1330	+	orf1_relative
GII	MK762638	GII.4	7563	NTPase	1331	2095	+	orf1_relative
GII	MK762638	GII.4	7563	p22	2096	2503	+	orf1_relative
GII	MK762638	GII.4	7563	VPg	2504	2911	+	orf1_relative
GII	MK762638	GII.4	7563	3CLpro	2912	3472	+	orf1_relative
GII	MK762638	GII.4	7563	RdRp	4323	5079	+	inferred_from_region_blast
GII	MK762639	GII.4	7505	VP1	5081	6703	+	genbank
GII	MK762639	GII.4	7505	VP2	6703	7505	+	genbank
GII	MK762639	GII.4	7505	ORF1	1	5100	+	genbank
GII	MK762639	GII.4	7505	p48	1	1326	+	orf1_relative
GII	MK762639	GII.4	7505	NTPase	1327	2091	+	orf1_relative
GII	MK762639	GII.4	7505	p22	2092	2499	+	orf1_relative
GII	MK762639	GII.4	7505	VPg	2500	2907	+	orf1_relative
GII	MK762639	GII.4	7505	3CLpro	2908	3468	+	orf1_relative
GII	MK762639	GII.4	7505	RdRp	4319	5075	+	inferred_from_region_blast
GII	MK762746	GII.4	7562	VP1	5084	6706	+	genbank
GII	MK762746	GII.4	7562	VP2	6706	7512	+	genbank
GII	MK762746	GII.4	7562	ORF1	4	5103	+	genbank
GII	MK762746	GII.4	7562	p48	4	1329	+	orf1_relative
GII	MK762746	GII.4	7562	NTPase	1330	2094	+	orf1_relative
GII	MK762746	GII.4	7562	p22	2095	2502	+	orf1_relative
GII	MK762746	GII.4	7562	VPg	2503	2910	+	orf1_relative
GII	MK762746	GII.4	7562	3CLpro	2911	3471	+	orf1_relative
GII	MK762746	GII.4	7562	RdRp	4322	5078	+	inferred_from_region_blast
GII	MK764013	GII.4	7556	VP1	5084	6706	+	genbank
GII	MK764013	GII.4	7556	VP2	6706	7512	+	genbank
GII	MK764013	GII.4	7556	ORF1	4	5103	+	genbank
GII	MK764013	GII.4	7556	p48	4	1329	+	orf1_relative
GII	MK764013	GII.4	7556	NTPase	1330	2094	+	orf1_relative
GII	MK764013	GII.4	7556	p22	2095	2502	+	orf1_relative
GII	MK764013	GII.4	7556	VPg	2503	2910	+	orf1_relative
GII	MK764013	GII.4	7556	3CLpro	2911	3471	+	orf1_relative
GII	MK764013	GII.4	7556	RdRp	4322	5078	+	inferred_from_region_blast
GII	MK764015	GII.4	7523	VP1	5084	6706	+	genbank
GII	MK764015	GII.4	7523	VP2	6706	7512	+	genbank
GII	MK764015	GII.4	7523	ORF1	4	5103	+	genbank
GII	MK764015	GII.4	7523	p48	4	1329	+	orf1_relative
GII	MK764015	GII.4	7523	NTPase	1330	2094	+	orf1_relative
GII	MK764015	GII.4	7523	p22	2095	2502	+	orf1_relative
GII	MK764015	GII.4	7523	VPg	2503	2910	+	orf1_relative
GII	MK764015	GII.4	7523	3CLpro	2911	3471	+	orf1_relative
GII	MK764015	GII.4	7523	RdRp	4322	5078	+	inferred_from_region_blast
GII	MK764016	GII.4	7555	VP1	5085	6707	+	genbank
GII	MK764016	GII.4	7555	VP2	6707	7513	+	genbank
GII	MK764016	GII.4	7555	ORF1	5	5104	+	genbank
GII	MK764016	GII.4	7555	p48	5	1330	+	orf1_relative
GII	MK764016	GII.4	7555	NTPase	1331	2095	+	orf1_relative
GII	MK764016	GII.4	7555	p22	2096	2503	+	orf1_relative
GII	MK764016	GII.4	7555	VPg	2504	2911	+	orf1_relative
GII	MK764016	GII.4	7555	3CLpro	2912	3472	+	orf1_relative
GII	MK764016	GII.4	7555	RdRp	4323	5079	+	inferred_from_region_blast
GII	MK764021	GII.4	7536	VP1	5085	6707	+	genbank
GII	MK764021	GII.4	7536	VP2	6707	7513	+	genbank
GII	MK764021	GII.4	7536	ORF1	5	5104	+	genbank
GII	MK764021	GII.4	7536	p48	5	1330	+	orf1_relative
GII	MK764021	GII.4	7536	NTPase	1331	2095	+	orf1_relative
GII	MK764021	GII.4	7536	p22	2096	2503	+	orf1_relative
GII	MK764021	GII.4	7536	VPg	2504	2911	+	orf1_relative
GII	MK764021	GII.4	7536	3CLpro	2912	3472	+	orf1_relative
GII	MK764021	GII.4	7536	RdRp	4323	5079	+	inferred_from_region_blast
GII	MK773584	GII.4	7559	VP1	5085	6707	+	genbank
GII	MK773584	GII.4	7559	VP2	6707	7513	+	genbank
GII	MK773584	GII.4	7559	ORF1	5	5104	+	genbank
GII	MK773584	GII.4	7559	p48	5	1330	+	orf1_relative
GII	MK773584	GII.4	7559	NTPase	1331	2095	+	orf1_relative
GII	MK773584	GII.4	7559	p22	2096	2503	+	orf1_relative
GII	MK773584	GII.4	7559	VPg	2504	2911	+	orf1_relative
GII	MK773584	GII.4	7559	3CLpro	2912	3472	+	orf1_relative
GII	MK773584	GII.4	7559	RdRp	4323	5079	+	inferred_from_region_blast
GII	MK773585	GII.4	7552	VP1	5082	6704	+	genbank
GII	MK773585	GII.4	7552	VP2	6704	7510	+	genbank
GII	MK773585	GII.4	7552	ORF1	2	5101	+	genbank
GII	MK773585	GII.4	7552	p48	2	1327	+	orf1_relative
GII	MK773585	GII.4	7552	NTPase	1328	2092	+	orf1_relative
GII	MK773585	GII.4	7552	p22	2093	2500	+	orf1_relative
GII	MK773585	GII.4	7552	VPg	2501	2908	+	orf1_relative
GII	MK773585	GII.4	7552	3CLpro	2909	3469	+	orf1_relative
GII	MK773585	GII.4	7552	RdRp	4320	5076	+	inferred_from_region_blast
GII	MK773586	GII.4	7506	VP1	5083	6705	+	genbank
GII	MK773586	GII.4	7506	VP2	6705	7506	+	genbank
GII	MK773586	GII.4	7506	ORF1	3	5102	+	genbank
GII	MK773586	GII.4	7506	p48	3	1328	+	orf1_relative
GII	MK773586	GII.4	7506	NTPase	1329	2093	+	orf1_relative
GII	MK773586	GII.4	7506	p22	2094	2501	+	orf1_relative
GII	MK773586	GII.4	7506	VPg	2502	2909	+	orf1_relative
GII	MK773586	GII.4	7506	3CLpro	2910	3470	+	orf1_relative
GII	MK773586	GII.4	7506	RdRp	4321	5077	+	inferred_from_region_blast
GII	MK775032	GII.4	7559	VP1	5084	6706	+	genbank
GII	MK775032	GII.4	7559	VP2	6706	7512	+	genbank
GII	MK775032	GII.4	7559	ORF1	4	5103	+	genbank
GII	MK775032	GII.4	7559	p48	4	1329	+	orf1_relative
GII	MK775032	GII.4	7559	NTPase	1330	2094	+	orf1_relative
GII	MK775032	GII.4	7559	p22	2095	2502	+	orf1_relative
GII	MK775032	GII.4	7559	VPg	2503	2910	+	orf1_relative
GII	MK775032	GII.4	7559	3CLpro	2911	3471	+	orf1_relative
GII	MK775032	GII.4	7559	RdRp	4322	5078	+	inferred_from_region_blast
GII	MK789434	GII.4	7540	VP1	5074	6696	+	genbank
GII	MK789434	GII.4	7540	VP2	6696	7502	+	genbank
GII	MK789434	GII.4	7540	ORF1	1	5093	+	genbank
GII	MK789434	GII.4	7540	p48	1	1324	+	orf1_relative
GII	MK789434	GII.4	7540	NTPase	1325	2088	+	orf1_relative
GII	MK789434	GII.4	7540	p22	2089	2496	+	orf1_relative
GII	MK789434	GII.4	7540	VPg	2497	2903	+	orf1_relative
GII	MK789434	GII.4	7540	3CLpro	2904	3463	+	orf1_relative
GII	MK789434	GII.4	7540	RdRp	4312	5068	+	inferred_from_region_blast
GII	MK789436	GII.4	7536	VP1	5071	6693	+	genbank
GII	MK789436	GII.4	7536	VP2	6693	7499	+	genbank
GII	MK789436	GII.4	7536	ORF1	1	5090	+	genbank
GII	MK789436	GII.4	7536	p48	1	1323	+	orf1_relative
GII	MK789436	GII.4	7536	NTPase	1324	2087	+	orf1_relative
GII	MK789436	GII.4	7536	p22	2088	2494	+	orf1_relative
GII	MK789436	GII.4	7536	VPg	2495	2901	+	orf1_relative
GII	MK789436	GII.4	7536	3CLpro	2902	3461	+	orf1_relative
GII	MK789436	GII.4	7536	RdRp	4309	5065	+	inferred_from_region_blast
GII	MK907799	GII.4	7390	VP1	4880	6502	+	genbank
GII	MK907799	GII.4	7390	VP2	6502	7308	+	genbank
GII	MK907799	GII.4	7390	ORF1	1	4899	+	genbank
GII	MK907799	GII.4	7390	p48	1	1274	+	orf1_relative
GII	MK907799	GII.4	7390	NTPase	1275	2009	+	orf1_relative
GII	MK907799	GII.4	7390	p22	2010	2401	+	orf1_relative
GII	MK907799	GII.4	7390	VPg	2402	2792	+	orf1_relative
GII	MK907799	GII.4	7390	3CLpro	2793	3331	+	orf1_relative
GII	MK907799	GII.4	7390	RdRp	4118	4874	+	inferred_from_region_blast
GII	MK928496	GII.4	7513	VP1	5085	6707	+	genbank
GII	MK928496	GII.4	7513	VP2	6707	7513	+	genbank
GII	MK928496	GII.4	7513	ORF1	5	5104	+	genbank
GII	MK928496	GII.4	7513	p48	5	1330	+	orf1_relative
GII	MK928496	GII.4	7513	NTPase	1331	2095	+	orf1_relative
GII	MK928496	GII.4	7513	p22	2096	2503	+	orf1_relative
GII	MK928496	GII.4	7513	VPg	2504	2911	+	orf1_relative
GII	MK928496	GII.4	7513	3CLpro	2912	3472	+	orf1_relative
GII	MK928496	GII.4	7513	RdRp	4323	5079	+	inferred_from_region_blast
GII	MK928497	GII.4	7513	VP1	5085	6707	+	genbank
GII	MK928497	GII.4	7513	VP2	6707	7513	+	genbank
GII	MK928497	GII.4	7513	ORF1	5	5104	+	genbank
GII	MK928497	GII.4	7513	p48	5	1330	+	orf1_relative
GII	MK928497	GII.4	7513	NTPase	1331	2095	+	orf1_relative
GII	MK928497	GII.4	7513	p22	2096	2503	+	orf1_relative
GII	MK928497	GII.4	7513	VPg	2504	2911	+	orf1_relative
GII	MK928497	GII.4	7513	3CLpro	2912	3472	+	orf1_relative
GII	MK928497	GII.4	7513	RdRp	4323	5079	+	inferred_from_region_blast
GII	MN248513	GII.4	7509	VP1	5081	6703	+	genbank
GII	MN248513	GII.4	7509	VP2	6703	7509	+	genbank
GII	MN248513	GII.4	7509	ORF1	1	5100	+	genbank
GII	MN248513	GII.4	7509	p48	1	1326	+	orf1_relative
GII	MN248513	GII.4	7509	NTPase	1327	2091	+	orf1_relative
GII	MN248513	GII.4	7509	p22	2092	2499	+	orf1_relative
GII	MN248513	GII.4	7509	VPg	2500	2907	+	orf1_relative
GII	MN248513	GII.4	7509	3CLpro	2908	3468	+	orf1_relative
GII	MN248513	GII.4	7509	RdRp	4319	5075	+	inferred_from_region_blast
GII	MN248518	GII.4	7509	VP1	5081	6703	+	genbank
GII	MN248518	GII.4	7509	VP2	6703	7509	+	genbank
GII	MN248518	GII.4	7509	ORF1	1	5100	+	genbank
GII	MN248518	GII.4	7509	p48	1	1326	+	orf1_relative
GII	MN248518	GII.4	7509	NTPase	1327	2091	+	orf1_relative
GII	MN248518	GII.4	7509	p22	2092	2499	+	orf1_relative
GII	MN248518	GII.4	7509	VPg	2500	2907	+	orf1_relative
GII	MN248518	GII.4	7509	3CLpro	2908	3468	+	orf1_relative
GII	MN248518	GII.4	7509	RdRp	4319	5075	+	inferred_from_region_blast
GII	MN308001	GII.4	7512	VP1	5084	6706	+	genbank
GII	MN308001	GII.4	7512	VP2	6706	7512	+	genbank
GII	MN308001	GII.4	7512	ORF1	1	5103	+	genbank
GII	MN308001	GII.4	7512	p48	1	1327	+	orf1_relative
GII	MN308001	GII.4	7512	NTPase	1328	2092	+	orf1_relative
GII	MN308001	GII.4	7512	p22	2093	2500	+	orf1_relative
GII	MN308001	GII.4	7512	VPg	2501	2909	+	orf1_relative
GII	MN308001	GII.4	7512	3CLpro	2910	3470	+	orf1_relative
GII	MN308001	GII.4	7512	RdRp	4322	5078	+	inferred_from_region_blast
GII	MN308012	GII.4	7512	VP1	5084	6706	+	genbank
GII	MN308012	GII.4	7512	VP2	6706	7512	+	genbank
GII	MN308012	GII.4	7512	ORF1	1	5103	+	genbank
GII	MN308012	GII.4	7512	p48	1	1327	+	orf1_relative
GII	MN308012	GII.4	7512	NTPase	1328	2092	+	orf1_relative
GII	MN308012	GII.4	7512	p22	2093	2500	+	orf1_relative
GII	MN308012	GII.4	7512	VPg	2501	2909	+	orf1_relative
GII	MN308012	GII.4	7512	3CLpro	2910	3470	+	orf1_relative
GII	MN308012	GII.4	7512	RdRp	4322	5078	+	inferred_from_region_blast
GII	MN400355	GII.4	7556	VP1	5085	6707	+	genbank
GII	MN400355	GII.4	7556	VP2	6707	7510	+	genbank
GII	MN400355	GII.4	7556	ORF1	5	5104	+	genbank
GII	MN400355	GII.4	7556	p48	5	1330	+	orf1_relative
GII	MN400355	GII.4	7556	NTPase	1331	2095	+	orf1_relative
GII	MN400355	GII.4	7556	p22	2096	2503	+	orf1_relative
GII	MN400355	GII.4	7556	VPg	2504	2911	+	orf1_relative
GII	MN400355	GII.4	7556	3CLpro	2912	3472	+	orf1_relative
GII	MN400355	GII.4	7556	RdRp	4323	5079	+	inferred_from_region_blast
GII	MN588300	GII.4	7545	VP1	5085	6707	+	genbank
GII	MN588300	GII.4	7545	VP2	6707	7513	+	genbank
GII	MN588300	GII.4	7545	ORF1	5	5104	+	genbank
GII	MN588300	GII.4	7545	p48	5	1330	+	orf1_relative
GII	MN588300	GII.4	7545	NTPase	1331	2095	+	orf1_relative
GII	MN588300	GII.4	7545	p22	2096	2503	+	orf1_relative
GII	MN588300	GII.4	7545	VPg	2504	2911	+	orf1_relative
GII	MN588300	GII.4	7545	3CLpro	2912	3472	+	orf1_relative
GII	MN588300	GII.4	7545	RdRp	4323	5079	+	inferred_from_region_blast
GII	MN588301	GII.4	7545	VP1	5085	6707	+	genbank
GII	MN588301	GII.4	7545	VP2	6707	7513	+	genbank
GII	MN588301	GII.4	7545	ORF1	5	5104	+	genbank
GII	MN588301	GII.4	7545	p48	5	1330	+	orf1_relative
GII	MN588301	GII.4	7545	NTPase	1331	2095	+	orf1_relative
GII	MN588301	GII.4	7545	p22	2096	2503	+	orf1_relative
GII	MN588301	GII.4	7545	VPg	2504	2911	+	orf1_relative
GII	MN588301	GII.4	7545	3CLpro	2912	3472	+	orf1_relative
GII	MN588301	GII.4	7545	RdRp	4323	5079	+	inferred_from_region_blast
GII	MN588303	GII.4	7545	VP1	5085	6707	+	genbank
GII	MN588303	GII.4	7545	VP2	6707	7513	+	genbank
GII	MN588303	GII.4	7545	ORF1	5	5104	+	genbank
GII	MN588303	GII.4	7545	p48	5	1330	+	orf1_relative
GII	MN588303	GII.4	7545	NTPase	1331	2095	+	orf1_relative
GII	MN588303	GII.4	7545	p22	2096	2503	+	orf1_relative
GII	MN588303	GII.4	7545	VPg	2504	2911	+	orf1_relative
GII	MN588303	GII.4	7545	3CLpro	2912	3472	+	orf1_relative
GII	MN588303	GII.4	7545	RdRp	4323	5079	+	inferred_from_region_blast
GII	MN588304	GII.4	7545	VP1	5085	6707	+	genbank
GII	MN588304	GII.4	7545	VP2	6707	7513	+	genbank
GII	MN588304	GII.4	7545	ORF1	5	5104	+	genbank
GII	MN588304	GII.4	7545	p48	5	1330	+	orf1_relative
GII	MN588304	GII.4	7545	NTPase	1331	2095	+	orf1_relative
GII	MN588304	GII.4	7545	p22	2096	2503	+	orf1_relative
GII	MN588304	GII.4	7545	VPg	2504	2911	+	orf1_relative
GII	MN588304	GII.4	7545	3CLpro	2912	3472	+	orf1_relative
GII	MN588304	GII.4	7545	RdRp	4323	5079	+	inferred_from_region_blast
GII	MN588305	GII.4	7545	VP1	5085	6707	+	genbank
GII	MN588305	GII.4	7545	VP2	6707	7513	+	genbank
GII	MN588305	GII.4	7545	ORF1	5	5104	+	genbank
GII	MN588305	GII.4	7545	p48	5	1330	+	orf1_relative
GII	MN588305	GII.4	7545	NTPase	1331	2095	+	orf1_relative
GII	MN588305	GII.4	7545	p22	2096	2503	+	orf1_relative
GII	MN588305	GII.4	7545	VPg	2504	2911	+	orf1_relative
GII	MN588305	GII.4	7545	3CLpro	2912	3472	+	orf1_relative
GII	MN588305	GII.4	7545	RdRp	4323	5079	+	inferred_from_region_blast
GII	MN588306	GII.4	7545	VP1	5085	6707	+	genbank
GII	MN588306	GII.4	7545	VP2	6707	7513	+	genbank
GII	MN588306	GII.4	7545	ORF1	5	5104	+	genbank
GII	MN588306	GII.4	7545	p48	5	1330	+	orf1_relative
GII	MN588306	GII.4	7545	NTPase	1331	2095	+	orf1_relative
GII	MN588306	GII.4	7545	p22	2096	2503	+	orf1_relative
GII	MN588306	GII.4	7545	VPg	2504	2911	+	orf1_relative
GII	MN588306	GII.4	7545	3CLpro	2912	3472	+	orf1_relative
GII	MN588306	GII.4	7545	RdRp	4323	5079	+	inferred_from_region_blast
GII	MN588307	GII.4	7545	VP1	5085	6707	+	genbank
GII	MN588307	GII.4	7545	VP2	6707	7513	+	genbank
GII	MN588307	GII.4	7545	ORF1	5	5104	+	genbank
GII	MN588307	GII.4	7545	p48	5	1330	+	orf1_relative
GII	MN588307	GII.4	7545	NTPase	1331	2095	+	orf1_relative
GII	MN588307	GII.4	7545	p22	2096	2503	+	orf1_relative
GII	MN588307	GII.4	7545	VPg	2504	2911	+	orf1_relative
GII	MN588307	GII.4	7545	3CLpro	2912	3472	+	orf1_relative
GII	MN588307	GII.4	7545	RdRp	4323	5079	+	inferred_from_region_blast
GII	MN782359	GII.4	7517	VP1	5047	6669	+	genbank
GII	MN782359	GII.4	7517	VP2	6669	7475	+	genbank
GII	MN782359	GII.4	7517	ORF1	1	5066	+	genbank
GII	MN782359	GII.4	7517	p48	1	1317	+	orf1_relative
GII	MN782359	GII.4	7517	NTPase	1318	2077	+	orf1_relative
GII	MN782359	GII.4	7517	p22	2078	2482	+	orf1_relative
GII	MN782359	GII.4	7517	VPg	2483	2888	+	orf1_relative
GII	MN782359	GII.4	7517	3CLpro	2889	3445	+	orf1_relative
GII	MN782359	GII.4	7517	RdRp	4285	5041	+	inferred_from_region_blast
GII	MN897754	GII.4	7576	VP1	5085	6707	+	genbank
GII	MN897754	GII.4	7576	VP2	6707	7513	+	genbank
GII	MN897754	GII.4	7576	ORF1	5	5104	+	genbank
GII	MN897754	GII.4	7576	p48	5	1330	+	orf1_relative
GII	MN897754	GII.4	7576	NTPase	1331	2095	+	orf1_relative
GII	MN897754	GII.4	7576	p22	2096	2503	+	orf1_relative
GII	MN897754	GII.4	7576	VPg	2504	2911	+	orf1_relative
GII	MN897754	GII.4	7576	3CLpro	2912	3472	+	orf1_relative
GII	MN897754	GII.4	7576	RdRp	4323	5079	+	inferred_from_region_blast
GII	MN897755	GII.4	7580	VP1	5085	6707	+	genbank
GII	MN897755	GII.4	7580	VP2	6707	7513	+	genbank
GII	MN897755	GII.4	7580	ORF1	5	5104	+	genbank
GII	MN897755	GII.4	7580	p48	5	1330	+	orf1_relative
GII	MN897755	GII.4	7580	NTPase	1331	2095	+	orf1_relative
GII	MN897755	GII.4	7580	p22	2096	2503	+	orf1_relative
GII	MN897755	GII.4	7580	VPg	2504	2911	+	orf1_relative
GII	MN897755	GII.4	7580	3CLpro	2912	3472	+	orf1_relative
GII	MN897755	GII.4	7580	RdRp	4323	5079	+	inferred_from_region_blast
GII	MN897756	GII.4	7563	VP1	5085	6707	+	genbank
GII	MN897756	GII.4	7563	VP2	6707	7513	+	genbank
GII	MN897756	GII.4	7563	ORF1	5	5104	+	genbank
GII	MN897756	GII.4	7563	p48	5	1330	+	orf1_relative
GII	MN897756	GII.4	7563	NTPase	1331	2095	+	orf1_relative
GII	MN897756	GII.4	7563	p22	2096	2503	+	orf1_relative
GII	MN897756	GII.4	7563	VPg	2504	2911	+	orf1_relative
GII	MN897756	GII.4	7563	3CLpro	2912	3472	+	orf1_relative
GII	MN897756	GII.4	7563	RdRp	4323	5079	+	inferred_from_region_blast
GII	MN996297	GII.4	7432	VP1	4988	6610	+	genbank
GII	MN996297	GII.4	7432	VP2	6610	7416	+	genbank
GII	MN996297	GII.4	7432	ORF1	1	5007	+	genbank
GII	MN996297	GII.4	7432	p48	1	1302	+	orf1_relative
GII	MN996297	GII.4	7432	NTPase	1303	2053	+	orf1_relative
GII	MN996297	GII.4	7432	p22	2054	2453	+	orf1_relative
GII	MN996297	GII.4	7432	VPg	2454	2854	+	orf1_relative
GII	MN996297	GII.4	7432	3CLpro	2855	3405	+	orf1_relative
GII	MN996297	GII.4	7432	RdRp	4226	4982	+	inferred_from_region_blast
GII	MN996299	GII.4	7431	VP1	4988	6610	+	genbank
GII	MN996299	GII.4	7431	VP2	6610	7416	+	genbank
GII	MN996299	GII.4	7431	ORF1	1	5007	+	genbank
GII	MN996299	GII.4	7431	p48	1	1302	+	orf1_relative
GII	MN996299	GII.4	7431	NTPase	1303	2053	+	orf1_relative
GII	MN996299	GII.4	7431	p22	2054	2453	+	orf1_relative
GII	MN996299	GII.4	7431	VPg	2454	2854	+	orf1_relative
GII	MN996299	GII.4	7431	3CLpro	2855	3405	+	orf1_relative
GII	MN996299	GII.4	7431	RdRp	4226	4982	+	inferred_from_region_blast
GII	MT026582	GII.4	7557	VP1	5085	6707	+	genbank
GII	MT026582	GII.4	7557	VP2	6707	7510	+	genbank
GII	MT026582	GII.4	7557	ORF1	5	5104	+	genbank
GII	MT026582	GII.4	7557	p48	5	1330	+	orf1_relative
GII	MT026582	GII.4	7557	NTPase	1331	2095	+	orf1_relative
GII	MT026582	GII.4	7557	p22	2096	2503	+	orf1_relative
GII	MT026582	GII.4	7557	VPg	2504	2911	+	orf1_relative
GII	MT026582	GII.4	7557	3CLpro	2912	3472	+	orf1_relative
GII	MT026582	GII.4	7557	RdRp	4323	5079	+	inferred_from_region_blast
GII	MT028542	GII.4	7560	VP1	5085	6707	+	genbank
GII	MT028542	GII.4	7560	VP2	6707	7513	+	genbank
GII	MT028542	GII.4	7560	ORF1	5	5104	+	genbank
GII	MT028542	GII.4	7560	p48	5	1330	+	orf1_relative
GII	MT028542	GII.4	7560	NTPase	1331	2095	+	orf1_relative
GII	MT028542	GII.4	7560	p22	2096	2503	+	orf1_relative
GII	MT028542	GII.4	7560	VPg	2504	2911	+	orf1_relative
GII	MT028542	GII.4	7560	3CLpro	2912	3472	+	orf1_relative
GII	MT028542	GII.4	7560	RdRp	4323	5079	+	inferred_from_region_blast
GII	MT029316	GII.4	7604	VP1	5085	6707	+	genbank
GII	MT029316	GII.4	7604	VP2	6707	7513	+	genbank
GII	MT029316	GII.4	7604	ORF1	5	5104	+	genbank
GII	MT029316	GII.4	7604	p48	5	1330	+	orf1_relative
GII	MT029316	GII.4	7604	NTPase	1331	2095	+	orf1_relative
GII	MT029316	GII.4	7604	p22	2096	2503	+	orf1_relative
GII	MT029316	GII.4	7604	VPg	2504	2911	+	orf1_relative
GII	MT029316	GII.4	7604	3CLpro	2912	3472	+	orf1_relative
GII	MT029316	GII.4	7604	RdRp	4323	5079	+	inferred_from_region_blast
GII	MT031761	GII.4	7560	VP1	5085	6707	+	genbank
GII	MT031761	GII.4	7560	VP2	6707	7513	+	genbank
GII	MT031761	GII.4	7560	ORF1	5	5104	+	genbank
GII	MT031761	GII.4	7560	p48	5	1330	+	orf1_relative
GII	MT031761	GII.4	7560	NTPase	1331	2095	+	orf1_relative
GII	MT031761	GII.4	7560	p22	2096	2503	+	orf1_relative
GII	MT031761	GII.4	7560	VPg	2504	2911	+	orf1_relative
GII	MT031761	GII.4	7560	3CLpro	2912	3472	+	orf1_relative
GII	MT031761	GII.4	7560	RdRp	4323	5079	+	inferred_from_region_blast
GII	MT031821	GII.4	7560	VP1	5085	6707	+	genbank
GII	MT031821	GII.4	7560	VP2	6707	7513	+	genbank
GII	MT031821	GII.4	7560	ORF1	5	5104	+	genbank
GII	MT031821	GII.4	7560	p48	5	1330	+	orf1_relative
GII	MT031821	GII.4	7560	NTPase	1331	2095	+	orf1_relative
GII	MT031821	GII.4	7560	p22	2096	2503	+	orf1_relative
GII	MT031821	GII.4	7560	VPg	2504	2911	+	orf1_relative
GII	MT031821	GII.4	7560	3CLpro	2912	3472	+	orf1_relative
GII	MT031821	GII.4	7560	RdRp	4323	5079	+	inferred_from_region_blast
GII	MT032004	GII.4	7564	VP1	5085	6707	+	genbank
GII	MT032004	GII.4	7564	VP2	6707	7513	+	genbank
GII	MT032004	GII.4	7564	ORF1	5	5104	+	genbank
GII	MT032004	GII.4	7564	p48	5	1330	+	orf1_relative
GII	MT032004	GII.4	7564	NTPase	1331	2095	+	orf1_relative
GII	MT032004	GII.4	7564	p22	2096	2503	+	orf1_relative
GII	MT032004	GII.4	7564	VPg	2504	2911	+	orf1_relative
GII	MT032004	GII.4	7564	3CLpro	2912	3472	+	orf1_relative
GII	MT032004	GII.4	7564	RdRp	4323	5079	+	inferred_from_region_blast
GII	MT158858	GII.4	7509	VP1	5081	6703	+	genbank
GII	MT158858	GII.4	7509	VP2	6703	7509	+	genbank
GII	MT158858	GII.4	7509	ORF1	1	5100	+	genbank
GII	MT158858	GII.4	7509	p48	1	1326	+	orf1_relative
GII	MT158858	GII.4	7509	NTPase	1327	2091	+	orf1_relative
GII	MT158858	GII.4	7509	p22	2092	2499	+	orf1_relative
GII	MT158858	GII.4	7509	VPg	2500	2907	+	orf1_relative
GII	MT158858	GII.4	7509	3CLpro	2908	3468	+	orf1_relative
GII	MT158858	GII.4	7509	RdRp	4319	5075	+	inferred_from_region_blast
GII	MT158859	GII.4	7509	VP1	5081	6703	+	genbank
GII	MT158859	GII.4	7509	VP2	6703	7509	+	genbank
GII	MT158859	GII.4	7509	ORF1	1	5100	+	genbank
GII	MT158859	GII.4	7509	p48	1	1326	+	orf1_relative
GII	MT158859	GII.4	7509	NTPase	1327	2091	+	orf1_relative
GII	MT158859	GII.4	7509	p22	2092	2499	+	orf1_relative
GII	MT158859	GII.4	7509	VPg	2500	2907	+	orf1_relative
GII	MT158859	GII.4	7509	3CLpro	2908	3468	+	orf1_relative
GII	MT158859	GII.4	7509	RdRp	4319	5075	+	inferred_from_region_blast
GII	MT238666	GII.4	7501	VP1	5073	6695	+	genbank
GII	MT238666	GII.4	7501	VP2	6695	7501	+	genbank
GII	MT238666	GII.4	7501	ORF1	1	5092	+	genbank
GII	MT238666	GII.4	7501	p48	1	1324	+	orf1_relative
GII	MT238666	GII.4	7501	NTPase	1325	2088	+	orf1_relative
GII	MT238666	GII.4	7501	p22	2089	2495	+	orf1_relative
GII	MT238666	GII.4	7501	VPg	2496	2902	+	orf1_relative
GII	MT238666	GII.4	7501	3CLpro	2903	3463	+	orf1_relative
GII	MT238666	GII.4	7501	RdRp	4311	5067	+	inferred_from_region_blast
GII	MT238667	GII.4	7540	VP1	5071	6693	+	genbank
GII	MT238667	GII.4	7540	VP2	6693	7499	+	genbank
GII	MT238667	GII.4	7540	ORF1	1	5090	+	genbank
GII	MT238667	GII.4	7540	p48	1	1323	+	orf1_relative
GII	MT238667	GII.4	7540	NTPase	1324	2087	+	orf1_relative
GII	MT238667	GII.4	7540	p22	2088	2494	+	orf1_relative
GII	MT238667	GII.4	7540	VPg	2495	2901	+	orf1_relative
GII	MT238667	GII.4	7540	3CLpro	2902	3461	+	orf1_relative
GII	MT238667	GII.4	7540	RdRp	4309	5065	+	inferred_from_region_blast
GII	MT238668	GII.4	7556	VP1	5074	6696	+	genbank
GII	MT238668	GII.4	7556	VP2	6696	7502	+	genbank
GII	MT238668	GII.4	7556	ORF1	1	5093	+	genbank
GII	MT238668	GII.4	7556	p48	1	1324	+	orf1_relative
GII	MT238668	GII.4	7556	NTPase	1325	2088	+	orf1_relative
GII	MT238668	GII.4	7556	p22	2089	2496	+	orf1_relative
GII	MT238668	GII.4	7556	VPg	2497	2903	+	orf1_relative
GII	MT238668	GII.4	7556	3CLpro	2904	3463	+	orf1_relative
GII	MT238668	GII.4	7556	RdRp	4312	5068	+	inferred_from_region_blast
GII	MT238670	GII.4	7567	VP1	5077	6699	+	genbank
GII	MT238670	GII.4	7567	VP2	6699	7505	+	genbank
GII	MT238670	GII.4	7567	ORF1	1	5096	+	genbank
GII	MT238670	GII.4	7567	p48	1	1325	+	orf1_relative
GII	MT238670	GII.4	7567	NTPase	1326	2089	+	orf1_relative
GII	MT238670	GII.4	7567	p22	2090	2497	+	orf1_relative
GII	MT238670	GII.4	7567	VPg	2498	2905	+	orf1_relative
GII	MT238670	GII.4	7567	3CLpro	2906	3465	+	orf1_relative
GII	MT238670	GII.4	7567	RdRp	4315	5071	+	inferred_from_region_blast
GII	MT238671	GII.4	7579	VP1	5085	6707	+	genbank
GII	MT238671	GII.4	7579	VP2	6707	7513	+	genbank
GII	MT238671	GII.4	7579	ORF1	5	5104	+	genbank
GII	MT238671	GII.4	7579	p48	5	1330	+	orf1_relative
GII	MT238671	GII.4	7579	NTPase	1331	2095	+	orf1_relative
GII	MT238671	GII.4	7579	p22	2096	2503	+	orf1_relative
GII	MT238671	GII.4	7579	VPg	2504	2911	+	orf1_relative
GII	MT238671	GII.4	7579	3CLpro	2912	3472	+	orf1_relative
GII	MT238671	GII.4	7579	RdRp	4323	5079	+	inferred_from_region_blast
GII	MT238672	GII.4	7568	VP1	5077	6699	+	genbank
GII	MT238672	GII.4	7568	VP2	6699	7505	+	genbank
GII	MT238672	GII.4	7568	ORF1	1	5096	+	genbank
GII	MT238672	GII.4	7568	p48	1	1325	+	orf1_relative
GII	MT238672	GII.4	7568	NTPase	1326	2089	+	orf1_relative
GII	MT238672	GII.4	7568	p22	2090	2497	+	orf1_relative
GII	MT238672	GII.4	7568	VPg	2498	2905	+	orf1_relative
GII	MT238672	GII.4	7568	3CLpro	2906	3465	+	orf1_relative
GII	MT238672	GII.4	7568	RdRp	4315	5071	+	inferred_from_region_blast
GII	MT344179	GII.4	7465	VP1	5037	6659	+	genbank
GII	MT344179	GII.4	7465	VP2	6659	7465	+	genbank
GII	MT344179	GII.4	7465	ORF1	1	5056	+	genbank
GII	MT344179	GII.4	7465	p48	1	1315	+	orf1_relative
GII	MT344179	GII.4	7465	NTPase	1316	2073	+	orf1_relative
GII	MT344179	GII.4	7465	p22	2074	2477	+	orf1_relative
GII	MT344179	GII.4	7465	VPg	2478	2882	+	orf1_relative
GII	MT344179	GII.4	7465	3CLpro	2883	3438	+	orf1_relative
GII	MT344179	GII.4	7465	RdRp	4275	5031	+	inferred_from_region_blast
GII	MT344180	GII.4	7583	VP1	5075	6697	+	genbank
GII	MT344180	GII.4	7583	VP2	6697	7503	+	genbank
GII	MT344180	GII.4	7583	ORF1	1	5094	+	genbank
GII	MT344180	GII.4	7583	p48	1	1324	+	orf1_relative
GII	MT344180	GII.4	7583	NTPase	1325	2089	+	orf1_relative
GII	MT344180	GII.4	7583	p22	2090	2496	+	orf1_relative
GII	MT344180	GII.4	7583	VPg	2497	2904	+	orf1_relative
GII	MT344180	GII.4	7583	3CLpro	2905	3464	+	orf1_relative
GII	MT344180	GII.4	7583	RdRp	4313	5069	+	inferred_from_region_blast
GII	MT362912	GII.4	7553	VP1	5081	6703	+	genbank
GII	MT362912	GII.4	7553	VP2	6703	7506	+	genbank
GII	MT362912	GII.4	7553	ORF1	1	5100	+	genbank
GII	MT362912	GII.4	7553	p48	1	1326	+	orf1_relative
GII	MT362912	GII.4	7553	NTPase	1327	2091	+	orf1_relative
GII	MT362912	GII.4	7553	p22	2092	2499	+	orf1_relative
GII	MT362912	GII.4	7553	VPg	2500	2907	+	orf1_relative
GII	MT362912	GII.4	7553	3CLpro	2908	3468	+	orf1_relative
GII	MT362912	GII.4	7553	RdRp	4319	5075	+	inferred_from_region_blast
GII	MT362913	GII.4	7539	VP1	5074	6696	+	genbank
GII	MT362913	GII.4	7539	VP2	6696	7499	+	genbank
GII	MT362913	GII.4	7539	ORF1	1	5093	+	genbank
GII	MT362913	GII.4	7539	p48	1	1324	+	orf1_relative
GII	MT362913	GII.4	7539	NTPase	1325	2088	+	orf1_relative
GII	MT362913	GII.4	7539	p22	2089	2496	+	orf1_relative
GII	MT362913	GII.4	7539	VPg	2497	2903	+	orf1_relative
GII	MT362913	GII.4	7539	3CLpro	2904	3463	+	orf1_relative
GII	MT362913	GII.4	7539	RdRp	4312	5068	+	inferred_from_region_blast
GII	MT367328	GII.4	7549	VP1	5077	6699	+	genbank
GII	MT367328	GII.4	7549	VP2	6699	7505	+	genbank
GII	MT367328	GII.4	7549	ORF1	1	5096	+	genbank
GII	MT367328	GII.4	7549	p48	1	1325	+	orf1_relative
GII	MT367328	GII.4	7549	NTPase	1326	2089	+	orf1_relative
GII	MT367328	GII.4	7549	p22	2090	2497	+	orf1_relative
GII	MT367328	GII.4	7549	VPg	2498	2905	+	orf1_relative
GII	MT367328	GII.4	7549	3CLpro	2906	3465	+	orf1_relative
GII	MT367328	GII.4	7549	RdRp	4315	5071	+	inferred_from_region_blast
GII	MT537605	GII.4	7508	VP1	5071	6693	+	genbank
GII	MT537605	GII.4	7508	VP2	6693	7499	+	genbank
GII	MT537605	GII.4	7508	ORF1	1	5090	+	genbank
GII	MT537605	GII.4	7508	p48	1	1323	+	orf1_relative
GII	MT537605	GII.4	7508	NTPase	1324	2087	+	orf1_relative
GII	MT537605	GII.4	7508	p22	2088	2494	+	orf1_relative
GII	MT537605	GII.4	7508	VPg	2495	2901	+	orf1_relative
GII	MT537605	GII.4	7508	3CLpro	2902	3461	+	orf1_relative
GII	MT537605	GII.4	7508	RdRp	4309	5065	+	inferred_from_region_blast
GII	MT537633	GII.4	7515	VP1	5076	6698	+	genbank
GII	MT537633	GII.4	7515	VP2	6698	7504	+	genbank
GII	MT537633	GII.4	7515	ORF1	1	5095	+	genbank
GII	MT537633	GII.4	7515	p48	1	1325	+	orf1_relative
GII	MT537633	GII.4	7515	NTPase	1326	2089	+	orf1_relative
GII	MT537633	GII.4	7515	p22	2090	2497	+	orf1_relative
GII	MT537633	GII.4	7515	VPg	2498	2904	+	orf1_relative
GII	MT537633	GII.4	7515	3CLpro	2905	3465	+	orf1_relative
GII	MT537633	GII.4	7515	RdRp	4314	5070	+	inferred_from_region_blast
GII	MT537634	GII.4	7515	VP1	5078	6700	+	genbank
GII	MT537634	GII.4	7515	VP2	6700	7506	+	genbank
GII	MT537634	GII.4	7515	ORF1	1	5097	+	genbank
GII	MT537634	GII.4	7515	p48	1	1325	+	orf1_relative
GII	MT537634	GII.4	7515	NTPase	1326	2090	+	orf1_relative
GII	MT537634	GII.4	7515	p22	2091	2498	+	orf1_relative
GII	MT537634	GII.4	7515	VPg	2499	2905	+	orf1_relative
GII	MT537634	GII.4	7515	3CLpro	2906	3466	+	orf1_relative
GII	MT537634	GII.4	7515	RdRp	4316	5072	+	inferred_from_region_blast
GII	MT537941	GII.4	7512	VP1	5073	6695	+	genbank
GII	MT537941	GII.4	7512	VP2	6695	7501	+	genbank
GII	MT537941	GII.4	7512	ORF1	1	5092	+	genbank
GII	MT537941	GII.4	7512	p48	1	1324	+	orf1_relative
GII	MT537941	GII.4	7512	NTPase	1325	2088	+	orf1_relative
GII	MT537941	GII.4	7512	p22	2089	2495	+	orf1_relative
GII	MT537941	GII.4	7512	VPg	2496	2902	+	orf1_relative
GII	MT537941	GII.4	7512	3CLpro	2903	3463	+	orf1_relative
GII	MT537941	GII.4	7512	RdRp	4311	5067	+	inferred_from_region_blast
GII	MT725762	GII.4	7566	VP1	5085	6707	+	genbank
GII	MT725762	GII.4	7566	VP2	6707	7510	+	genbank
GII	MT725762	GII.4	7566	ORF1	5	5104	+	genbank
GII	MT725762	GII.4	7566	p48	5	1330	+	orf1_relative
GII	MT725762	GII.4	7566	NTPase	1331	2095	+	orf1_relative
GII	MT725762	GII.4	7566	p22	2096	2503	+	orf1_relative
GII	MT725762	GII.4	7566	VPg	2504	2911	+	orf1_relative
GII	MT725762	GII.4	7566	3CLpro	2912	3472	+	orf1_relative
GII	MT725762	GII.4	7566	RdRp	4323	5079	+	inferred_from_region_blast
GII	MT726225	GII.4	7568	VP1	5085	6707	+	genbank
GII	MT726225	GII.4	7568	VP2	6707	7513	+	genbank
GII	MT726225	GII.4	7568	ORF1	5	5104	+	genbank
GII	MT726225	GII.4	7568	p48	5	1330	+	orf1_relative
GII	MT726225	GII.4	7568	NTPase	1331	2095	+	orf1_relative
GII	MT726225	GII.4	7568	p22	2096	2503	+	orf1_relative
GII	MT726225	GII.4	7568	VPg	2504	2911	+	orf1_relative
GII	MT726225	GII.4	7568	3CLpro	2912	3472	+	orf1_relative
GII	MT726225	GII.4	7568	RdRp	4323	5079	+	inferred_from_region_blast
GII	MT735394	GII.4	7552	VP1	5081	6703	+	genbank
GII	MT735394	GII.4	7552	VP2	6703	7506	+	genbank
GII	MT735394	GII.4	7552	ORF1	1	5100	+	genbank
GII	MT735394	GII.4	7552	p48	1	1326	+	orf1_relative
GII	MT735394	GII.4	7552	NTPase	1327	2091	+	orf1_relative
GII	MT735394	GII.4	7552	p22	2092	2499	+	orf1_relative
GII	MT735394	GII.4	7552	VPg	2500	2907	+	orf1_relative
GII	MT735394	GII.4	7552	3CLpro	2908	3468	+	orf1_relative
GII	MT735394	GII.4	7552	RdRp	4319	5075	+	inferred_from_region_blast
GII	MT742777	GII.4	7501	VP1	5051	6673	+	genbank
GII	MT742777	GII.4	7501	VP2	6673	7476	+	genbank
GII	MT742777	GII.4	7501	ORF1	1	5070	+	genbank
GII	MT742777	GII.4	7501	p48	1	1318	+	orf1_relative
GII	MT742777	GII.4	7501	NTPase	1319	2079	+	orf1_relative
GII	MT742777	GII.4	7501	p22	2080	2484	+	orf1_relative
GII	MT742777	GII.4	7501	VPg	2485	2890	+	orf1_relative
GII	MT742777	GII.4	7501	3CLpro	2891	3448	+	orf1_relative
GII	MT742777	GII.4	7501	RdRp	4291	5045	+	inferred_from_region_blast
GII	MW009070	GII.4	7561	VP1	5075	6697	+	genbank
GII	MW009070	GII.4	7561	VP2	6697	7500	+	genbank
GII	MW009070	GII.4	7561	ORF1	1	5094	+	genbank
GII	MW009070	GII.4	7561	p48	1	1324	+	orf1_relative
GII	MW009070	GII.4	7561	NTPase	1325	2089	+	orf1_relative
GII	MW009070	GII.4	7561	p22	2090	2496	+	orf1_relative
GII	MW009070	GII.4	7561	VPg	2497	2904	+	orf1_relative
GII	MW009070	GII.4	7561	3CLpro	2905	3464	+	orf1_relative
GII	MW009070	GII.4	7561	RdRp	4313	5069	+	inferred_from_region_blast
GII	MW019618	GII.4	7128	VP1	5078	6700	+	genbank
GII	MW019618	GII.4	7128	VP2	6700	7128	+	genbank
GII	MW019618	GII.4	7128	ORF1	1	5097	+	genbank
GII	MW019618	GII.4	7128	p48	1	1325	+	orf1_relative
GII	MW019618	GII.4	7128	NTPase	1326	2090	+	orf1_relative
GII	MW019618	GII.4	7128	p22	2091	2498	+	orf1_relative
GII	MW019618	GII.4	7128	VPg	2499	2905	+	orf1_relative
GII	MW019618	GII.4	7128	3CLpro	2906	3466	+	orf1_relative
GII	MW019618	GII.4	7128	RdRp	4316	5072	+	inferred_from_region_blast
GII	MW019619	GII.4	7047	VP1	5078	6700	+	genbank
GII	MW019619	GII.4	7047	VP2	6700	7047	+	genbank
GII	MW019619	GII.4	7047	ORF1	1	5097	+	genbank
GII	MW019619	GII.4	7047	p48	1	1325	+	orf1_relative
GII	MW019619	GII.4	7047	NTPase	1326	2090	+	orf1_relative
GII	MW019619	GII.4	7047	p22	2091	2498	+	orf1_relative
GII	MW019619	GII.4	7047	VPg	2499	2905	+	orf1_relative
GII	MW019619	GII.4	7047	3CLpro	2906	3466	+	orf1_relative
GII	MW019619	GII.4	7047	RdRp	4316	5072	+	inferred_from_region_blast
GII	MW019620	GII.4	7020	VP1	5078	6700	+	genbank
GII	MW019620	GII.4	7020	VP2	6700	7020	+	genbank
GII	MW019620	GII.4	7020	ORF1	1	5097	+	genbank
GII	MW019620	GII.4	7020	p48	1	1325	+	orf1_relative
GII	MW019620	GII.4	7020	NTPase	1326	2090	+	orf1_relative
GII	MW019620	GII.4	7020	p22	2091	2498	+	orf1_relative
GII	MW019620	GII.4	7020	VPg	2499	2905	+	orf1_relative
GII	MW019620	GII.4	7020	3CLpro	2906	3466	+	orf1_relative
GII	MW019620	GII.4	7020	RdRp	4316	5072	+	inferred_from_region_blast
GII	MW019956	GII.4	7017	VP1	5078	6700	+	genbank
GII	MW019956	GII.4	7017	VP2	6700	7017	+	genbank
GII	MW019956	GII.4	7017	ORF1	1	5097	+	genbank
GII	MW019956	GII.4	7017	p48	1	1325	+	orf1_relative
GII	MW019956	GII.4	7017	NTPase	1326	2090	+	orf1_relative
GII	MW019956	GII.4	7017	p22	2091	2498	+	orf1_relative
GII	MW019956	GII.4	7017	VPg	2499	2905	+	orf1_relative
GII	MW019956	GII.4	7017	3CLpro	2906	3466	+	orf1_relative
GII	MW019956	GII.4	7017	RdRp	4327	5072	+	inferred_from_region_blast
GII	MW019957	GII.4	7023	VP1	5078	6700	+	genbank
GII	MW019957	GII.4	7023	VP2	6700	7023	+	genbank
GII	MW019957	GII.4	7023	ORF1	1	5097	+	genbank
GII	MW019957	GII.4	7023	p48	1	1325	+	orf1_relative
GII	MW019957	GII.4	7023	NTPase	1326	2090	+	orf1_relative
GII	MW019957	GII.4	7023	p22	2091	2498	+	orf1_relative
GII	MW019957	GII.4	7023	VPg	2499	2905	+	orf1_relative
GII	MW019957	GII.4	7023	3CLpro	2906	3466	+	orf1_relative
GII	MW019957	GII.4	7023	RdRp	4316	5072	+	inferred_from_region_blast
GII	MW019958	GII.4	7017	VP1	5078	6700	+	genbank
GII	MW019958	GII.4	7017	VP2	6700	7017	+	genbank
GII	MW019958	GII.4	7017	ORF1	1	5097	+	genbank
GII	MW019958	GII.4	7017	p48	1	1325	+	orf1_relative
GII	MW019958	GII.4	7017	NTPase	1326	2090	+	orf1_relative
GII	MW019958	GII.4	7017	p22	2091	2498	+	orf1_relative
GII	MW019958	GII.4	7017	VPg	2499	2905	+	orf1_relative
GII	MW019958	GII.4	7017	3CLpro	2906	3466	+	orf1_relative
GII	MW019958	GII.4	7017	RdRp	4316	5072	+	inferred_from_region_blast
GII	MW019959	GII.4	7020	VP1	5078	6700	+	genbank
GII	MW019959	GII.4	7020	VP2	6700	7020	+	genbank
GII	MW019959	GII.4	7020	ORF1	1	5097	+	genbank
GII	MW019959	GII.4	7020	p48	1	1325	+	orf1_relative
GII	MW019959	GII.4	7020	NTPase	1326	2090	+	orf1_relative
GII	MW019959	GII.4	7020	p22	2091	2498	+	orf1_relative
GII	MW019959	GII.4	7020	VPg	2499	2905	+	orf1_relative
GII	MW019959	GII.4	7020	3CLpro	2906	3466	+	orf1_relative
GII	MW019959	GII.4	7020	RdRp	4316	5072	+	inferred_from_region_blast
GII	MW305548	GII.4	7525	VP1	5050	6672	+	genbank
GII	MW305548	GII.4	7525	VP2	6672	7478	+	genbank
GII	MW305548	GII.4	7525	ORF1	1	5069	+	genbank
GII	MW305548	GII.4	7525	p48	1	1318	+	orf1_relative
GII	MW305548	GII.4	7525	NTPase	1319	2078	+	orf1_relative
GII	MW305548	GII.4	7525	p22	2079	2484	+	orf1_relative
GII	MW305548	GII.4	7525	VPg	2485	2889	+	orf1_relative
GII	MW305548	GII.4	7525	3CLpro	2890	3447	+	orf1_relative
GII	MW305548	GII.4	7525	RdRp	4288	5044	+	inferred_from_region_blast
GII	MW305553	GII.4	7496	VP1	5050	6672	+	genbank
GII	MW305553	GII.4	7496	VP2	6672	7478	+	genbank
GII	MW305553	GII.4	7496	ORF1	1	5069	+	genbank
GII	MW305553	GII.4	7496	p48	1	1318	+	orf1_relative
GII	MW305553	GII.4	7496	NTPase	1319	2078	+	orf1_relative
GII	MW305553	GII.4	7496	p22	2079	2484	+	orf1_relative
GII	MW305553	GII.4	7496	VPg	2485	2889	+	orf1_relative
GII	MW305553	GII.4	7496	3CLpro	2890	3447	+	orf1_relative
GII	MW305553	GII.4	7496	RdRp	4288	5044	+	inferred_from_region_blast
GII	MW305557	GII.4	7496	VP1	5050	6672	+	genbank
GII	MW305557	GII.4	7496	VP2	6672	7478	+	genbank
GII	MW305557	GII.4	7496	ORF1	1	5069	+	genbank
GII	MW305557	GII.4	7496	p48	1	1318	+	orf1_relative
GII	MW305557	GII.4	7496	NTPase	1319	2078	+	orf1_relative
GII	MW305557	GII.4	7496	p22	2079	2484	+	orf1_relative
GII	MW305557	GII.4	7496	VPg	2485	2889	+	orf1_relative
GII	MW305557	GII.4	7496	3CLpro	2890	3447	+	orf1_relative
GII	MW305557	GII.4	7496	RdRp	4288	5044	+	inferred_from_region_blast
GII	MW305558	GII.4	7520	VP1	5050	6672	+	genbank
GII	MW305558	GII.4	7520	VP2	6672	7478	+	genbank
GII	MW305558	GII.4	7520	ORF1	1	5069	+	genbank
GII	MW305558	GII.4	7520	p48	1	1318	+	orf1_relative
GII	MW305558	GII.4	7520	NTPase	1319	2078	+	orf1_relative
GII	MW305558	GII.4	7520	p22	2079	2484	+	orf1_relative
GII	MW305558	GII.4	7520	VPg	2485	2889	+	orf1_relative
GII	MW305558	GII.4	7520	3CLpro	2890	3447	+	orf1_relative
GII	MW305558	GII.4	7520	RdRp	4288	5044	+	inferred_from_region_blast
GII	MW305560	GII.4	7520	VP1	5050	6672	+	genbank
GII	MW305560	GII.4	7520	VP2	6672	7478	+	genbank
GII	MW305560	GII.4	7520	ORF1	1	5069	+	genbank
GII	MW305560	GII.4	7520	p48	1	1318	+	orf1_relative
GII	MW305560	GII.4	7520	NTPase	1319	2078	+	orf1_relative
GII	MW305560	GII.4	7520	p22	2079	2484	+	orf1_relative
GII	MW305560	GII.4	7520	VPg	2485	2889	+	orf1_relative
GII	MW305560	GII.4	7520	3CLpro	2890	3447	+	orf1_relative
GII	MW305560	GII.4	7520	RdRp	4288	5044	+	inferred_from_region_blast
GII	MW305632	GII.4	7524	VP1	5050	6672	+	genbank
GII	MW305632	GII.4	7524	VP2	6672	7478	+	genbank
GII	MW305632	GII.4	7524	ORF1	1	5069	+	genbank
GII	MW305632	GII.4	7524	p48	1	1318	+	orf1_relative
GII	MW305632	GII.4	7524	NTPase	1319	2078	+	orf1_relative
GII	MW305632	GII.4	7524	p22	2079	2484	+	orf1_relative
GII	MW305632	GII.4	7524	VPg	2485	2889	+	orf1_relative
GII	MW305632	GII.4	7524	3CLpro	2890	3447	+	orf1_relative
GII	MW305632	GII.4	7524	RdRp	4288	5044	+	inferred_from_region_blast
GII	MW305633	GII.4	7524	VP1	5050	6672	+	genbank
GII	MW305633	GII.4	7524	VP2	6672	7478	+	genbank
GII	MW305633	GII.4	7524	ORF1	1	5069	+	genbank
GII	MW305633	GII.4	7524	p48	1	1318	+	orf1_relative
GII	MW305633	GII.4	7524	NTPase	1319	2078	+	orf1_relative
GII	MW305633	GII.4	7524	p22	2079	2484	+	orf1_relative
GII	MW305633	GII.4	7524	VPg	2485	2889	+	orf1_relative
GII	MW305633	GII.4	7524	3CLpro	2890	3447	+	orf1_relative
GII	MW305633	GII.4	7524	RdRp	4288	5044	+	inferred_from_region_blast
GII	MW305634	GII.4	7524	VP1	5050	6672	+	genbank
GII	MW305634	GII.4	7524	VP2	6672	7478	+	genbank
GII	MW305634	GII.4	7524	ORF1	1	5069	+	genbank
GII	MW305634	GII.4	7524	p48	1	1318	+	orf1_relative
GII	MW305634	GII.4	7524	NTPase	1319	2078	+	orf1_relative
GII	MW305634	GII.4	7524	p22	2079	2484	+	orf1_relative
GII	MW305634	GII.4	7524	VPg	2485	2889	+	orf1_relative
GII	MW305634	GII.4	7524	3CLpro	2890	3447	+	orf1_relative
GII	MW305634	GII.4	7524	RdRp	4288	5044	+	inferred_from_region_blast
GII	MW305636	GII.4	7519	VP1	5050	6672	+	genbank
GII	MW305636	GII.4	7519	VP2	6672	7478	+	genbank
GII	MW305636	GII.4	7519	ORF1	1	5069	+	genbank
GII	MW305636	GII.4	7519	p48	1	1318	+	orf1_relative
GII	MW305636	GII.4	7519	NTPase	1319	2078	+	orf1_relative
GII	MW305636	GII.4	7519	p22	2079	2484	+	orf1_relative
GII	MW305636	GII.4	7519	VPg	2485	2889	+	orf1_relative
GII	MW305636	GII.4	7519	3CLpro	2890	3447	+	orf1_relative
GII	MW305636	GII.4	7519	RdRp	4288	5044	+	inferred_from_region_blast
GII	MW305637	GII.4	7521	VP1	5050	6672	+	genbank
GII	MW305637	GII.4	7521	VP2	6672	7478	+	genbank
GII	MW305637	GII.4	7521	ORF1	1	5069	+	genbank
GII	MW305637	GII.4	7521	p48	1	1318	+	orf1_relative
GII	MW305637	GII.4	7521	NTPase	1319	2078	+	orf1_relative
GII	MW305637	GII.4	7521	p22	2079	2484	+	orf1_relative
GII	MW305637	GII.4	7521	VPg	2485	2889	+	orf1_relative
GII	MW305637	GII.4	7521	3CLpro	2890	3447	+	orf1_relative
GII	MW305637	GII.4	7521	RdRp	4288	5044	+	inferred_from_region_blast
GII	MW305639	GII.4	7521	VP1	5050	6672	+	genbank
GII	MW305639	GII.4	7521	VP2	6672	7478	+	genbank
GII	MW305639	GII.4	7521	ORF1	1	5069	+	genbank
GII	MW305639	GII.4	7521	p48	1	1318	+	orf1_relative
GII	MW305639	GII.4	7521	NTPase	1319	2078	+	orf1_relative
GII	MW305639	GII.4	7521	p22	2079	2484	+	orf1_relative
GII	MW305639	GII.4	7521	VPg	2485	2889	+	orf1_relative
GII	MW305639	GII.4	7521	3CLpro	2890	3447	+	orf1_relative
GII	MW305639	GII.4	7521	RdRp	4288	5044	+	inferred_from_region_blast
GII	MW305647	GII.4	7520	VP1	5050	6672	+	genbank
GII	MW305647	GII.4	7520	VP2	6672	7478	+	genbank
GII	MW305647	GII.4	7520	ORF1	1	5069	+	genbank
GII	MW305647	GII.4	7520	p48	1	1318	+	orf1_relative
GII	MW305647	GII.4	7520	NTPase	1319	2078	+	orf1_relative
GII	MW305647	GII.4	7520	p22	2079	2484	+	orf1_relative
GII	MW305647	GII.4	7520	VPg	2485	2889	+	orf1_relative
GII	MW305647	GII.4	7520	3CLpro	2890	3447	+	orf1_relative
GII	MW305647	GII.4	7520	RdRp	4288	5044	+	inferred_from_region_blast
GII	MW305723	GII.4	7520	VP1	5050	6672	+	genbank
GII	MW305723	GII.4	7520	VP2	6672	7478	+	genbank
GII	MW305723	GII.4	7520	ORF1	1	5069	+	genbank
GII	MW305723	GII.4	7520	p48	1	1318	+	orf1_relative
GII	MW305723	GII.4	7520	NTPase	1319	2078	+	orf1_relative
GII	MW305723	GII.4	7520	p22	2079	2484	+	orf1_relative
GII	MW305723	GII.4	7520	VPg	2485	2889	+	orf1_relative
GII	MW305723	GII.4	7520	3CLpro	2890	3447	+	orf1_relative
GII	MW305723	GII.4	7520	RdRp	4290	5044	+	inferred_from_region_blast
GII	MW559990	GII.4	7443	VP1	5081	6703	+	genbank
GII	MW559990	GII.4	7443	VP2	6703	7443	+	genbank
GII	MW559990	GII.4	7443	ORF1	1	5100	+	genbank
GII	MW559990	GII.4	7443	p48	1	1326	+	orf1_relative
GII	MW559990	GII.4	7443	NTPase	1327	2091	+	orf1_relative
GII	MW559990	GII.4	7443	p22	2092	2499	+	orf1_relative
GII	MW559990	GII.4	7443	VPg	2500	2907	+	orf1_relative
GII	MW559990	GII.4	7443	3CLpro	2908	3468	+	orf1_relative
GII	MW559990	GII.4	7443	RdRp	4319	5075	+	inferred_from_region_blast
GII	MW559991	GII.4	7443	VP1	5081	6703	+	genbank
GII	MW559991	GII.4	7443	VP2	6703	7443	+	genbank
GII	MW559991	GII.4	7443	ORF1	1	5100	+	genbank
GII	MW559991	GII.4	7443	p48	1	1326	+	orf1_relative
GII	MW559991	GII.4	7443	NTPase	1327	2091	+	orf1_relative
GII	MW559991	GII.4	7443	p22	2092	2499	+	orf1_relative
GII	MW559991	GII.4	7443	VPg	2500	2907	+	orf1_relative
GII	MW559991	GII.4	7443	3CLpro	2908	3468	+	orf1_relative
GII	MW559991	GII.4	7443	RdRp	4319	5075	+	inferred_from_region_blast
GII	MW559992	GII.4	7439	VP1	5081	6703	+	genbank
GII	MW559992	GII.4	7439	VP2	6703	7439	+	genbank
GII	MW559992	GII.4	7439	ORF1	1	5100	+	genbank
GII	MW559992	GII.4	7439	p48	1	1326	+	orf1_relative
GII	MW559992	GII.4	7439	NTPase	1327	2091	+	orf1_relative
GII	MW559992	GII.4	7439	p22	2092	2499	+	orf1_relative
GII	MW559992	GII.4	7439	VPg	2500	2907	+	orf1_relative
GII	MW559992	GII.4	7439	3CLpro	2908	3468	+	orf1_relative
GII	MW559992	GII.4	7439	RdRp	4319	5075	+	inferred_from_region_blast
GII	MW559993	GII.4	7443	VP1	5081	6703	+	genbank
GII	MW559993	GII.4	7443	VP2	6703	7443	+	genbank
GII	MW559993	GII.4	7443	ORF1	1	5100	+	genbank
GII	MW559993	GII.4	7443	p48	1	1326	+	orf1_relative
GII	MW559993	GII.4	7443	NTPase	1327	2091	+	orf1_relative
GII	MW559993	GII.4	7443	p22	2092	2499	+	orf1_relative
GII	MW559993	GII.4	7443	VPg	2500	2907	+	orf1_relative
GII	MW559993	GII.4	7443	3CLpro	2908	3468	+	orf1_relative
GII	MW559993	GII.4	7443	RdRp	4319	5075	+	inferred_from_region_blast
GII	MW559994	GII.4	7445	VP1	5081	6703	+	genbank
GII	MW559994	GII.4	7445	VP2	6703	7445	+	genbank
GII	MW559994	GII.4	7445	ORF1	1	5100	+	genbank
GII	MW559994	GII.4	7445	p48	1	1326	+	orf1_relative
GII	MW559994	GII.4	7445	NTPase	1327	2091	+	orf1_relative
GII	MW559994	GII.4	7445	p22	2092	2499	+	orf1_relative
GII	MW559994	GII.4	7445	VPg	2500	2907	+	orf1_relative
GII	MW559994	GII.4	7445	3CLpro	2908	3468	+	orf1_relative
GII	MW559994	GII.4	7445	RdRp	4319	5075	+	inferred_from_region_blast
GII	MW581004	GII.4	7479	VP1	5085	6707	+	genbank
GII	MW581004	GII.4	7479	VP2	6707	7468	+	genbank
GII	MW581004	GII.4	7479	ORF1	5	5104	+	genbank
GII	MW581004	GII.4	7479	p48	5	1330	+	orf1_relative
GII	MW581004	GII.4	7479	NTPase	1331	2095	+	orf1_relative
GII	MW581004	GII.4	7479	p22	2096	2503	+	orf1_relative
GII	MW581004	GII.4	7479	VPg	2504	2911	+	orf1_relative
GII	MW581004	GII.4	7479	3CLpro	2912	3472	+	orf1_relative
GII	MW581004	GII.4	7479	RdRp	4325	5079	+	inferred_from_region_blast
GII	MW581005	GII.4	7479	VP1	5085	6707	+	genbank
GII	MW581005	GII.4	7479	VP2	6707	7468	+	genbank
GII	MW581005	GII.4	7479	ORF1	5	5104	+	genbank
GII	MW581005	GII.4	7479	p48	5	1330	+	orf1_relative
GII	MW581005	GII.4	7479	NTPase	1331	2095	+	orf1_relative
GII	MW581005	GII.4	7479	p22	2096	2503	+	orf1_relative
GII	MW581005	GII.4	7479	VPg	2504	2911	+	orf1_relative
GII	MW581005	GII.4	7479	3CLpro	2912	3472	+	orf1_relative
GII	MW581005	GII.4	7479	RdRp	4325	5079	+	inferred_from_region_blast
GII	MW581006	GII.4	7479	VP1	5085	6707	+	genbank
GII	MW581006	GII.4	7479	VP2	6707	7468	+	genbank
GII	MW581006	GII.4	7479	ORF1	5	5104	+	genbank
GII	MW581006	GII.4	7479	p48	5	1330	+	orf1_relative
GII	MW581006	GII.4	7479	NTPase	1331	2095	+	orf1_relative
GII	MW581006	GII.4	7479	p22	2096	2503	+	orf1_relative
GII	MW581006	GII.4	7479	VPg	2504	2911	+	orf1_relative
GII	MW581006	GII.4	7479	3CLpro	2912	3472	+	orf1_relative
GII	MW581006	GII.4	7479	RdRp	4325	5079	+	inferred_from_region_blast
GII	MW581007	GII.4	7479	VP1	5085	6707	+	genbank
GII	MW581007	GII.4	7479	VP2	6707	7468	+	genbank
GII	MW581007	GII.4	7479	ORF1	5	5104	+	genbank
GII	MW581007	GII.4	7479	p48	5	1330	+	orf1_relative
GII	MW581007	GII.4	7479	NTPase	1331	2095	+	orf1_relative
GII	MW581007	GII.4	7479	p22	2096	2503	+	orf1_relative
GII	MW581007	GII.4	7479	VPg	2504	2911	+	orf1_relative
GII	MW581007	GII.4	7479	3CLpro	2912	3472	+	orf1_relative
GII	MW581007	GII.4	7479	RdRp	4325	5079	+	inferred_from_region_blast
GII	MW581008	GII.4	7479	VP1	5085	6707	+	genbank
GII	MW581008	GII.4	7479	VP2	6707	7468	+	genbank
GII	MW581008	GII.4	7479	ORF1	5	5104	+	genbank
GII	MW581008	GII.4	7479	p48	5	1330	+	orf1_relative
GII	MW581008	GII.4	7479	NTPase	1331	2095	+	orf1_relative
GII	MW581008	GII.4	7479	p22	2096	2503	+	orf1_relative
GII	MW581008	GII.4	7479	VPg	2504	2911	+	orf1_relative
GII	MW581008	GII.4	7479	3CLpro	2912	3472	+	orf1_relative
GII	MW581008	GII.4	7479	RdRp	4323	5079	+	inferred_from_region_blast
GII	MW581009	GII.4	7479	VP1	5085	6707	+	genbank
GII	MW581009	GII.4	7479	VP2	6707	7468	+	genbank
GII	MW581009	GII.4	7479	ORF1	5	5104	+	genbank
GII	MW581009	GII.4	7479	p48	5	1330	+	orf1_relative
GII	MW581009	GII.4	7479	NTPase	1331	2095	+	orf1_relative
GII	MW581009	GII.4	7479	p22	2096	2503	+	orf1_relative
GII	MW581009	GII.4	7479	VPg	2504	2911	+	orf1_relative
GII	MW581009	GII.4	7479	3CLpro	2912	3472	+	orf1_relative
GII	MW581009	GII.4	7479	RdRp	4323	5079	+	inferred_from_region_blast
GII	MW581010	GII.4	7479	VP1	5085	6707	+	genbank
GII	MW581010	GII.4	7479	VP2	6707	7468	+	genbank
GII	MW581010	GII.4	7479	ORF1	5	5104	+	genbank
GII	MW581010	GII.4	7479	p48	5	1330	+	orf1_relative
GII	MW581010	GII.4	7479	NTPase	1331	2095	+	orf1_relative
GII	MW581010	GII.4	7479	p22	2096	2503	+	orf1_relative
GII	MW581010	GII.4	7479	VPg	2504	2911	+	orf1_relative
GII	MW581010	GII.4	7479	3CLpro	2912	3472	+	orf1_relative
GII	MW581010	GII.4	7479	RdRp	4323	5079	+	inferred_from_region_blast
GII	MW581011	GII.4	7479	VP1	5085	6707	+	genbank
GII	MW581011	GII.4	7479	VP2	6707	7468	+	genbank
GII	MW581011	GII.4	7479	ORF1	5	5104	+	genbank
GII	MW581011	GII.4	7479	p48	5	1330	+	orf1_relative
GII	MW581011	GII.4	7479	NTPase	1331	2095	+	orf1_relative
GII	MW581011	GII.4	7479	p22	2096	2503	+	orf1_relative
GII	MW581011	GII.4	7479	VPg	2504	2911	+	orf1_relative
GII	MW581011	GII.4	7479	3CLpro	2912	3472	+	orf1_relative
GII	MW581011	GII.4	7479	RdRp	4323	5079	+	inferred_from_region_blast
GII	MW581012	GII.4	7479	VP1	5085	6707	+	genbank
GII	MW581012	GII.4	7479	VP2	6707	7468	+	genbank
GII	MW581012	GII.4	7479	ORF1	5	5104	+	genbank
GII	MW581012	GII.4	7479	p48	5	1330	+	orf1_relative
GII	MW581012	GII.4	7479	NTPase	1331	2095	+	orf1_relative
GII	MW581012	GII.4	7479	p22	2096	2503	+	orf1_relative
GII	MW581012	GII.4	7479	VPg	2504	2911	+	orf1_relative
GII	MW581012	GII.4	7479	3CLpro	2912	3472	+	orf1_relative
GII	MW581012	GII.4	7479	RdRp	4323	5079	+	inferred_from_region_blast
GII	MW661254	GII.4	7591	VP1	5084	6706	+	genbank
GII	MW661254	GII.4	7591	VP2	6706	7512	+	genbank
GII	MW661254	GII.4	7591	ORF1	4	5103	+	genbank
GII	MW661254	GII.4	7591	p48	4	1329	+	orf1_relative
GII	MW661254	GII.4	7591	NTPase	1330	2094	+	orf1_relative
GII	MW661254	GII.4	7591	p22	2095	2502	+	orf1_relative
GII	MW661254	GII.4	7591	VPg	2503	2910	+	orf1_relative
GII	MW661254	GII.4	7591	3CLpro	2911	3471	+	orf1_relative
GII	MW661254	GII.4	7591	RdRp	4324	5078	+	inferred_from_region_blast
GII	MW661256	GII.4	7561	VP1	5077	6699	+	genbank
GII	MW661256	GII.4	7561	VP2	6699	7505	+	genbank
GII	MW661256	GII.4	7561	ORF1	1	5096	+	genbank
GII	MW661256	GII.4	7561	p48	1	1325	+	orf1_relative
GII	MW661256	GII.4	7561	NTPase	1326	2089	+	orf1_relative
GII	MW661256	GII.4	7561	p22	2090	2497	+	orf1_relative
GII	MW661256	GII.4	7561	VPg	2498	2905	+	orf1_relative
GII	MW661256	GII.4	7561	3CLpro	2906	3465	+	orf1_relative
GII	MW661256	GII.4	7561	RdRp	4315	5071	+	inferred_from_region_blast
GII	MW661258	GII.4	7513	VP1	5082	6704	+	genbank
GII	MW661258	GII.4	7513	VP2	6704	7510	+	genbank
GII	MW661258	GII.4	7513	ORF1	5	5101	+	genbank
GII	MW661258	GII.4	7513	p48	5	1329	+	orf1_relative
GII	MW661258	GII.4	7513	NTPase	1330	2094	+	orf1_relative
GII	MW661258	GII.4	7513	p22	2095	2502	+	orf1_relative
GII	MW661258	GII.4	7513	VPg	2503	2909	+	orf1_relative
GII	MW661258	GII.4	7513	3CLpro	2910	3470	+	orf1_relative
GII	MW661258	GII.4	7513	RdRp	4320	5076	+	inferred_from_region_blast
GII	MW661259	GII.4	7593	VP1	5084	6706	+	genbank
GII	MW661259	GII.4	7593	VP2	6706	7512	+	genbank
GII	MW661259	GII.4	7593	ORF1	4	5103	+	genbank
GII	MW661259	GII.4	7593	p48	4	1329	+	orf1_relative
GII	MW661259	GII.4	7593	NTPase	1330	2094	+	orf1_relative
GII	MW661259	GII.4	7593	p22	2095	2502	+	orf1_relative
GII	MW661259	GII.4	7593	VPg	2503	2910	+	orf1_relative
GII	MW661259	GII.4	7593	3CLpro	2911	3471	+	orf1_relative
GII	MW661259	GII.4	7593	RdRp	4322	5078	+	inferred_from_region_blast
GII	MW661260	GII.4	7599	VP1	5084	6706	+	genbank
GII	MW661260	GII.4	7599	VP2	6706	7512	+	genbank
GII	MW661260	GII.4	7599	ORF1	4	5103	+	genbank
GII	MW661260	GII.4	7599	p48	4	1329	+	orf1_relative
GII	MW661260	GII.4	7599	NTPase	1330	2094	+	orf1_relative
GII	MW661260	GII.4	7599	p22	2095	2502	+	orf1_relative
GII	MW661260	GII.4	7599	VPg	2503	2910	+	orf1_relative
GII	MW661260	GII.4	7599	3CLpro	2911	3471	+	orf1_relative
GII	MW661260	GII.4	7599	RdRp	4322	5078	+	inferred_from_region_blast
GII	MW661261	GII.4	7517	VP1	5081	6703	+	genbank
GII	MW661261	GII.4	7517	VP2	6703	7509	+	genbank
GII	MW661261	GII.4	7517	ORF1	1	5100	+	genbank
GII	MW661261	GII.4	7517	p48	1	1326	+	orf1_relative
GII	MW661261	GII.4	7517	NTPase	1327	2091	+	orf1_relative
GII	MW661261	GII.4	7517	p22	2092	2499	+	orf1_relative
GII	MW661261	GII.4	7517	VPg	2500	2907	+	orf1_relative
GII	MW661261	GII.4	7517	3CLpro	2908	3468	+	orf1_relative
GII	MW661261	GII.4	7517	RdRp	4319	5075	+	inferred_from_region_blast
GII	MW661264	GII.4	7618	VP1	5085	6707	+	genbank
GII	MW661264	GII.4	7618	VP2	6707	7513	+	genbank
GII	MW661264	GII.4	7618	ORF1	5	5104	+	genbank
GII	MW661264	GII.4	7618	p48	5	1330	+	orf1_relative
GII	MW661264	GII.4	7618	NTPase	1331	2095	+	orf1_relative
GII	MW661264	GII.4	7618	p22	2096	2503	+	orf1_relative
GII	MW661264	GII.4	7618	VPg	2504	2911	+	orf1_relative
GII	MW661264	GII.4	7618	3CLpro	2912	3472	+	orf1_relative
GII	MW661264	GII.4	7618	RdRp	4323	5079	+	inferred_from_region_blast
GII	MW661278	GII.4	7605	VP1	5085	6707	+	genbank
GII	MW661278	GII.4	7605	VP2	6707	7513	+	genbank
GII	MW661278	GII.4	7605	ORF1	5	5104	+	genbank
GII	MW661278	GII.4	7605	p48	5	1330	+	orf1_relative
GII	MW661278	GII.4	7605	NTPase	1331	2095	+	orf1_relative
GII	MW661278	GII.4	7605	p22	2096	2503	+	orf1_relative
GII	MW661278	GII.4	7605	VPg	2504	2911	+	orf1_relative
GII	MW661278	GII.4	7605	3CLpro	2912	3472	+	orf1_relative
GII	MW661278	GII.4	7605	RdRp	4323	5079	+	inferred_from_region_blast
GII	MW661279	GII.4	7551	VP1	5081	6703	+	genbank
GII	MW661279	GII.4	7551	VP2	6703	7509	+	genbank
GII	MW661279	GII.4	7551	ORF1	1	5100	+	genbank
GII	MW661279	GII.4	7551	p48	1	1326	+	orf1_relative
GII	MW661279	GII.4	7551	NTPase	1327	2091	+	orf1_relative
GII	MW661279	GII.4	7551	p22	2092	2499	+	orf1_relative
GII	MW661279	GII.4	7551	VPg	2500	2907	+	orf1_relative
GII	MW661279	GII.4	7551	3CLpro	2908	3468	+	orf1_relative
GII	MW661279	GII.4	7551	RdRp	4319	5075	+	inferred_from_region_blast
GII	MW661280	GII.4	7598	VP1	5084	6706	+	genbank
GII	MW661280	GII.4	7598	VP2	6706	7512	+	genbank
GII	MW661280	GII.4	7598	ORF1	4	5103	+	genbank
GII	MW661280	GII.4	7598	p48	4	1329	+	orf1_relative
GII	MW661280	GII.4	7598	NTPase	1330	2094	+	orf1_relative
GII	MW661280	GII.4	7598	p22	2095	2502	+	orf1_relative
GII	MW661280	GII.4	7598	VPg	2503	2910	+	orf1_relative
GII	MW661280	GII.4	7598	3CLpro	2911	3471	+	orf1_relative
GII	MW661280	GII.4	7598	RdRp	4322	5078	+	inferred_from_region_blast
GII	MW661281	GII.4	7600	VP1	5085	6707	+	genbank
GII	MW661281	GII.4	7600	VP2	6707	7513	+	genbank
GII	MW661281	GII.4	7600	ORF1	5	5104	+	genbank
GII	MW661281	GII.4	7600	p48	5	1330	+	orf1_relative
GII	MW661281	GII.4	7600	NTPase	1331	2095	+	orf1_relative
GII	MW661281	GII.4	7600	p22	2096	2503	+	orf1_relative
GII	MW661281	GII.4	7600	VPg	2504	2911	+	orf1_relative
GII	MW661281	GII.4	7600	3CLpro	2912	3472	+	orf1_relative
GII	MW661281	GII.4	7600	RdRp	4323	5079	+	inferred_from_region_blast
GII	MW661282	GII.4	7603	VP1	5085	6707	+	genbank
GII	MW661282	GII.4	7603	VP2	6707	7513	+	genbank
GII	MW661282	GII.4	7603	ORF1	5	5104	+	genbank
GII	MW661282	GII.4	7603	p48	5	1330	+	orf1_relative
GII	MW661282	GII.4	7603	NTPase	1331	2095	+	orf1_relative
GII	MW661282	GII.4	7603	p22	2096	2503	+	orf1_relative
GII	MW661282	GII.4	7603	VPg	2504	2911	+	orf1_relative
GII	MW661282	GII.4	7603	3CLpro	2912	3472	+	orf1_relative
GII	MW661282	GII.4	7603	RdRp	4323	5079	+	inferred_from_region_blast
GII	MW661283	GII.4	7577	VP1	5084	6706	+	genbank
GII	MW661283	GII.4	7577	VP2	6706	7506	+	genbank
GII	MW661283	GII.4	7577	ORF1	4	5103	+	genbank
GII	MW661283	GII.4	7577	p48	4	1329	+	orf1_relative
GII	MW661283	GII.4	7577	NTPase	1330	2094	+	orf1_relative
GII	MW661283	GII.4	7577	p22	2095	2502	+	orf1_relative
GII	MW661283	GII.4	7577	VPg	2503	2910	+	orf1_relative
GII	MW661283	GII.4	7577	3CLpro	2911	3471	+	orf1_relative
GII	MW661283	GII.4	7577	RdRp	4322	5078	+	inferred_from_region_blast
GII	MW981327	GII.4	7554	VP1	5085	6707	+	genbank
GII	MW981327	GII.4	7554	VP2	6707	7513	+	genbank
GII	MW981327	GII.4	7554	ORF1	5	5104	+	genbank
GII	MW981327	GII.4	7554	p48	5	1330	+	orf1_relative
GII	MW981327	GII.4	7554	NTPase	1331	2095	+	orf1_relative
GII	MW981327	GII.4	7554	p22	2096	2503	+	orf1_relative
GII	MW981327	GII.4	7554	VPg	2504	2911	+	orf1_relative
GII	MW981327	GII.4	7554	3CLpro	2912	3472	+	orf1_relative
GII	MW981327	GII.4	7554	RdRp	4323	5079	+	inferred_from_region_blast
GII	MZ478136	GII.4	7537	VP1	5076	6698	+	genbank
GII	MZ478136	GII.4	7537	VP2	6698	7504	+	genbank
GII	MZ478136	GII.4	7537	ORF1	1	5095	+	genbank
GII	MZ478136	GII.4	7537	p48	1	1325	+	orf1_relative
GII	MZ478136	GII.4	7537	NTPase	1326	2089	+	orf1_relative
GII	MZ478136	GII.4	7537	p22	2090	2497	+	orf1_relative
GII	MZ478136	GII.4	7537	VPg	2498	2904	+	orf1_relative
GII	MZ478136	GII.4	7537	3CLpro	2905	3465	+	orf1_relative
GII	MZ478136	GII.4	7537	RdRp	4314	5070	+	inferred_from_region_blast
GII	MZ478139	GII.4	7503	VP1	5080	6702	+	genbank
GII	MZ478139	GII.4	7503	VP2	6702	7503	+	genbank
GII	MZ478139	GII.4	7503	ORF1	1	5099	+	genbank
GII	MZ478139	GII.4	7503	p48	1	1326	+	orf1_relative
GII	MZ478139	GII.4	7503	NTPase	1327	2091	+	orf1_relative
GII	MZ478139	GII.4	7503	p22	2092	2499	+	orf1_relative
GII	MZ478139	GII.4	7503	VPg	2500	2906	+	orf1_relative
GII	MZ478139	GII.4	7503	3CLpro	2907	3467	+	orf1_relative
GII	MZ478139	GII.4	7503	RdRp	4318	5074	+	inferred_from_region_blast
GII	MZ478140	GII.4	7521	VP1	5089	6711	+	genbank
GII	MZ478140	GII.4	7521	VP2	6711	7517	+	genbank
GII	MZ478140	GII.4	7521	ORF1	9	5108	+	genbank
GII	MZ478140	GII.4	7521	p48	9	1334	+	orf1_relative
GII	MZ478140	GII.4	7521	NTPase	1335	2099	+	orf1_relative
GII	MZ478140	GII.4	7521	p22	2100	2507	+	orf1_relative
GII	MZ478140	GII.4	7521	VPg	2508	2915	+	orf1_relative
GII	MZ478140	GII.4	7521	3CLpro	2916	3476	+	orf1_relative
GII	MZ478140	GII.4	7521	RdRp	4327	5083	+	inferred_from_region_blast
GII	MZ478141	GII.4	7530	VP1	5084	6706	+	genbank
GII	MZ478141	GII.4	7530	VP2	6706	7512	+	genbank
GII	MZ478141	GII.4	7530	ORF1	4	5103	+	genbank
GII	MZ478141	GII.4	7530	p48	4	1329	+	orf1_relative
GII	MZ478141	GII.4	7530	NTPase	1330	2094	+	orf1_relative
GII	MZ478141	GII.4	7530	p22	2095	2502	+	orf1_relative
GII	MZ478141	GII.4	7530	VPg	2503	2910	+	orf1_relative
GII	MZ478141	GII.4	7530	3CLpro	2911	3471	+	orf1_relative
GII	MZ478141	GII.4	7530	RdRp	4322	5078	+	inferred_from_region_blast
GII	MZ546180	GII.4	7704	VP1	5264	6886	+	genbank
GII	MZ546180	GII.4	7704	VP2	6886	7692	+	genbank
GII	MZ546180	GII.4	7704	RdRp	4502	5258	+	inferred_from_region_blast
GII	MZ546181	GII.4	7444	VP1	5016	6638	+	genbank
GII	MZ546181	GII.4	7444	VP2	6638	7444	+	genbank
GII	MZ546181	GII.4	7444	RdRp	4254	5010	+	inferred_from_region_blast
GII	MZ958411	GII.4	7565	VP1	5075	6697	+	genbank
GII	MZ958411	GII.4	7565	VP2	6697	7503	+	genbank
GII	MZ958411	GII.4	7565	ORF1	1	5094	+	genbank
GII	MZ958411	GII.4	7565	p48	1	1324	+	orf1_relative
GII	MZ958411	GII.4	7565	NTPase	1325	2089	+	orf1_relative
GII	MZ958411	GII.4	7565	p22	2090	2496	+	orf1_relative
GII	MZ958411	GII.4	7565	VPg	2497	2904	+	orf1_relative
GII	MZ958411	GII.4	7565	3CLpro	2905	3464	+	orf1_relative
GII	MZ958411	GII.4	7565	RdRp	4313	5069	+	inferred_from_region_blast
GII	OL336382	GII.4	7334	VP1	4969	6591	+	genbank
GII	OL336382	GII.4	7334	VP2	6591	7334	+	genbank
GII	OL336382	GII.4	7334	ORF1	1	4988	+	genbank
GII	OL336382	GII.4	7334	p48	1	1297	+	orf1_relative
GII	OL336382	GII.4	7334	NTPase	1298	2045	+	orf1_relative
GII	OL336382	GII.4	7334	p22	2046	2444	+	orf1_relative
GII	OL336382	GII.4	7334	VPg	2445	2843	+	orf1_relative
GII	OL336382	GII.4	7334	3CLpro	2844	3392	+	orf1_relative
GII	OL336382	GII.4	7334	RdRp	4207	4963	+	inferred_from_region_blast
GII	OL336383	GII.4	7330	VP1	4970	6592	+	genbank
GII	OL336383	GII.4	7330	VP2	6592	7330	+	genbank
GII	OL336383	GII.4	7330	ORF1	1	4989	+	genbank
GII	OL336383	GII.4	7330	p48	1	1297	+	orf1_relative
GII	OL336383	GII.4	7330	NTPase	1298	2045	+	orf1_relative
GII	OL336383	GII.4	7330	p22	2046	2445	+	orf1_relative
GII	OL336383	GII.4	7330	VPg	2446	2844	+	orf1_relative
GII	OL336383	GII.4	7330	3CLpro	2845	3393	+	orf1_relative
GII	OL336383	GII.4	7330	RdRp	4208	4964	+	inferred_from_region_blast
GII	OL336384	GII.4	7380	VP1	5016	6638	+	genbank
GII	OL336384	GII.4	7380	VP2	6638	7380	+	genbank
GII	OL336384	GII.4	7380	ORF1	1	5035	+	genbank
GII	OL336384	GII.4	7380	p48	1	1309	+	orf1_relative
GII	OL336384	GII.4	7380	NTPase	1310	2064	+	orf1_relative
GII	OL336384	GII.4	7380	p22	2065	2467	+	orf1_relative
GII	OL336384	GII.4	7380	VPg	2468	2870	+	orf1_relative
GII	OL336384	GII.4	7380	3CLpro	2871	3424	+	orf1_relative
GII	OL336384	GII.4	7380	RdRp	4254	5010	+	inferred_from_region_blast
GII	OL336385	GII.4	7415	VP1	5032	6654	+	genbank
GII	OL336385	GII.4	7415	VP2	6654	7415	+	genbank
GII	OL336385	GII.4	7415	ORF1	1	5051	+	genbank
GII	OL336385	GII.4	7415	p48	1	1313	+	orf1_relative
GII	OL336385	GII.4	7415	NTPase	1314	2071	+	orf1_relative
GII	OL336385	GII.4	7415	p22	2072	2475	+	orf1_relative
GII	OL336385	GII.4	7415	VPg	2476	2879	+	orf1_relative
GII	OL336385	GII.4	7415	3CLpro	2880	3435	+	orf1_relative
GII	OL336385	GII.4	7415	RdRp	4270	5026	+	inferred_from_region_blast
GII	OL336386	GII.4	7411	VP1	5032	6654	+	genbank
GII	OL336386	GII.4	7411	VP2	6654	7411	+	genbank
GII	OL336386	GII.4	7411	ORF1	1	5051	+	genbank
GII	OL336386	GII.4	7411	p48	1	1313	+	orf1_relative
GII	OL336386	GII.4	7411	NTPase	1314	2071	+	orf1_relative
GII	OL336386	GII.4	7411	p22	2072	2475	+	orf1_relative
GII	OL336386	GII.4	7411	VPg	2476	2879	+	orf1_relative
GII	OL336386	GII.4	7411	3CLpro	2880	3435	+	orf1_relative
GII	OL336386	GII.4	7411	RdRp	4270	5026	+	inferred_from_region_blast
GII	OL336387	GII.4	7418	VP1	5028	6650	+	genbank
GII	OL336387	GII.4	7418	VP2	6650	7418	+	genbank
GII	OL336387	GII.4	7418	ORF1	1	5047	+	genbank
GII	OL336387	GII.4	7418	p48	1	1312	+	orf1_relative
GII	OL336387	GII.4	7418	NTPase	1313	2069	+	orf1_relative
GII	OL336387	GII.4	7418	p22	2070	2473	+	orf1_relative
GII	OL336387	GII.4	7418	VPg	2474	2877	+	orf1_relative
GII	OL336387	GII.4	7418	3CLpro	2878	3432	+	orf1_relative
GII	OL336387	GII.4	7418	RdRp	4266	5022	+	inferred_from_region_blast
GII	OL336388	GII.4	7416	VP1	5032	6654	+	genbank
GII	OL336388	GII.4	7416	VP2	6654	7416	+	genbank
GII	OL336388	GII.4	7416	ORF1	1	5051	+	genbank
GII	OL336388	GII.4	7416	p48	1	1313	+	orf1_relative
GII	OL336388	GII.4	7416	NTPase	1314	2071	+	orf1_relative
GII	OL336388	GII.4	7416	p22	2072	2475	+	orf1_relative
GII	OL336388	GII.4	7416	VPg	2476	2879	+	orf1_relative
GII	OL336388	GII.4	7416	3CLpro	2880	3435	+	orf1_relative
GII	OL336388	GII.4	7416	RdRp	4270	5026	+	inferred_from_region_blast
GII	OL336389	GII.4	7422	VP1	5032	6654	+	genbank
GII	OL336389	GII.4	7422	VP2	6654	7422	+	genbank
GII	OL336389	GII.4	7422	ORF1	1	5051	+	genbank
GII	OL336389	GII.4	7422	p48	1	1313	+	orf1_relative
GII	OL336389	GII.4	7422	NTPase	1314	2071	+	orf1_relative
GII	OL336389	GII.4	7422	p22	2072	2475	+	orf1_relative
GII	OL336389	GII.4	7422	VPg	2476	2879	+	orf1_relative
GII	OL336389	GII.4	7422	3CLpro	2880	3435	+	orf1_relative
GII	OL336389	GII.4	7422	RdRp	4270	5026	+	inferred_from_region_blast
GII	OL721917	GII.4	7513	VP1	5085	6707	+	genbank
GII	OL721917	GII.4	7513	VP2	6707	7513	+	genbank
GII	OL721917	GII.4	7513	ORF1	5	5104	+	genbank
GII	OL721917	GII.4	7513	p48	5	1330	+	orf1_relative
GII	OL721917	GII.4	7513	NTPase	1331	2095	+	orf1_relative
GII	OL721917	GII.4	7513	p22	2096	2503	+	orf1_relative
GII	OL721917	GII.4	7513	VPg	2504	2911	+	orf1_relative
GII	OL721917	GII.4	7513	3CLpro	2912	3472	+	orf1_relative
GII	OL721917	GII.4	7513	RdRp	4323	5079	+	inferred_from_region_blast
GII	OL898512	GII.4	7570	VP1	5085	6707	+	genbank
GII	OL898512	GII.4	7570	VP2	6707	7513	+	genbank
GII	OL898512	GII.4	7570	ORF1	5	5104	+	genbank
GII	OL898512	GII.4	7570	p48	5	1330	+	orf1_relative
GII	OL898512	GII.4	7570	NTPase	1331	2095	+	orf1_relative
GII	OL898512	GII.4	7570	p22	2096	2503	+	orf1_relative
GII	OL898512	GII.4	7570	VPg	2504	2911	+	orf1_relative
GII	OL898512	GII.4	7570	3CLpro	2912	3472	+	orf1_relative
GII	OL898512	GII.4	7570	RdRp	4323	5079	+	inferred_from_region_blast
GII	OL898514	GII.4	7560	VP1	5085	6707	+	genbank
GII	OL898514	GII.4	7560	VP2	6707	7513	+	genbank
GII	OL898514	GII.4	7560	ORF1	5	5104	+	genbank
GII	OL898514	GII.4	7560	p48	5	1330	+	orf1_relative
GII	OL898514	GII.4	7560	NTPase	1331	2095	+	orf1_relative
GII	OL898514	GII.4	7560	p22	2096	2503	+	orf1_relative
GII	OL898514	GII.4	7560	VPg	2504	2911	+	orf1_relative
GII	OL898514	GII.4	7560	3CLpro	2912	3472	+	orf1_relative
GII	OL898514	GII.4	7560	RdRp	4323	5079	+	inferred_from_region_blast
GII	OL898515	GII.4	7560	VP1	5085	6707	+	genbank
GII	OL898515	GII.4	7560	VP2	6707	7513	+	genbank
GII	OL898515	GII.4	7560	ORF1	5	5104	+	genbank
GII	OL898515	GII.4	7560	p48	5	1330	+	orf1_relative
GII	OL898515	GII.4	7560	NTPase	1331	2095	+	orf1_relative
GII	OL898515	GII.4	7560	p22	2096	2503	+	orf1_relative
GII	OL898515	GII.4	7560	VPg	2504	2911	+	orf1_relative
GII	OL898515	GII.4	7560	3CLpro	2912	3472	+	orf1_relative
GII	OL898515	GII.4	7560	RdRp	4323	5079	+	inferred_from_region_blast
GII	OL898516	GII.4	7568	VP1	5085	6707	+	genbank
GII	OL898516	GII.4	7568	VP2	6707	7513	+	genbank
GII	OL898516	GII.4	7568	ORF1	5	5104	+	genbank
GII	OL898516	GII.4	7568	p48	5	1330	+	orf1_relative
GII	OL898516	GII.4	7568	NTPase	1331	2095	+	orf1_relative
GII	OL898516	GII.4	7568	p22	2096	2503	+	orf1_relative
GII	OL898516	GII.4	7568	VPg	2504	2911	+	orf1_relative
GII	OL898516	GII.4	7568	3CLpro	2912	3472	+	orf1_relative
GII	OL898516	GII.4	7568	RdRp	4323	5079	+	inferred_from_region_blast
GII	OM368933	GII.4	7497	VP1	5066	6688	+	genbank
GII	OM368933	GII.4	7497	VP2	6688	7494	+	genbank
GII	OM368933	GII.4	7497	ORF1	1	5085	+	genbank
GII	OM368933	GII.4	7497	p48	1	1322	+	orf1_relative
GII	OM368933	GII.4	7497	NTPase	1323	2085	+	orf1_relative
GII	OM368933	GII.4	7497	p22	2086	2492	+	orf1_relative
GII	OM368933	GII.4	7497	VPg	2493	2898	+	orf1_relative
GII	OM368933	GII.4	7497	3CLpro	2899	3458	+	orf1_relative
GII	OM368933	GII.4	7497	RdRp	4304	5060	+	inferred_from_region_blast
GII	OM372476	GII.4	7548	VP1	5078	6700	+	genbank
GII	OM372476	GII.4	7548	VP2	6700	7506	+	genbank
GII	OM372476	GII.4	7548	ORF1	1	5097	+	genbank
GII	OM372476	GII.4	7548	p48	1	1325	+	orf1_relative
GII	OM372476	GII.4	7548	NTPase	1326	2090	+	orf1_relative
GII	OM372476	GII.4	7548	p22	2091	2498	+	orf1_relative
GII	OM372476	GII.4	7548	VPg	2499	2905	+	orf1_relative
GII	OM372476	GII.4	7548	3CLpro	2906	3466	+	orf1_relative
GII	OM372476	GII.4	7548	RdRp	4316	5072	+	inferred_from_region_blast
GII	OM372477	GII.4	7489	VP1	5078	6700	+	genbank
GII	OM372477	GII.4	7489	VP2	6700	7489	+	genbank
GII	OM372477	GII.4	7489	ORF1	1	5097	+	genbank
GII	OM372477	GII.4	7489	p48	1	1325	+	orf1_relative
GII	OM372477	GII.4	7489	NTPase	1326	2090	+	orf1_relative
GII	OM372477	GII.4	7489	p22	2091	2498	+	orf1_relative
GII	OM372477	GII.4	7489	VPg	2499	2905	+	orf1_relative
GII	OM372477	GII.4	7489	3CLpro	2906	3466	+	orf1_relative
GII	OM372477	GII.4	7489	RdRp	4316	5072	+	inferred_from_region_blast
GII	OM372478	GII.4	7515	VP1	5075	6697	+	genbank
GII	OM372478	GII.4	7515	VP2	6697	7503	+	genbank
GII	OM372478	GII.4	7515	ORF1	1	5094	+	genbank
GII	OM372478	GII.4	7515	p48	1	1324	+	orf1_relative
GII	OM372478	GII.4	7515	NTPase	1325	2089	+	orf1_relative
GII	OM372478	GII.4	7515	p22	2090	2496	+	orf1_relative
GII	OM372478	GII.4	7515	VPg	2497	2904	+	orf1_relative
GII	OM372478	GII.4	7515	3CLpro	2905	3464	+	orf1_relative
GII	OM372478	GII.4	7515	RdRp	4313	5069	+	inferred_from_region_blast
GII	OM372479	GII.4	7501	VP1	5058	6680	+	genbank
GII	OM372479	GII.4	7501	VP2	6680	7486	+	genbank
GII	OM372479	GII.4	7501	ORF1	1	5077	+	genbank
GII	OM372479	GII.4	7501	p48	1	1320	+	orf1_relative
GII	OM372479	GII.4	7501	NTPase	1321	2082	+	orf1_relative
GII	OM372479	GII.4	7501	p22	2083	2488	+	orf1_relative
GII	OM372479	GII.4	7501	VPg	2489	2894	+	orf1_relative
GII	OM372479	GII.4	7501	3CLpro	2895	3452	+	orf1_relative
GII	OM372479	GII.4	7501	RdRp	4296	5052	+	inferred_from_region_blast
GII	OM372480	GII.4	7512	VP1	5061	6683	+	genbank
GII	OM372480	GII.4	7512	VP2	6683	7489	+	genbank
GII	OM372480	GII.4	7512	ORF1	1	5080	+	genbank
GII	OM372480	GII.4	7512	p48	1	1321	+	orf1_relative
GII	OM372480	GII.4	7512	NTPase	1322	2083	+	orf1_relative
GII	OM372480	GII.4	7512	p22	2084	2489	+	orf1_relative
GII	OM372480	GII.4	7512	VPg	2490	2896	+	orf1_relative
GII	OM372480	GII.4	7512	3CLpro	2897	3454	+	orf1_relative
GII	OM372480	GII.4	7512	RdRp	4299	5055	+	inferred_from_region_blast
GII	OM372481	GII.4	7517	VP1	5074	6696	+	genbank
GII	OM372481	GII.4	7517	VP2	6696	7502	+	genbank
GII	OM372481	GII.4	7517	ORF1	1	5093	+	genbank
GII	OM372481	GII.4	7517	p48	1	1324	+	orf1_relative
GII	OM372481	GII.4	7517	NTPase	1325	2088	+	orf1_relative
GII	OM372481	GII.4	7517	p22	2089	2496	+	orf1_relative
GII	OM372481	GII.4	7517	VPg	2497	2903	+	orf1_relative
GII	OM372481	GII.4	7517	3CLpro	2904	3463	+	orf1_relative
GII	OM372481	GII.4	7517	RdRp	4312	5068	+	inferred_from_region_blast
GII	OM372485	GII.4	7435	VP1	5044	6666	+	genbank
GII	OM372485	GII.4	7435	VP2	6666	7435	+	genbank
GII	OM372485	GII.4	7435	ORF1	1	5063	+	genbank
GII	OM372485	GII.4	7435	p48	1	1316	+	orf1_relative
GII	OM372485	GII.4	7435	NTPase	1317	2076	+	orf1_relative
GII	OM372485	GII.4	7435	p22	2077	2481	+	orf1_relative
GII	OM372485	GII.4	7435	VPg	2482	2886	+	orf1_relative
GII	OM372485	GII.4	7435	3CLpro	2887	3443	+	orf1_relative
GII	OM372485	GII.4	7435	RdRp	4282	5038	+	inferred_from_region_blast
GII	OM372490	GII.4	7477	VP1	5046	6668	+	genbank
GII	OM372490	GII.4	7477	VP2	6668	7474	+	genbank
GII	OM372490	GII.4	7477	ORF1	1	5065	+	genbank
GII	OM372490	GII.4	7477	p48	1	1317	+	orf1_relative
GII	OM372490	GII.4	7477	NTPase	1318	2077	+	orf1_relative
GII	OM372490	GII.4	7477	p22	2078	2482	+	orf1_relative
GII	OM372490	GII.4	7477	VPg	2483	2887	+	orf1_relative
GII	OM372490	GII.4	7477	3CLpro	2888	3444	+	orf1_relative
GII	OM372490	GII.4	7477	RdRp	4284	5040	+	inferred_from_region_blast
GII	OM372672	GII.4	7534	VP1	5074	6696	+	genbank
GII	OM372672	GII.4	7534	VP2	6696	7502	+	genbank
GII	OM372672	GII.4	7534	ORF1	1	5093	+	genbank
GII	OM372672	GII.4	7534	p48	1	1324	+	orf1_relative
GII	OM372672	GII.4	7534	NTPase	1325	2088	+	orf1_relative
GII	OM372672	GII.4	7534	p22	2089	2496	+	orf1_relative
GII	OM372672	GII.4	7534	VPg	2497	2903	+	orf1_relative
GII	OM372672	GII.4	7534	3CLpro	2904	3463	+	orf1_relative
GII	OM372672	GII.4	7534	RdRp	4312	5068	+	inferred_from_region_blast
GII	OM372682	GII.4	7448	VP1	5074	6696	+	genbank
GII	OM372682	GII.4	7448	VP2	6696	7448	+	genbank
GII	OM372682	GII.4	7448	ORF1	1	5093	+	genbank
GII	OM372682	GII.4	7448	p48	1	1324	+	orf1_relative
GII	OM372682	GII.4	7448	NTPase	1325	2088	+	orf1_relative
GII	OM372682	GII.4	7448	p22	2089	2496	+	orf1_relative
GII	OM372682	GII.4	7448	VPg	2497	2903	+	orf1_relative
GII	OM372682	GII.4	7448	3CLpro	2904	3463	+	orf1_relative
GII	OM372682	GII.4	7448	RdRp	4312	5068	+	inferred_from_region_blast
GII	OM373200	GII.4	7526	VP1	5059	6681	+	genbank
GII	OM373200	GII.4	7526	VP2	6681	7487	+	genbank
GII	OM373200	GII.4	7526	ORF1	1	5078	+	genbank
GII	OM373200	GII.4	7526	p48	1	1320	+	orf1_relative
GII	OM373200	GII.4	7526	NTPase	1321	2082	+	orf1_relative
GII	OM373200	GII.4	7526	p22	2083	2488	+	orf1_relative
GII	OM373200	GII.4	7526	VPg	2489	2894	+	orf1_relative
GII	OM373200	GII.4	7526	3CLpro	2895	3453	+	orf1_relative
GII	OM373200	GII.4	7526	RdRp	4297	5053	+	inferred_from_region_blast
GII	OM373207	GII.4	7444	VP1	5021	6643	+	genbank
GII	OM373207	GII.4	7444	VP2	6643	7444	+	genbank
GII	OM373207	GII.4	7444	ORF1	1	5040	+	genbank
GII	OM373207	GII.4	7444	p48	1	1310	+	orf1_relative
GII	OM373207	GII.4	7444	NTPase	1311	2066	+	orf1_relative
GII	OM373207	GII.4	7444	p22	2067	2470	+	orf1_relative
GII	OM373207	GII.4	7444	VPg	2471	2873	+	orf1_relative
GII	OM373207	GII.4	7444	3CLpro	2874	3427	+	orf1_relative
GII	OM373207	GII.4	7444	RdRp	4259	5015	+	inferred_from_region_blast
GII	OM373210	GII.4	7460	VP1	5016	6638	+	genbank
GII	OM373210	GII.4	7460	VP2	6638	7444	+	genbank
GII	OM373210	GII.4	7460	ORF1	1	5035	+	genbank
GII	OM373210	GII.4	7460	p48	1	1309	+	orf1_relative
GII	OM373210	GII.4	7460	NTPase	1310	2064	+	orf1_relative
GII	OM373210	GII.4	7460	p22	2065	2467	+	orf1_relative
GII	OM373210	GII.4	7460	VPg	2468	2870	+	orf1_relative
GII	OM373210	GII.4	7460	3CLpro	2871	3424	+	orf1_relative
GII	OM373210	GII.4	7460	RdRp	4254	5010	+	inferred_from_region_blast
GII	OM373317	GII.4	7542	VP1	5071	6693	+	genbank
GII	OM373317	GII.4	7542	VP2	6693	7499	+	genbank
GII	OM373317	GII.4	7542	ORF1	1	5090	+	genbank
GII	OM373317	GII.4	7542	p48	1	1323	+	orf1_relative
GII	OM373317	GII.4	7542	NTPase	1324	2087	+	orf1_relative
GII	OM373317	GII.4	7542	p22	2088	2494	+	orf1_relative
GII	OM373317	GII.4	7542	VPg	2495	2901	+	orf1_relative
GII	OM373317	GII.4	7542	3CLpro	2902	3461	+	orf1_relative
GII	OM373317	GII.4	7542	RdRp	4309	5065	+	inferred_from_region_blast
GII	OM373532	GII.4	7497	VP1	5056	6678	+	genbank
GII	OM373532	GII.4	7497	VP2	6678	7484	+	genbank
GII	OM373532	GII.4	7497	ORF1	1	5075	+	genbank
GII	OM373532	GII.4	7497	p48	1	1320	+	orf1_relative
GII	OM373532	GII.4	7497	NTPase	1321	2081	+	orf1_relative
GII	OM373532	GII.4	7497	p22	2082	2487	+	orf1_relative
GII	OM373532	GII.4	7497	VPg	2488	2893	+	orf1_relative
GII	OM373532	GII.4	7497	3CLpro	2894	3451	+	orf1_relative
GII	OM373532	GII.4	7497	RdRp	4294	5050	+	inferred_from_region_blast
GII	OM373624	GII.4	7483	VP1	5058	6680	+	genbank
GII	OM373624	GII.4	7483	VP2	6680	7483	+	genbank
GII	OM373624	GII.4	7483	ORF1	1	5077	+	genbank
GII	OM373624	GII.4	7483	p48	1	1320	+	orf1_relative
GII	OM373624	GII.4	7483	NTPase	1321	2082	+	orf1_relative
GII	OM373624	GII.4	7483	p22	2083	2488	+	orf1_relative
GII	OM373624	GII.4	7483	VPg	2489	2894	+	orf1_relative
GII	OM373624	GII.4	7483	3CLpro	2895	3452	+	orf1_relative
GII	OM373624	GII.4	7483	RdRp	4296	5052	+	inferred_from_region_blast
GII	OM373643	GII.4	7496	VP1	5057	6679	+	genbank
GII	OM373643	GII.4	7496	VP2	6679	7485	+	genbank
GII	OM373643	GII.4	7496	ORF1	1	5076	+	genbank
GII	OM373643	GII.4	7496	p48	1	1320	+	orf1_relative
GII	OM373643	GII.4	7496	NTPase	1321	2081	+	orf1_relative
GII	OM373643	GII.4	7496	p22	2082	2487	+	orf1_relative
GII	OM373643	GII.4	7496	VPg	2488	2893	+	orf1_relative
GII	OM373643	GII.4	7496	3CLpro	2894	3452	+	orf1_relative
GII	OM373643	GII.4	7496	RdRp	4295	5051	+	inferred_from_region_blast
GII	OM373654	GII.4	7468	VP1	5028	6650	+	genbank
GII	OM373654	GII.4	7468	VP2	6650	7456	+	genbank
GII	OM373654	GII.4	7468	ORF1	1	5047	+	genbank
GII	OM373654	GII.4	7468	p48	1	1312	+	orf1_relative
GII	OM373654	GII.4	7468	NTPase	1313	2069	+	orf1_relative
GII	OM373654	GII.4	7468	p22	2070	2473	+	orf1_relative
GII	OM373654	GII.4	7468	VPg	2474	2877	+	orf1_relative
GII	OM373654	GII.4	7468	3CLpro	2878	3432	+	orf1_relative
GII	OM373654	GII.4	7468	RdRp	4266	5022	+	inferred_from_region_blast
GII	OM386670	GII.4	7519	VP1	5065	6687	+	genbank
GII	OM386670	GII.4	7519	VP2	6687	7493	+	genbank
GII	OM386670	GII.4	7519	ORF1	1	5084	+	genbank
GII	OM386670	GII.4	7519	p48	1	1322	+	orf1_relative
GII	OM386670	GII.4	7519	NTPase	1323	2084	+	orf1_relative
GII	OM386670	GII.4	7519	p22	2085	2491	+	orf1_relative
GII	OM386670	GII.4	7519	VPg	2492	2898	+	orf1_relative
GII	OM386670	GII.4	7519	3CLpro	2899	3457	+	orf1_relative
GII	OM386670	GII.4	7519	RdRp	4303	5059	+	inferred_from_region_blast
GII	OM386814	GII.4	7505	VP1	5058	6680	+	genbank
GII	OM386814	GII.4	7505	VP2	6680	7486	+	genbank
GII	OM386814	GII.4	7505	ORF1	1	5077	+	genbank
GII	OM386814	GII.4	7505	p48	1	1320	+	orf1_relative
GII	OM386814	GII.4	7505	NTPase	1321	2082	+	orf1_relative
GII	OM386814	GII.4	7505	p22	2083	2488	+	orf1_relative
GII	OM386814	GII.4	7505	VPg	2489	2894	+	orf1_relative
GII	OM386814	GII.4	7505	3CLpro	2895	3452	+	orf1_relative
GII	OM386814	GII.4	7505	RdRp	4296	5052	+	inferred_from_region_blast
GII	OM386843	GII.4	7506	VP1	5054	6676	+	genbank
GII	OM386843	GII.4	7506	VP2	6676	7482	+	genbank
GII	OM386843	GII.4	7506	ORF1	1	5073	+	genbank
GII	OM386843	GII.4	7506	p48	1	1319	+	orf1_relative
GII	OM386843	GII.4	7506	NTPase	1320	2080	+	orf1_relative
GII	OM386843	GII.4	7506	p22	2081	2486	+	orf1_relative
GII	OM386843	GII.4	7506	VPg	2487	2892	+	orf1_relative
GII	OM386843	GII.4	7506	3CLpro	2893	3450	+	orf1_relative
GII	OM386843	GII.4	7506	RdRp	4292	5048	+	inferred_from_region_blast
GII	OM980238	GII.4	7561	VP1	5076	6698	+	genbank
GII	OM980238	GII.4	7561	VP2	6698	7504	+	genbank
GII	OM980238	GII.4	7561	ORF1	1	5095	+	genbank
GII	OM980238	GII.4	7561	p48	1	1325	+	orf1_relative
GII	OM980238	GII.4	7561	NTPase	1326	2089	+	orf1_relative
GII	OM980238	GII.4	7561	p22	2090	2497	+	orf1_relative
GII	OM980238	GII.4	7561	VPg	2498	2904	+	orf1_relative
GII	OM980238	GII.4	7561	3CLpro	2905	3465	+	orf1_relative
GII	OM980238	GII.4	7561	RdRp	4314	5070	+	inferred_from_region_blast
GII	OM980239	GII.4	7565	VP1	5073	6695	+	genbank
GII	OM980239	GII.4	7565	VP2	6695	7501	+	genbank
GII	OM980239	GII.4	7565	ORF1	1	5092	+	genbank
GII	OM980239	GII.4	7565	p48	1	1324	+	orf1_relative
GII	OM980239	GII.4	7565	NTPase	1325	2088	+	orf1_relative
GII	OM980239	GII.4	7565	p22	2089	2495	+	orf1_relative
GII	OM980239	GII.4	7565	VPg	2496	2902	+	orf1_relative
GII	OM980239	GII.4	7565	3CLpro	2903	3463	+	orf1_relative
GII	OM980239	GII.4	7565	RdRp	4311	5067	+	inferred_from_region_blast
GII	OM980240	GII.4	7536	VP1	5071	6693	+	genbank
GII	OM980240	GII.4	7536	VP2	6693	7499	+	genbank
GII	OM980240	GII.4	7536	ORF1	1	5090	+	genbank
GII	OM980240	GII.4	7536	p48	1	1323	+	orf1_relative
GII	OM980240	GII.4	7536	NTPase	1324	2087	+	orf1_relative
GII	OM980240	GII.4	7536	p22	2088	2494	+	orf1_relative
GII	OM980240	GII.4	7536	VPg	2495	2901	+	orf1_relative
GII	OM980240	GII.4	7536	3CLpro	2902	3461	+	orf1_relative
GII	OM980240	GII.4	7536	RdRp	4309	5065	+	inferred_from_region_blast
GII	ON329737	GII.4	7581	VP1	5085	6707	+	genbank
GII	ON329737	GII.4	7581	VP2	6707	7513	+	genbank
GII	ON329737	GII.4	7581	ORF1	5	5104	+	genbank
GII	ON329737	GII.4	7581	p48	5	1330	+	orf1_relative
GII	ON329737	GII.4	7581	NTPase	1331	2095	+	orf1_relative
GII	ON329737	GII.4	7581	p22	2096	2503	+	orf1_relative
GII	ON329737	GII.4	7581	VPg	2504	2911	+	orf1_relative
GII	ON329737	GII.4	7581	3CLpro	2912	3472	+	orf1_relative
GII	ON329737	GII.4	7581	RdRp	4323	5079	+	inferred_from_region_blast
GII	OP037976	GII.4	7560	VP1	5085	6707	+	genbank
GII	OP037976	GII.4	7560	VP2	6707	7513	+	genbank
GII	OP037976	GII.4	7560	ORF1	5	5104	+	genbank
GII	OP037976	GII.4	7560	p48	5	1330	+	orf1_relative
GII	OP037976	GII.4	7560	NTPase	1331	2095	+	orf1_relative
GII	OP037976	GII.4	7560	p22	2096	2503	+	orf1_relative
GII	OP037976	GII.4	7560	VPg	2504	2911	+	orf1_relative
GII	OP037976	GII.4	7560	3CLpro	2912	3472	+	orf1_relative
GII	OP037976	GII.4	7560	RdRp	4323	5079	+	inferred_from_region_blast
GII	OP037977	GII.4	7560	VP1	5085	6707	+	genbank
GII	OP037977	GII.4	7560	VP2	6707	7513	+	genbank
GII	OP037977	GII.4	7560	ORF1	5	5104	+	genbank
GII	OP037977	GII.4	7560	p48	5	1330	+	orf1_relative
GII	OP037977	GII.4	7560	NTPase	1331	2095	+	orf1_relative
GII	OP037977	GII.4	7560	p22	2096	2503	+	orf1_relative
GII	OP037977	GII.4	7560	VPg	2504	2911	+	orf1_relative
GII	OP037977	GII.4	7560	3CLpro	2912	3472	+	orf1_relative
GII	OP037977	GII.4	7560	RdRp	4323	5079	+	inferred_from_region_blast
GII	OP037978	GII.4	7560	VP1	5085	6707	+	genbank
GII	OP037978	GII.4	7560	VP2	6707	7513	+	genbank
GII	OP037978	GII.4	7560	ORF1	5	5104	+	genbank
GII	OP037978	GII.4	7560	p48	5	1330	+	orf1_relative
GII	OP037978	GII.4	7560	NTPase	1331	2095	+	orf1_relative
GII	OP037978	GII.4	7560	p22	2096	2503	+	orf1_relative
GII	OP037978	GII.4	7560	VPg	2504	2911	+	orf1_relative
GII	OP037978	GII.4	7560	3CLpro	2912	3472	+	orf1_relative
GII	OP037978	GII.4	7560	RdRp	4323	5079	+	inferred_from_region_blast
GII	OP037979	GII.4	7560	VP1	5085	6707	+	genbank
GII	OP037979	GII.4	7560	VP2	6707	7513	+	genbank
GII	OP037979	GII.4	7560	ORF1	5	5104	+	genbank
GII	OP037979	GII.4	7560	p48	5	1330	+	orf1_relative
GII	OP037979	GII.4	7560	NTPase	1331	2095	+	orf1_relative
GII	OP037979	GII.4	7560	p22	2096	2503	+	orf1_relative
GII	OP037979	GII.4	7560	VPg	2504	2911	+	orf1_relative
GII	OP037979	GII.4	7560	3CLpro	2912	3472	+	orf1_relative
GII	OP037979	GII.4	7560	RdRp	4323	5079	+	inferred_from_region_blast
GII	OP037980	GII.4	7560	VP1	5085	6707	+	genbank
GII	OP037980	GII.4	7560	VP2	6707	7513	+	genbank
GII	OP037980	GII.4	7560	ORF1	5	5104	+	genbank
GII	OP037980	GII.4	7560	p48	5	1330	+	orf1_relative
GII	OP037980	GII.4	7560	NTPase	1331	2095	+	orf1_relative
GII	OP037980	GII.4	7560	p22	2096	2503	+	orf1_relative
GII	OP037980	GII.4	7560	VPg	2504	2911	+	orf1_relative
GII	OP037980	GII.4	7560	3CLpro	2912	3472	+	orf1_relative
GII	OP037980	GII.4	7560	RdRp	4323	5079	+	inferred_from_region_blast
GII	OP037981	GII.4	7560	VP1	5085	6707	+	genbank
GII	OP037981	GII.4	7560	VP2	6707	7513	+	genbank
GII	OP037981	GII.4	7560	ORF1	5	5104	+	genbank
GII	OP037981	GII.4	7560	p48	5	1330	+	orf1_relative
GII	OP037981	GII.4	7560	NTPase	1331	2095	+	orf1_relative
GII	OP037981	GII.4	7560	p22	2096	2503	+	orf1_relative
GII	OP037981	GII.4	7560	VPg	2504	2911	+	orf1_relative
GII	OP037981	GII.4	7560	3CLpro	2912	3472	+	orf1_relative
GII	OP037981	GII.4	7560	RdRp	4323	5079	+	inferred_from_region_blast
GII	OP037982	GII.4	7560	VP1	5085	6707	+	genbank
GII	OP037982	GII.4	7560	VP2	6707	7513	+	genbank
GII	OP037982	GII.4	7560	ORF1	5	5104	+	genbank
GII	OP037982	GII.4	7560	p48	5	1330	+	orf1_relative
GII	OP037982	GII.4	7560	NTPase	1331	2095	+	orf1_relative
GII	OP037982	GII.4	7560	p22	2096	2503	+	orf1_relative
GII	OP037982	GII.4	7560	VPg	2504	2911	+	orf1_relative
GII	OP037982	GII.4	7560	3CLpro	2912	3472	+	orf1_relative
GII	OP037982	GII.4	7560	RdRp	4323	5079	+	inferred_from_region_blast
GII	OP037983	GII.4	7560	VP1	5085	6707	+	genbank
GII	OP037983	GII.4	7560	VP2	6707	7513	+	genbank
GII	OP037983	GII.4	7560	ORF1	5	5104	+	genbank
GII	OP037983	GII.4	7560	p48	5	1330	+	orf1_relative
GII	OP037983	GII.4	7560	NTPase	1331	2095	+	orf1_relative
GII	OP037983	GII.4	7560	p22	2096	2503	+	orf1_relative
GII	OP037983	GII.4	7560	VPg	2504	2911	+	orf1_relative
GII	OP037983	GII.4	7560	3CLpro	2912	3472	+	orf1_relative
GII	OP037983	GII.4	7560	RdRp	4323	5079	+	inferred_from_region_blast
GII	OP205527	GII.4	7506	VP1	5081	6703	+	genbank
GII	OP205527	GII.4	7506	VP2	6703	7506	+	genbank
GII	OP205527	GII.4	7506	ORF1	1	5100	+	genbank
GII	OP205527	GII.4	7506	p48	1	1326	+	orf1_relative
GII	OP205527	GII.4	7506	NTPase	1327	2091	+	orf1_relative
GII	OP205527	GII.4	7506	p22	2092	2499	+	orf1_relative
GII	OP205527	GII.4	7506	VPg	2500	2907	+	orf1_relative
GII	OP205527	GII.4	7506	3CLpro	2908	3468	+	orf1_relative
GII	OP205527	GII.4	7506	RdRp	4319	5075	+	inferred_from_region_blast
GII	OP205539	GII.4	7508	VP1	5080	6702	+	genbank
GII	OP205539	GII.4	7508	VP2	6702	7508	+	genbank
GII	OP205539	GII.4	7508	ORF1	1	5099	+	genbank
GII	OP205539	GII.4	7508	p48	1	1326	+	orf1_relative
GII	OP205539	GII.4	7508	NTPase	1327	2091	+	orf1_relative
GII	OP205539	GII.4	7508	p22	2092	2499	+	orf1_relative
GII	OP205539	GII.4	7508	VPg	2500	2906	+	orf1_relative
GII	OP205539	GII.4	7508	3CLpro	2907	3467	+	orf1_relative
GII	OP205539	GII.4	7508	RdRp	4318	5074	+	inferred_from_region_blast
GII	OP205547	GII.4	7491	VP1	5063	6685	+	genbank
GII	OP205547	GII.4	7491	VP2	6685	7491	+	genbank
GII	OP205547	GII.4	7491	ORF1	1	5082	+	genbank
GII	OP205547	GII.4	7491	p48	1	1321	+	orf1_relative
GII	OP205547	GII.4	7491	NTPase	1322	2084	+	orf1_relative
GII	OP205547	GII.4	7491	p22	2085	2490	+	orf1_relative
GII	OP205547	GII.4	7491	VPg	2491	2897	+	orf1_relative
GII	OP205547	GII.4	7491	3CLpro	2898	3456	+	orf1_relative
GII	OP205547	GII.4	7491	RdRp	4301	5057	+	inferred_from_region_blast
GII	OP205549	GII.4	7496	VP1	5068	6690	+	genbank
GII	OP205549	GII.4	7496	VP2	6690	7496	+	genbank
GII	OP205549	GII.4	7496	ORF1	1	5087	+	genbank
GII	OP205549	GII.4	7496	p48	1	1323	+	orf1_relative
GII	OP205549	GII.4	7496	NTPase	1324	2086	+	orf1_relative
GII	OP205549	GII.4	7496	p22	2087	2493	+	orf1_relative
GII	OP205549	GII.4	7496	VPg	2494	2900	+	orf1_relative
GII	OP205549	GII.4	7496	3CLpro	2901	3459	+	orf1_relative
GII	OP205549	GII.4	7496	RdRp	4306	5062	+	inferred_from_region_blast
GII	OP205550	GII.4	7459	VP1	5063	6685	+	genbank
GII	OP205550	GII.4	7459	VP2	6685	7459	+	genbank
GII	OP205550	GII.4	7459	ORF1	1	5082	+	genbank
GII	OP205550	GII.4	7459	p48	1	1321	+	orf1_relative
GII	OP205550	GII.4	7459	NTPase	1322	2084	+	orf1_relative
GII	OP205550	GII.4	7459	p22	2085	2490	+	orf1_relative
GII	OP205550	GII.4	7459	VPg	2491	2897	+	orf1_relative
GII	OP205550	GII.4	7459	3CLpro	2898	3456	+	orf1_relative
GII	OP205550	GII.4	7459	RdRp	4301	5057	+	inferred_from_region_blast
GII	OP205551	GII.4	7503	VP1	5075	6697	+	genbank
GII	OP205551	GII.4	7503	VP2	6697	7503	+	genbank
GII	OP205551	GII.4	7503	ORF1	1	5094	+	genbank
GII	OP205551	GII.4	7503	p48	1	1324	+	orf1_relative
GII	OP205551	GII.4	7503	NTPase	1325	2089	+	orf1_relative
GII	OP205551	GII.4	7503	p22	2090	2496	+	orf1_relative
GII	OP205551	GII.4	7503	VPg	2497	2904	+	orf1_relative
GII	OP205551	GII.4	7503	3CLpro	2905	3464	+	orf1_relative
GII	OP205551	GII.4	7503	RdRp	4313	5069	+	inferred_from_region_blast
GII	OP205552	GII.4	7508	VP1	5080	6702	+	genbank
GII	OP205552	GII.4	7508	VP2	6702	7508	+	genbank
GII	OP205552	GII.4	7508	ORF1	1	5099	+	genbank
GII	OP205552	GII.4	7508	p48	1	1326	+	orf1_relative
GII	OP205552	GII.4	7508	NTPase	1327	2091	+	orf1_relative
GII	OP205552	GII.4	7508	p22	2092	2499	+	orf1_relative
GII	OP205552	GII.4	7508	VPg	2500	2906	+	orf1_relative
GII	OP205552	GII.4	7508	3CLpro	2907	3467	+	orf1_relative
GII	OP205552	GII.4	7508	RdRp	4320	5074	+	inferred_from_region_blast
GII	OP205558	GII.4	7491	VP1	5063	6685	+	genbank
GII	OP205558	GII.4	7491	VP2	6685	7491	+	genbank
GII	OP205558	GII.4	7491	ORF1	1	5082	+	genbank
GII	OP205558	GII.4	7491	p48	1	1321	+	orf1_relative
GII	OP205558	GII.4	7491	NTPase	1322	2084	+	orf1_relative
GII	OP205558	GII.4	7491	p22	2085	2490	+	orf1_relative
GII	OP205558	GII.4	7491	VPg	2491	2897	+	orf1_relative
GII	OP205558	GII.4	7491	3CLpro	2898	3456	+	orf1_relative
GII	OP205558	GII.4	7491	RdRp	4301	5057	+	inferred_from_region_blast
GII	OP205559	GII.4	7491	VP1	5063	6685	+	genbank
GII	OP205559	GII.4	7491	VP2	6685	7491	+	genbank
GII	OP205559	GII.4	7491	ORF1	1	5082	+	genbank
GII	OP205559	GII.4	7491	p48	1	1321	+	orf1_relative
GII	OP205559	GII.4	7491	NTPase	1322	2084	+	orf1_relative
GII	OP205559	GII.4	7491	p22	2085	2490	+	orf1_relative
GII	OP205559	GII.4	7491	VPg	2491	2897	+	orf1_relative
GII	OP205559	GII.4	7491	3CLpro	2898	3456	+	orf1_relative
GII	OP205559	GII.4	7491	RdRp	4303	5057	+	inferred_from_region_blast
GII	OP205560	GII.4	7491	VP1	5063	6685	+	genbank
GII	OP205560	GII.4	7491	VP2	6685	7491	+	genbank
GII	OP205560	GII.4	7491	ORF1	1	5082	+	genbank
GII	OP205560	GII.4	7491	p48	1	1321	+	orf1_relative
GII	OP205560	GII.4	7491	NTPase	1322	2084	+	orf1_relative
GII	OP205560	GII.4	7491	p22	2085	2490	+	orf1_relative
GII	OP205560	GII.4	7491	VPg	2491	2897	+	orf1_relative
GII	OP205560	GII.4	7491	3CLpro	2898	3456	+	orf1_relative
GII	OP205560	GII.4	7491	RdRp	4301	5057	+	inferred_from_region_blast
GII	OP205561	GII.4	7491	VP1	5063	6685	+	genbank
GII	OP205561	GII.4	7491	VP2	6685	7491	+	genbank
GII	OP205561	GII.4	7491	ORF1	1	5082	+	genbank
GII	OP205561	GII.4	7491	p48	1	1321	+	orf1_relative
GII	OP205561	GII.4	7491	NTPase	1322	2084	+	orf1_relative
GII	OP205561	GII.4	7491	p22	2085	2490	+	orf1_relative
GII	OP205561	GII.4	7491	VPg	2491	2897	+	orf1_relative
GII	OP205561	GII.4	7491	3CLpro	2898	3456	+	orf1_relative
GII	OP205561	GII.4	7491	RdRp	4301	5057	+	inferred_from_region_blast
GII	OP205563	GII.4	7491	VP1	5063	6685	+	genbank
GII	OP205563	GII.4	7491	VP2	6685	7491	+	genbank
GII	OP205563	GII.4	7491	ORF1	1	5082	+	genbank
GII	OP205563	GII.4	7491	p48	1	1321	+	orf1_relative
GII	OP205563	GII.4	7491	NTPase	1322	2084	+	orf1_relative
GII	OP205563	GII.4	7491	p22	2085	2490	+	orf1_relative
GII	OP205563	GII.4	7491	VPg	2491	2897	+	orf1_relative
GII	OP205563	GII.4	7491	3CLpro	2898	3456	+	orf1_relative
GII	OP205563	GII.4	7491	RdRp	4303	5057	+	inferred_from_region_blast
GII	OP205564	GII.4	7495	VP1	5067	6689	+	genbank
GII	OP205564	GII.4	7495	VP2	6689	7495	+	genbank
GII	OP205564	GII.4	7495	ORF1	1	5086	+	genbank
GII	OP205564	GII.4	7495	p48	1	1322	+	orf1_relative
GII	OP205564	GII.4	7495	NTPase	1323	2085	+	orf1_relative
GII	OP205564	GII.4	7495	p22	2086	2492	+	orf1_relative
GII	OP205564	GII.4	7495	VPg	2493	2899	+	orf1_relative
GII	OP205564	GII.4	7495	3CLpro	2900	3458	+	orf1_relative
GII	OP205564	GII.4	7495	RdRp	4307	5061	+	inferred_from_region_blast
GII	OP205565	GII.4	7491	VP1	5063	6685	+	genbank
GII	OP205565	GII.4	7491	VP2	6685	7491	+	genbank
GII	OP205565	GII.4	7491	ORF1	1	5082	+	genbank
GII	OP205565	GII.4	7491	p48	1	1321	+	orf1_relative
GII	OP205565	GII.4	7491	NTPase	1322	2084	+	orf1_relative
GII	OP205565	GII.4	7491	p22	2085	2490	+	orf1_relative
GII	OP205565	GII.4	7491	VPg	2491	2897	+	orf1_relative
GII	OP205565	GII.4	7491	3CLpro	2898	3456	+	orf1_relative
GII	OP205565	GII.4	7491	RdRp	4303	5057	+	inferred_from_region_blast
GII	OP205566	GII.4	7509	VP1	5081	6703	+	genbank
GII	OP205566	GII.4	7509	VP2	6703	7509	+	genbank
GII	OP205566	GII.4	7509	ORF1	1	5100	+	genbank
GII	OP205566	GII.4	7509	p48	1	1326	+	orf1_relative
GII	OP205566	GII.4	7509	NTPase	1327	2091	+	orf1_relative
GII	OP205566	GII.4	7509	p22	2092	2499	+	orf1_relative
GII	OP205566	GII.4	7509	VPg	2500	2907	+	orf1_relative
GII	OP205566	GII.4	7509	3CLpro	2908	3468	+	orf1_relative
GII	OP205566	GII.4	7509	RdRp	4321	5075	+	inferred_from_region_blast
GII	OP205568	GII.4	7508	VP1	5080	6702	+	genbank
GII	OP205568	GII.4	7508	VP2	6702	7508	+	genbank
GII	OP205568	GII.4	7508	ORF1	1	5099	+	genbank
GII	OP205568	GII.4	7508	p48	1	1326	+	orf1_relative
GII	OP205568	GII.4	7508	NTPase	1327	2091	+	orf1_relative
GII	OP205568	GII.4	7508	p22	2092	2499	+	orf1_relative
GII	OP205568	GII.4	7508	VPg	2500	2906	+	orf1_relative
GII	OP205568	GII.4	7508	3CLpro	2907	3467	+	orf1_relative
GII	OP205568	GII.4	7508	RdRp	4320	5074	+	inferred_from_region_blast
GII	OP205571	GII.4	7481	VP1	5053	6675	+	genbank
GII	OP205571	GII.4	7481	VP2	6675	7481	+	genbank
GII	OP205571	GII.4	7481	ORF1	1	5072	+	genbank
GII	OP205571	GII.4	7481	p48	1	1319	+	orf1_relative
GII	OP205571	GII.4	7481	NTPase	1320	2080	+	orf1_relative
GII	OP205571	GII.4	7481	p22	2081	2485	+	orf1_relative
GII	OP205571	GII.4	7481	VPg	2486	2891	+	orf1_relative
GII	OP205571	GII.4	7481	3CLpro	2892	3449	+	orf1_relative
GII	OP205571	GII.4	7481	RdRp	4293	5047	+	inferred_from_region_blast
GII	OP205574	GII.4	7498	VP1	5070	6692	+	genbank
GII	OP205574	GII.4	7498	VP2	6692	7498	+	genbank
GII	OP205574	GII.4	7498	ORF1	1	5089	+	genbank
GII	OP205574	GII.4	7498	p48	1	1323	+	orf1_relative
GII	OP205574	GII.4	7498	NTPase	1324	2086	+	orf1_relative
GII	OP205574	GII.4	7498	p22	2087	2494	+	orf1_relative
GII	OP205574	GII.4	7498	VPg	2495	2901	+	orf1_relative
GII	OP205574	GII.4	7498	3CLpro	2902	3461	+	orf1_relative
GII	OP205574	GII.4	7498	RdRp	4308	5064	+	inferred_from_region_blast
GII	OP205579	GII.4	7509	VP1	5081	6703	+	genbank
GII	OP205579	GII.4	7509	VP2	6703	7509	+	genbank
GII	OP205579	GII.4	7509	ORF1	1	5100	+	genbank
GII	OP205579	GII.4	7509	p48	1	1326	+	orf1_relative
GII	OP205579	GII.4	7509	NTPase	1327	2091	+	orf1_relative
GII	OP205579	GII.4	7509	p22	2092	2499	+	orf1_relative
GII	OP205579	GII.4	7509	VPg	2500	2907	+	orf1_relative
GII	OP205579	GII.4	7509	3CLpro	2908	3468	+	orf1_relative
GII	OP205579	GII.4	7509	RdRp	4319	5075	+	inferred_from_region_blast
GII	OP205580	GII.4	7513	VP1	5085	6707	+	genbank
GII	OP205580	GII.4	7513	VP2	6707	7513	+	genbank
GII	OP205580	GII.4	7513	ORF1	5	5104	+	genbank
GII	OP205580	GII.4	7513	p48	5	1330	+	orf1_relative
GII	OP205580	GII.4	7513	NTPase	1331	2095	+	orf1_relative
GII	OP205580	GII.4	7513	p22	2096	2503	+	orf1_relative
GII	OP205580	GII.4	7513	VPg	2504	2911	+	orf1_relative
GII	OP205580	GII.4	7513	3CLpro	2912	3472	+	orf1_relative
GII	OP205580	GII.4	7513	RdRp	4323	5079	+	inferred_from_region_blast
GII	OP205582	GII.4	7513	VP1	5085	6707	+	genbank
GII	OP205582	GII.4	7513	VP2	6707	7513	+	genbank
GII	OP205582	GII.4	7513	ORF1	5	5104	+	genbank
GII	OP205582	GII.4	7513	p48	5	1330	+	orf1_relative
GII	OP205582	GII.4	7513	NTPase	1331	2095	+	orf1_relative
GII	OP205582	GII.4	7513	p22	2096	2503	+	orf1_relative
GII	OP205582	GII.4	7513	VPg	2504	2911	+	orf1_relative
GII	OP205582	GII.4	7513	3CLpro	2912	3472	+	orf1_relative
GII	OP205582	GII.4	7513	RdRp	4323	5079	+	inferred_from_region_blast
GII	OP205584	GII.4	7505	VP1	5080	6702	+	genbank
GII	OP205584	GII.4	7505	VP2	6702	7505	+	genbank
GII	OP205584	GII.4	7505	ORF1	1	5099	+	genbank
GII	OP205584	GII.4	7505	p48	1	1326	+	orf1_relative
GII	OP205584	GII.4	7505	NTPase	1327	2091	+	orf1_relative
GII	OP205584	GII.4	7505	p22	2092	2499	+	orf1_relative
GII	OP205584	GII.4	7505	VPg	2500	2906	+	orf1_relative
GII	OP205584	GII.4	7505	3CLpro	2907	3467	+	orf1_relative
GII	OP205584	GII.4	7505	RdRp	4318	5074	+	inferred_from_region_blast
GII	OP712198	GII.4	7599	VP1	5085	6707	+	genbank
GII	OP712198	GII.4	7599	VP2	6707	7513	+	genbank
GII	OP712198	GII.4	7599	ORF1	5	5104	+	genbank
GII	OP712198	GII.4	7599	p48	5	1330	+	orf1_relative
GII	OP712198	GII.4	7599	NTPase	1331	2095	+	orf1_relative
GII	OP712198	GII.4	7599	p22	2096	2503	+	orf1_relative
GII	OP712198	GII.4	7599	VPg	2504	2911	+	orf1_relative
GII	OP712198	GII.4	7599	3CLpro	2912	3472	+	orf1_relative
GII	OP712198	GII.4	7599	RdRp	4323	5079	+	inferred_from_region_blast
GII	OP727605	GII.4	7514	VP1	5073	6695	+	genbank
GII	OP727605	GII.4	7514	VP2	6695	7501	+	genbank
GII	OP727605	GII.4	7514	ORF1	1	5092	+	genbank
GII	OP727605	GII.4	7514	p48	1	1324	+	orf1_relative
GII	OP727605	GII.4	7514	NTPase	1325	2088	+	orf1_relative
GII	OP727605	GII.4	7514	p22	2089	2495	+	orf1_relative
GII	OP727605	GII.4	7514	VPg	2496	2902	+	orf1_relative
GII	OP727605	GII.4	7514	3CLpro	2903	3463	+	orf1_relative
GII	OP727605	GII.4	7514	RdRp	4311	5067	+	inferred_from_region_blast
GII	OP727606	GII.4	7543	VP1	5073	6695	+	genbank
GII	OP727606	GII.4	7543	VP2	6695	7501	+	genbank
GII	OP727606	GII.4	7543	ORF1	1	5092	+	genbank
GII	OP727606	GII.4	7543	p48	1	1324	+	orf1_relative
GII	OP727606	GII.4	7543	NTPase	1325	2088	+	orf1_relative
GII	OP727606	GII.4	7543	p22	2089	2495	+	orf1_relative
GII	OP727606	GII.4	7543	VPg	2496	2902	+	orf1_relative
GII	OP727606	GII.4	7543	3CLpro	2903	3463	+	orf1_relative
GII	OP727606	GII.4	7543	RdRp	4311	5067	+	inferred_from_region_blast
GII	OP727607	GII.4	7519	VP1	5073	6695	+	genbank
GII	OP727607	GII.4	7519	VP2	6695	7501	+	genbank
GII	OP727607	GII.4	7519	ORF1	1	5092	+	genbank
GII	OP727607	GII.4	7519	p48	1	1324	+	orf1_relative
GII	OP727607	GII.4	7519	NTPase	1325	2088	+	orf1_relative
GII	OP727607	GII.4	7519	p22	2089	2495	+	orf1_relative
GII	OP727607	GII.4	7519	VPg	2496	2902	+	orf1_relative
GII	OP727607	GII.4	7519	3CLpro	2903	3463	+	orf1_relative
GII	OP727607	GII.4	7519	RdRp	4311	5067	+	inferred_from_region_blast
GII	OP727608	GII.4	7543	VP1	5073	6695	+	genbank
GII	OP727608	GII.4	7543	VP2	6695	7501	+	genbank
GII	OP727608	GII.4	7543	ORF1	1	5092	+	genbank
GII	OP727608	GII.4	7543	p48	1	1324	+	orf1_relative
GII	OP727608	GII.4	7543	NTPase	1325	2088	+	orf1_relative
GII	OP727608	GII.4	7543	p22	2089	2495	+	orf1_relative
GII	OP727608	GII.4	7543	VPg	2496	2902	+	orf1_relative
GII	OP727608	GII.4	7543	3CLpro	2903	3463	+	orf1_relative
GII	OP727608	GII.4	7543	RdRp	4311	5067	+	inferred_from_region_blast
GII	OP727609	GII.4	7498	VP1	5061	6683	+	genbank
GII	OP727609	GII.4	7498	VP2	6683	7489	+	genbank
GII	OP727609	GII.4	7498	ORF1	1	5080	+	genbank
GII	OP727609	GII.4	7498	p48	1	1321	+	orf1_relative
GII	OP727609	GII.4	7498	NTPase	1322	2083	+	orf1_relative
GII	OP727609	GII.4	7498	p22	2084	2489	+	orf1_relative
GII	OP727609	GII.4	7498	VPg	2490	2896	+	orf1_relative
GII	OP727609	GII.4	7498	3CLpro	2897	3454	+	orf1_relative
GII	OP727609	GII.4	7498	RdRp	4299	5055	+	inferred_from_region_blast
GII	OP727610	GII.4	7529	VP1	5061	6683	+	genbank
GII	OP727610	GII.4	7529	VP2	6683	7489	+	genbank
GII	OP727610	GII.4	7529	ORF1	1	5080	+	genbank
GII	OP727610	GII.4	7529	p48	1	1321	+	orf1_relative
GII	OP727610	GII.4	7529	NTPase	1322	2083	+	orf1_relative
GII	OP727610	GII.4	7529	p22	2084	2489	+	orf1_relative
GII	OP727610	GII.4	7529	VPg	2490	2896	+	orf1_relative
GII	OP727610	GII.4	7529	3CLpro	2897	3454	+	orf1_relative
GII	OP727610	GII.4	7529	RdRp	4299	5055	+	inferred_from_region_blast
GII	OP727611	GII.4	7507	VP1	5066	6688	+	genbank
GII	OP727611	GII.4	7507	VP2	6688	7494	+	genbank
GII	OP727611	GII.4	7507	ORF1	1	5085	+	genbank
GII	OP727611	GII.4	7507	p48	1	1322	+	orf1_relative
GII	OP727611	GII.4	7507	NTPase	1323	2085	+	orf1_relative
GII	OP727611	GII.4	7507	p22	2086	2492	+	orf1_relative
GII	OP727611	GII.4	7507	VPg	2493	2898	+	orf1_relative
GII	OP727611	GII.4	7507	3CLpro	2899	3458	+	orf1_relative
GII	OP727611	GII.4	7507	RdRp	4304	5060	+	inferred_from_region_blast
GII	OP727612	GII.4	7514	VP1	5088	6710	+	genbank
GII	OP727612	GII.4	7514	VP2	6710	7514	+	genbank
GII	OP727612	GII.4	7514	ORF1	8	5107	+	genbank
GII	OP727612	GII.4	7514	p48	8	1333	+	orf1_relative
GII	OP727612	GII.4	7514	NTPase	1334	2098	+	orf1_relative
GII	OP727612	GII.4	7514	p22	2099	2506	+	orf1_relative
GII	OP727612	GII.4	7514	VPg	2507	2914	+	orf1_relative
GII	OP727612	GII.4	7514	3CLpro	2915	3475	+	orf1_relative
GII	OP727612	GII.4	7514	RdRp	4326	5082	+	inferred_from_region_blast
GII	OP727613	GII.4	7513	VP1	5087	6709	+	genbank
GII	OP727613	GII.4	7513	VP2	6709	7513	+	genbank
GII	OP727613	GII.4	7513	ORF1	7	5106	+	genbank
GII	OP727613	GII.4	7513	p48	7	1332	+	orf1_relative
GII	OP727613	GII.4	7513	NTPase	1333	2097	+	orf1_relative
GII	OP727613	GII.4	7513	p22	2098	2505	+	orf1_relative
GII	OP727613	GII.4	7513	VPg	2506	2913	+	orf1_relative
GII	OP727613	GII.4	7513	3CLpro	2914	3474	+	orf1_relative
GII	OP727613	GII.4	7513	RdRp	4325	5081	+	inferred_from_region_blast
GII	OP727614	GII.4	7512	VP1	5086	6708	+	genbank
GII	OP727614	GII.4	7512	VP2	6708	7512	+	genbank
GII	OP727614	GII.4	7512	ORF1	6	5105	+	genbank
GII	OP727614	GII.4	7512	p48	6	1331	+	orf1_relative
GII	OP727614	GII.4	7512	NTPase	1332	2096	+	orf1_relative
GII	OP727614	GII.4	7512	p22	2097	2504	+	orf1_relative
GII	OP727614	GII.4	7512	VPg	2505	2912	+	orf1_relative
GII	OP727614	GII.4	7512	3CLpro	2913	3473	+	orf1_relative
GII	OP727614	GII.4	7512	RdRp	4324	5080	+	inferred_from_region_blast
GII	OP901694	GII.4	7599	VP1	5085	6707	+	genbank
GII	OP901694	GII.4	7599	VP2	6707	7513	+	genbank
GII	OP901694	GII.4	7599	ORF1	5	5104	+	genbank
GII	OP901694	GII.4	7599	p48	5	1330	+	orf1_relative
GII	OP901694	GII.4	7599	NTPase	1331	2095	+	orf1_relative
GII	OP901694	GII.4	7599	p22	2096	2503	+	orf1_relative
GII	OP901694	GII.4	7599	VPg	2504	2911	+	orf1_relative
GII	OP901694	GII.4	7599	3CLpro	2912	3472	+	orf1_relative
GII	OP901694	GII.4	7599	RdRp	4323	5079	+	inferred_from_region_blast
GII	OQ451906	GII.4	6861	VP1	4396	6018	+	genbank
GII	OQ451906	GII.4	6861	VP2	6018	6824	+	genbank
GII	OQ451906	GII.4	6861	ORF1	1	4415	+	genbank
GII	OQ451906	GII.4	6861	p48	1	1148	+	orf1_relative
GII	OQ451906	GII.4	6861	NTPase	1149	1810	+	orf1_relative
GII	OQ451906	GII.4	6861	p22	1811	2163	+	orf1_relative
GII	OQ451906	GII.4	6861	VPg	2164	2517	+	orf1_relative
GII	OQ451906	GII.4	6861	3CLpro	2518	3002	+	orf1_relative
GII	OQ451906	GII.4	6861	RdRp	3634	4390	+	inferred_from_region_blast
GII	OQ451907	GII.4	6886	VP1	4416	6038	+	genbank
GII	OQ451907	GII.4	6886	VP2	6038	6844	+	genbank
GII	OQ451907	GII.4	6886	ORF1	1	4435	+	genbank
GII	OQ451907	GII.4	6886	p48	1	1153	+	orf1_relative
GII	OQ451907	GII.4	6886	NTPase	1154	1818	+	orf1_relative
GII	OQ451907	GII.4	6886	p22	1819	2173	+	orf1_relative
GII	OQ451907	GII.4	6886	VPg	2174	2528	+	orf1_relative
GII	OQ451907	GII.4	6886	3CLpro	2529	3016	+	orf1_relative
GII	OQ451907	GII.4	6886	RdRp	3654	4410	+	inferred_from_region_blast
GII	OQ451908	GII.4	6863	VP1	4394	6016	+	genbank
GII	OQ451908	GII.4	6863	VP2	6016	6822	+	genbank
GII	OQ451908	GII.4	6863	ORF1	1	4413	+	genbank
GII	OQ451908	GII.4	6863	p48	1	1147	+	orf1_relative
GII	OQ451908	GII.4	6863	NTPase	1148	1809	+	orf1_relative
GII	OQ451908	GII.4	6863	p22	1810	2162	+	orf1_relative
GII	OQ451908	GII.4	6863	VPg	2163	2515	+	orf1_relative
GII	OQ451908	GII.4	6863	3CLpro	2516	3001	+	orf1_relative
GII	OQ451908	GII.4	6863	RdRp	3632	4388	+	inferred_from_region_blast
GII	OQ451909	GII.4	6823	VP1	4394	6016	+	genbank
GII	OQ451909	GII.4	6823	VP2	6016	6822	+	genbank
GII	OQ451909	GII.4	6823	ORF1	1	4413	+	genbank
GII	OQ451909	GII.4	6823	p48	1	1147	+	orf1_relative
GII	OQ451909	GII.4	6823	NTPase	1148	1809	+	orf1_relative
GII	OQ451909	GII.4	6823	p22	1810	2162	+	orf1_relative
GII	OQ451909	GII.4	6823	VPg	2163	2515	+	orf1_relative
GII	OQ451909	GII.4	6823	3CLpro	2516	3001	+	orf1_relative
GII	OQ451909	GII.4	6823	RdRp	3632	4388	+	inferred_from_region_blast
GII	OQ451910	GII.4	6859	VP1	4394	6016	+	genbank
GII	OQ451910	GII.4	6859	VP2	6016	6822	+	genbank
GII	OQ451910	GII.4	6859	ORF1	1	4413	+	genbank
GII	OQ451910	GII.4	6859	p48	1	1147	+	orf1_relative
GII	OQ451910	GII.4	6859	NTPase	1148	1809	+	orf1_relative
GII	OQ451910	GII.4	6859	p22	1810	2162	+	orf1_relative
GII	OQ451910	GII.4	6859	VPg	2163	2515	+	orf1_relative
GII	OQ451910	GII.4	6859	3CLpro	2516	3001	+	orf1_relative
GII	OQ451910	GII.4	6859	RdRp	3632	4388	+	inferred_from_region_blast
GII	OQ451911	GII.4	6879	VP1	4416	6038	+	genbank
GII	OQ451911	GII.4	6879	VP2	6038	6844	+	genbank
GII	OQ451911	GII.4	6879	ORF1	1	4435	+	genbank
GII	OQ451911	GII.4	6879	p48	1	1153	+	orf1_relative
GII	OQ451911	GII.4	6879	NTPase	1154	1818	+	orf1_relative
GII	OQ451911	GII.4	6879	p22	1819	2173	+	orf1_relative
GII	OQ451911	GII.4	6879	VPg	2174	2528	+	orf1_relative
GII	OQ451911	GII.4	6879	3CLpro	2529	3016	+	orf1_relative
GII	OQ451911	GII.4	6879	RdRp	3654	4410	+	inferred_from_region_blast
GII	OQ451912	GII.4	6859	VP1	4394	6016	+	genbank
GII	OQ451912	GII.4	6859	VP2	6016	6822	+	genbank
GII	OQ451912	GII.4	6859	ORF1	1	4413	+	genbank
GII	OQ451912	GII.4	6859	p48	1	1147	+	orf1_relative
GII	OQ451912	GII.4	6859	NTPase	1148	1809	+	orf1_relative
GII	OQ451912	GII.4	6859	p22	1810	2162	+	orf1_relative
GII	OQ451912	GII.4	6859	VPg	2163	2515	+	orf1_relative
GII	OQ451912	GII.4	6859	3CLpro	2516	3001	+	orf1_relative
GII	OQ451912	GII.4	6859	RdRp	3632	4388	+	inferred_from_region_blast
GII	OQ451913	GII.4	6886	VP1	4416	6038	+	genbank
GII	OQ451913	GII.4	6886	VP2	6038	6844	+	genbank
GII	OQ451913	GII.4	6886	ORF1	1	4435	+	genbank
GII	OQ451913	GII.4	6886	p48	1	1153	+	orf1_relative
GII	OQ451913	GII.4	6886	NTPase	1154	1818	+	orf1_relative
GII	OQ451913	GII.4	6886	p22	1819	2173	+	orf1_relative
GII	OQ451913	GII.4	6886	VPg	2174	2528	+	orf1_relative
GII	OQ451913	GII.4	6886	3CLpro	2529	3016	+	orf1_relative
GII	OQ451913	GII.4	6886	RdRp	3654	4410	+	inferred_from_region_blast
GII	OQ451914	GII.4	6844	VP1	4416	6038	+	genbank
GII	OQ451914	GII.4	6844	VP2	6038	6844	+	genbank
GII	OQ451914	GII.4	6844	ORF1	1	4435	+	genbank
GII	OQ451914	GII.4	6844	p48	1	1153	+	orf1_relative
GII	OQ451914	GII.4	6844	NTPase	1154	1818	+	orf1_relative
GII	OQ451914	GII.4	6844	p22	1819	2173	+	orf1_relative
GII	OQ451914	GII.4	6844	VPg	2174	2528	+	orf1_relative
GII	OQ451914	GII.4	6844	3CLpro	2529	3016	+	orf1_relative
GII	OQ451914	GII.4	6844	RdRp	3654	4410	+	inferred_from_region_blast
GII	OQ451915	GII.4	6857	VP1	4394	6016	+	genbank
GII	OQ451915	GII.4	6857	VP2	6016	6822	+	genbank
GII	OQ451915	GII.4	6857	ORF1	1	4413	+	genbank
GII	OQ451915	GII.4	6857	p48	1	1147	+	orf1_relative
GII	OQ451915	GII.4	6857	NTPase	1148	1809	+	orf1_relative
GII	OQ451915	GII.4	6857	p22	1810	2162	+	orf1_relative
GII	OQ451915	GII.4	6857	VPg	2163	2515	+	orf1_relative
GII	OQ451915	GII.4	6857	3CLpro	2516	3001	+	orf1_relative
GII	OQ451915	GII.4	6857	RdRp	3632	4388	+	inferred_from_region_blast
GII	OQ451916	GII.4	6881	VP1	4416	6038	+	genbank
GII	OQ451916	GII.4	6881	VP2	6038	6844	+	genbank
GII	OQ451916	GII.4	6881	ORF1	1	4435	+	genbank
GII	OQ451916	GII.4	6881	p48	1	1153	+	orf1_relative
GII	OQ451916	GII.4	6881	NTPase	1154	1818	+	orf1_relative
GII	OQ451916	GII.4	6881	p22	1819	2173	+	orf1_relative
GII	OQ451916	GII.4	6881	VPg	2174	2528	+	orf1_relative
GII	OQ451916	GII.4	6881	3CLpro	2529	3016	+	orf1_relative
GII	OQ451916	GII.4	6881	RdRp	3654	4410	+	inferred_from_region_blast
GII	OQ451917	GII.4	6881	VP1	4416	6038	+	genbank
GII	OQ451917	GII.4	6881	VP2	6038	6844	+	genbank
GII	OQ451917	GII.4	6881	ORF1	1	4435	+	genbank
GII	OQ451917	GII.4	6881	p48	1	1153	+	orf1_relative
GII	OQ451917	GII.4	6881	NTPase	1154	1818	+	orf1_relative
GII	OQ451917	GII.4	6881	p22	1819	2173	+	orf1_relative
GII	OQ451917	GII.4	6881	VPg	2174	2528	+	orf1_relative
GII	OQ451917	GII.4	6881	3CLpro	2529	3016	+	orf1_relative
GII	OQ451917	GII.4	6881	RdRp	3654	4410	+	inferred_from_region_blast
GII	OQ451918	GII.4	6879	VP1	4416	6038	+	genbank
GII	OQ451918	GII.4	6879	VP2	6038	6844	+	genbank
GII	OQ451918	GII.4	6879	ORF1	1	4435	+	genbank
GII	OQ451918	GII.4	6879	p48	1	1153	+	orf1_relative
GII	OQ451918	GII.4	6879	NTPase	1154	1818	+	orf1_relative
GII	OQ451918	GII.4	6879	p22	1819	2173	+	orf1_relative
GII	OQ451918	GII.4	6879	VPg	2174	2528	+	orf1_relative
GII	OQ451918	GII.4	6879	3CLpro	2529	3016	+	orf1_relative
GII	OQ451918	GII.4	6879	RdRp	3654	4410	+	inferred_from_region_blast
GII	OQ451919	GII.4	6881	VP1	4416	6038	+	genbank
GII	OQ451919	GII.4	6881	VP2	6038	6844	+	genbank
GII	OQ451919	GII.4	6881	ORF1	1	4435	+	genbank
GII	OQ451919	GII.4	6881	p48	1	1153	+	orf1_relative
GII	OQ451919	GII.4	6881	NTPase	1154	1818	+	orf1_relative
GII	OQ451919	GII.4	6881	p22	1819	2173	+	orf1_relative
GII	OQ451919	GII.4	6881	VPg	2174	2528	+	orf1_relative
GII	OQ451919	GII.4	6881	3CLpro	2529	3016	+	orf1_relative
GII	OQ451919	GII.4	6881	RdRp	3654	4410	+	inferred_from_region_blast
GII	OQ451920	GII.4	6844	VP1	4416	6038	+	genbank
GII	OQ451920	GII.4	6844	VP2	6038	6844	+	genbank
GII	OQ451920	GII.4	6844	ORF1	1	4435	+	genbank
GII	OQ451920	GII.4	6844	p48	1	1153	+	orf1_relative
GII	OQ451920	GII.4	6844	NTPase	1154	1818	+	orf1_relative
GII	OQ451920	GII.4	6844	p22	1819	2173	+	orf1_relative
GII	OQ451920	GII.4	6844	VPg	2174	2528	+	orf1_relative
GII	OQ451920	GII.4	6844	3CLpro	2529	3016	+	orf1_relative
GII	OQ451920	GII.4	6844	RdRp	3654	4410	+	inferred_from_region_blast
GII	OQ451921	GII.4	6863	VP1	4394	6016	+	genbank
GII	OQ451921	GII.4	6863	VP2	6016	6822	+	genbank
GII	OQ451921	GII.4	6863	ORF1	1	4413	+	genbank
GII	OQ451921	GII.4	6863	p48	1	1147	+	orf1_relative
GII	OQ451921	GII.4	6863	NTPase	1148	1809	+	orf1_relative
GII	OQ451921	GII.4	6863	p22	1810	2162	+	orf1_relative
GII	OQ451921	GII.4	6863	VPg	2163	2515	+	orf1_relative
GII	OQ451921	GII.4	6863	3CLpro	2516	3001	+	orf1_relative
GII	OQ451921	GII.4	6863	RdRp	3632	4388	+	inferred_from_region_blast
GII	OQ451922	GII.4	6844	VP1	4416	6038	+	genbank
GII	OQ451922	GII.4	6844	VP2	6038	6844	+	genbank
GII	OQ451922	GII.4	6844	ORF1	1	4435	+	genbank
GII	OQ451922	GII.4	6844	p48	1	1153	+	orf1_relative
GII	OQ451922	GII.4	6844	NTPase	1154	1818	+	orf1_relative
GII	OQ451922	GII.4	6844	p22	1819	2173	+	orf1_relative
GII	OQ451922	GII.4	6844	VPg	2174	2528	+	orf1_relative
GII	OQ451922	GII.4	6844	3CLpro	2529	3016	+	orf1_relative
GII	OQ451922	GII.4	6844	RdRp	3654	4410	+	inferred_from_region_blast
GII	OQ451923	GII.4	6859	VP1	4394	6016	+	genbank
GII	OQ451923	GII.4	6859	VP2	6016	6822	+	genbank
GII	OQ451923	GII.4	6859	ORF1	1	4413	+	genbank
GII	OQ451923	GII.4	6859	p48	1	1147	+	orf1_relative
GII	OQ451923	GII.4	6859	NTPase	1148	1809	+	orf1_relative
GII	OQ451923	GII.4	6859	p22	1810	2162	+	orf1_relative
GII	OQ451923	GII.4	6859	VPg	2163	2515	+	orf1_relative
GII	OQ451923	GII.4	6859	3CLpro	2516	3001	+	orf1_relative
GII	OQ451923	GII.4	6859	RdRp	3632	4388	+	inferred_from_region_blast
GII	OQ451924	GII.4	6886	VP1	4416	6038	+	genbank
GII	OQ451924	GII.4	6886	VP2	6038	6844	+	genbank
GII	OQ451924	GII.4	6886	ORF1	1	4435	+	genbank
GII	OQ451924	GII.4	6886	p48	1	1153	+	orf1_relative
GII	OQ451924	GII.4	6886	NTPase	1154	1818	+	orf1_relative
GII	OQ451924	GII.4	6886	p22	1819	2173	+	orf1_relative
GII	OQ451924	GII.4	6886	VPg	2174	2528	+	orf1_relative
GII	OQ451924	GII.4	6886	3CLpro	2529	3016	+	orf1_relative
GII	OQ451924	GII.4	6886	RdRp	3654	4410	+	inferred_from_region_blast
GII	OQ940068	GII.4	7560	VP1	5085	6707	+	genbank
GII	OQ940068	GII.4	7560	VP2	6707	7513	+	genbank
GII	OQ940068	GII.4	7560	ORF1	5	5104	+	genbank
GII	OQ940068	GII.4	7560	p48	5	1330	+	orf1_relative
GII	OQ940068	GII.4	7560	NTPase	1331	2095	+	orf1_relative
GII	OQ940068	GII.4	7560	p22	2096	2503	+	orf1_relative
GII	OQ940068	GII.4	7560	VPg	2504	2911	+	orf1_relative
GII	OQ940068	GII.4	7560	3CLpro	2912	3472	+	orf1_relative
GII	OQ940068	GII.4	7560	RdRp	4323	5079	+	inferred_from_region_blast
GII	OQ940069	GII.4	7560	VP1	5085	6707	+	genbank
GII	OQ940069	GII.4	7560	VP2	6707	7513	+	genbank
GII	OQ940069	GII.4	7560	ORF1	5	5104	+	genbank
GII	OQ940069	GII.4	7560	p48	5	1330	+	orf1_relative
GII	OQ940069	GII.4	7560	NTPase	1331	2095	+	orf1_relative
GII	OQ940069	GII.4	7560	p22	2096	2503	+	orf1_relative
GII	OQ940069	GII.4	7560	VPg	2504	2911	+	orf1_relative
GII	OQ940069	GII.4	7560	3CLpro	2912	3472	+	orf1_relative
GII	OQ940069	GII.4	7560	RdRp	4323	5079	+	inferred_from_region_blast
GII	OQ940070	GII.4	7560	VP1	5085	6707	+	genbank
GII	OQ940070	GII.4	7560	VP2	6707	7513	+	genbank
GII	OQ940070	GII.4	7560	ORF1	5	5104	+	genbank
GII	OQ940070	GII.4	7560	p48	5	1330	+	orf1_relative
GII	OQ940070	GII.4	7560	NTPase	1331	2095	+	orf1_relative
GII	OQ940070	GII.4	7560	p22	2096	2503	+	orf1_relative
GII	OQ940070	GII.4	7560	VPg	2504	2911	+	orf1_relative
GII	OQ940070	GII.4	7560	3CLpro	2912	3472	+	orf1_relative
GII	OQ940070	GII.4	7560	RdRp	4323	5079	+	inferred_from_region_blast
GII	OQ940071	GII.4	7560	VP1	5085	6707	+	genbank
GII	OQ940071	GII.4	7560	VP2	6707	7513	+	genbank
GII	OQ940071	GII.4	7560	ORF1	5	5104	+	genbank
GII	OQ940071	GII.4	7560	p48	5	1330	+	orf1_relative
GII	OQ940071	GII.4	7560	NTPase	1331	2095	+	orf1_relative
GII	OQ940071	GII.4	7560	p22	2096	2503	+	orf1_relative
GII	OQ940071	GII.4	7560	VPg	2504	2911	+	orf1_relative
GII	OQ940071	GII.4	7560	3CLpro	2912	3472	+	orf1_relative
GII	OQ940071	GII.4	7560	RdRp	4323	5079	+	inferred_from_region_blast
GII	OQ940072	GII.4	7560	VP1	5085	6707	+	genbank
GII	OQ940072	GII.4	7560	VP2	6707	7513	+	genbank
GII	OQ940072	GII.4	7560	ORF1	5	5104	+	genbank
GII	OQ940072	GII.4	7560	p48	5	1330	+	orf1_relative
GII	OQ940072	GII.4	7560	NTPase	1331	2095	+	orf1_relative
GII	OQ940072	GII.4	7560	p22	2096	2503	+	orf1_relative
GII	OQ940072	GII.4	7560	VPg	2504	2911	+	orf1_relative
GII	OQ940072	GII.4	7560	3CLpro	2912	3472	+	orf1_relative
GII	OQ940072	GII.4	7560	RdRp	4323	5079	+	inferred_from_region_blast
GII	OQ940073	GII.4	7560	VP1	5085	6707	+	genbank
GII	OQ940073	GII.4	7560	VP2	6707	7513	+	genbank
GII	OQ940073	GII.4	7560	ORF1	5	5104	+	genbank
GII	OQ940073	GII.4	7560	p48	5	1330	+	orf1_relative
GII	OQ940073	GII.4	7560	NTPase	1331	2095	+	orf1_relative
GII	OQ940073	GII.4	7560	p22	2096	2503	+	orf1_relative
GII	OQ940073	GII.4	7560	VPg	2504	2911	+	orf1_relative
GII	OQ940073	GII.4	7560	3CLpro	2912	3472	+	orf1_relative
GII	OQ940073	GII.4	7560	RdRp	4323	5079	+	inferred_from_region_blast
GII	OQ940074	GII.4	7560	VP1	5085	6707	+	genbank
GII	OQ940074	GII.4	7560	VP2	6707	7513	+	genbank
GII	OQ940074	GII.4	7560	ORF1	5	5104	+	genbank
GII	OQ940074	GII.4	7560	p48	5	1330	+	orf1_relative
GII	OQ940074	GII.4	7560	NTPase	1331	2095	+	orf1_relative
GII	OQ940074	GII.4	7560	p22	2096	2503	+	orf1_relative
GII	OQ940074	GII.4	7560	VPg	2504	2911	+	orf1_relative
GII	OQ940074	GII.4	7560	3CLpro	2912	3472	+	orf1_relative
GII	OQ940074	GII.4	7560	RdRp	4323	5079	+	inferred_from_region_blast
GII	OQ940075	GII.4	7560	VP1	5085	6707	+	genbank
GII	OQ940075	GII.4	7560	VP2	6707	7513	+	genbank
GII	OQ940075	GII.4	7560	ORF1	5	5104	+	genbank
GII	OQ940075	GII.4	7560	p48	5	1330	+	orf1_relative
GII	OQ940075	GII.4	7560	NTPase	1331	2095	+	orf1_relative
GII	OQ940075	GII.4	7560	p22	2096	2503	+	orf1_relative
GII	OQ940075	GII.4	7560	VPg	2504	2911	+	orf1_relative
GII	OQ940075	GII.4	7560	3CLpro	2912	3472	+	orf1_relative
GII	OQ940075	GII.4	7560	RdRp	4323	5079	+	inferred_from_region_blast
GII	OQ940076	GII.4	7560	VP1	5085	6707	+	genbank
GII	OQ940076	GII.4	7560	VP2	6707	7513	+	genbank
GII	OQ940076	GII.4	7560	ORF1	5	5104	+	genbank
GII	OQ940076	GII.4	7560	p48	5	1330	+	orf1_relative
GII	OQ940076	GII.4	7560	NTPase	1331	2095	+	orf1_relative
GII	OQ940076	GII.4	7560	p22	2096	2503	+	orf1_relative
GII	OQ940076	GII.4	7560	VPg	2504	2911	+	orf1_relative
GII	OQ940076	GII.4	7560	3CLpro	2912	3472	+	orf1_relative
GII	OQ940076	GII.4	7560	RdRp	4323	5079	+	inferred_from_region_blast
GII	OQ940077	GII.4	7560	VP1	5085	6707	+	genbank
GII	OQ940077	GII.4	7560	VP2	6707	7513	+	genbank
GII	OQ940077	GII.4	7560	ORF1	5	5104	+	genbank
GII	OQ940077	GII.4	7560	p48	5	1330	+	orf1_relative
GII	OQ940077	GII.4	7560	NTPase	1331	2095	+	orf1_relative
GII	OQ940077	GII.4	7560	p22	2096	2503	+	orf1_relative
GII	OQ940077	GII.4	7560	VPg	2504	2911	+	orf1_relative
GII	OQ940077	GII.4	7560	3CLpro	2912	3472	+	orf1_relative
GII	OQ940077	GII.4	7560	RdRp	4323	5079	+	inferred_from_region_blast
GII	OQ940078	GII.4	7560	VP1	5085	6707	+	genbank
GII	OQ940078	GII.4	7560	VP2	6707	7513	+	genbank
GII	OQ940078	GII.4	7560	ORF1	5	5104	+	genbank
GII	OQ940078	GII.4	7560	p48	5	1330	+	orf1_relative
GII	OQ940078	GII.4	7560	NTPase	1331	2095	+	orf1_relative
GII	OQ940078	GII.4	7560	p22	2096	2503	+	orf1_relative
GII	OQ940078	GII.4	7560	VPg	2504	2911	+	orf1_relative
GII	OQ940078	GII.4	7560	3CLpro	2912	3472	+	orf1_relative
GII	OQ940078	GII.4	7560	RdRp	4323	5079	+	inferred_from_region_blast
GII	OQ940079	GII.4	7560	VP1	5085	6707	+	genbank
GII	OQ940079	GII.4	7560	VP2	6707	7513	+	genbank
GII	OQ940079	GII.4	7560	ORF1	5	5104	+	genbank
GII	OQ940079	GII.4	7560	p48	5	1330	+	orf1_relative
GII	OQ940079	GII.4	7560	NTPase	1331	2095	+	orf1_relative
GII	OQ940079	GII.4	7560	p22	2096	2503	+	orf1_relative
GII	OQ940079	GII.4	7560	VPg	2504	2911	+	orf1_relative
GII	OQ940079	GII.4	7560	3CLpro	2912	3472	+	orf1_relative
GII	OQ940079	GII.4	7560	RdRp	4323	5079	+	inferred_from_region_blast
GII	OQ940080	GII.4	7560	VP1	5085	6707	+	genbank
GII	OQ940080	GII.4	7560	VP2	6707	7513	+	genbank
GII	OQ940080	GII.4	7560	ORF1	5	5104	+	genbank
GII	OQ940080	GII.4	7560	p48	5	1330	+	orf1_relative
GII	OQ940080	GII.4	7560	NTPase	1331	2095	+	orf1_relative
GII	OQ940080	GII.4	7560	p22	2096	2503	+	orf1_relative
GII	OQ940080	GII.4	7560	VPg	2504	2911	+	orf1_relative
GII	OQ940080	GII.4	7560	3CLpro	2912	3472	+	orf1_relative
GII	OQ940080	GII.4	7560	RdRp	4323	5079	+	inferred_from_region_blast
GII	OQ940081	GII.4	7560	VP1	5085	6707	+	genbank
GII	OQ940081	GII.4	7560	VP2	6707	7513	+	genbank
GII	OQ940081	GII.4	7560	ORF1	5	5104	+	genbank
GII	OQ940081	GII.4	7560	p48	5	1330	+	orf1_relative
GII	OQ940081	GII.4	7560	NTPase	1331	2095	+	orf1_relative
GII	OQ940081	GII.4	7560	p22	2096	2503	+	orf1_relative
GII	OQ940081	GII.4	7560	VPg	2504	2911	+	orf1_relative
GII	OQ940081	GII.4	7560	3CLpro	2912	3472	+	orf1_relative
GII	OQ940081	GII.4	7560	RdRp	4323	5079	+	inferred_from_region_blast
GII	OQ940082	GII.4	7560	VP1	5085	6707	+	genbank
GII	OQ940082	GII.4	7560	VP2	6707	7513	+	genbank
GII	OQ940082	GII.4	7560	ORF1	5	5104	+	genbank
GII	OQ940082	GII.4	7560	p48	5	1330	+	orf1_relative
GII	OQ940082	GII.4	7560	NTPase	1331	2095	+	orf1_relative
GII	OQ940082	GII.4	7560	p22	2096	2503	+	orf1_relative
GII	OQ940082	GII.4	7560	VPg	2504	2911	+	orf1_relative
GII	OQ940082	GII.4	7560	3CLpro	2912	3472	+	orf1_relative
GII	OQ940082	GII.4	7560	RdRp	4323	5079	+	inferred_from_region_blast
GII	OR084257	GII.4	7516	VP1	5085	6707	+	genbank
GII	OR084257	GII.4	7516	VP2	6707	7513	+	genbank
GII	OR084257	GII.4	7516	ORF1	5	5104	+	genbank
GII	OR084257	GII.4	7516	p48	5	1330	+	orf1_relative
GII	OR084257	GII.4	7516	NTPase	1331	2095	+	orf1_relative
GII	OR084257	GII.4	7516	p22	2096	2503	+	orf1_relative
GII	OR084257	GII.4	7516	VPg	2504	2911	+	orf1_relative
GII	OR084257	GII.4	7516	3CLpro	2912	3472	+	orf1_relative
GII	OR084257	GII.4	7516	RdRp	4323	5079	+	inferred_from_region_blast
GII	OR084258	GII.4	7516	VP1	5085	6707	+	genbank
GII	OR084258	GII.4	7516	VP2	6707	7513	+	genbank
GII	OR084258	GII.4	7516	ORF1	5	5104	+	genbank
GII	OR084258	GII.4	7516	p48	5	1330	+	orf1_relative
GII	OR084258	GII.4	7516	NTPase	1331	2095	+	orf1_relative
GII	OR084258	GII.4	7516	p22	2096	2503	+	orf1_relative
GII	OR084258	GII.4	7516	VPg	2504	2911	+	orf1_relative
GII	OR084258	GII.4	7516	3CLpro	2912	3472	+	orf1_relative
GII	OR084258	GII.4	7516	RdRp	4323	5079	+	inferred_from_region_blast
GII	OR084259	GII.4	7516	VP1	5085	6707	+	genbank
GII	OR084259	GII.4	7516	VP2	6707	7513	+	genbank
GII	OR084259	GII.4	7516	ORF1	5	5104	+	genbank
GII	OR084259	GII.4	7516	p48	5	1330	+	orf1_relative
GII	OR084259	GII.4	7516	NTPase	1331	2095	+	orf1_relative
GII	OR084259	GII.4	7516	p22	2096	2503	+	orf1_relative
GII	OR084259	GII.4	7516	VPg	2504	2911	+	orf1_relative
GII	OR084259	GII.4	7516	3CLpro	2912	3472	+	orf1_relative
GII	OR084259	GII.4	7516	RdRp	4323	5079	+	inferred_from_region_blast
GII	OR084260	GII.4	7513	VP1	5082	6704	+	genbank
GII	OR084260	GII.4	7513	VP2	6704	7510	+	genbank
GII	OR084260	GII.4	7513	ORF1	2	5101	+	genbank
GII	OR084260	GII.4	7513	p48	2	1327	+	orf1_relative
GII	OR084260	GII.4	7513	NTPase	1328	2092	+	orf1_relative
GII	OR084260	GII.4	7513	p22	2093	2500	+	orf1_relative
GII	OR084260	GII.4	7513	VPg	2501	2908	+	orf1_relative
GII	OR084260	GII.4	7513	3CLpro	2909	3469	+	orf1_relative
GII	OR084260	GII.4	7513	RdRp	4320	5076	+	inferred_from_region_blast
GII	OR084261	GII.4	7516	VP1	5085	6707	+	genbank
GII	OR084261	GII.4	7516	VP2	6707	7513	+	genbank
GII	OR084261	GII.4	7516	ORF1	5	5104	+	genbank
GII	OR084261	GII.4	7516	p48	5	1330	+	orf1_relative
GII	OR084261	GII.4	7516	NTPase	1331	2095	+	orf1_relative
GII	OR084261	GII.4	7516	p22	2096	2503	+	orf1_relative
GII	OR084261	GII.4	7516	VPg	2504	2911	+	orf1_relative
GII	OR084261	GII.4	7516	3CLpro	2912	3472	+	orf1_relative
GII	OR084261	GII.4	7516	RdRp	4323	5079	+	inferred_from_region_blast
GII	OR084262	GII.4	7517	VP1	5085	6707	+	genbank
GII	OR084262	GII.4	7517	VP2	6707	7513	+	genbank
GII	OR084262	GII.4	7517	ORF1	5	5104	+	genbank
GII	OR084262	GII.4	7517	p48	5	1330	+	orf1_relative
GII	OR084262	GII.4	7517	NTPase	1331	2095	+	orf1_relative
GII	OR084262	GII.4	7517	p22	2096	2503	+	orf1_relative
GII	OR084262	GII.4	7517	VPg	2504	2911	+	orf1_relative
GII	OR084262	GII.4	7517	3CLpro	2912	3472	+	orf1_relative
GII	OR084262	GII.4	7517	RdRp	4323	5079	+	inferred_from_region_blast
GII	OR084263	GII.4	7516	VP1	5085	6707	+	genbank
GII	OR084263	GII.4	7516	VP2	6707	7513	+	genbank
GII	OR084263	GII.4	7516	ORF1	5	5104	+	genbank
GII	OR084263	GII.4	7516	p48	5	1330	+	orf1_relative
GII	OR084263	GII.4	7516	NTPase	1331	2095	+	orf1_relative
GII	OR084263	GII.4	7516	p22	2096	2503	+	orf1_relative
GII	OR084263	GII.4	7516	VPg	2504	2911	+	orf1_relative
GII	OR084263	GII.4	7516	3CLpro	2912	3472	+	orf1_relative
GII	OR084263	GII.4	7516	RdRp	4323	5079	+	inferred_from_region_blast
GII	OR084264	GII.4	7517	VP1	5085	6707	+	genbank
GII	OR084264	GII.4	7517	VP2	6707	7513	+	genbank
GII	OR084264	GII.4	7517	ORF1	5	5104	+	genbank
GII	OR084264	GII.4	7517	p48	5	1330	+	orf1_relative
GII	OR084264	GII.4	7517	NTPase	1331	2095	+	orf1_relative
GII	OR084264	GII.4	7517	p22	2096	2503	+	orf1_relative
GII	OR084264	GII.4	7517	VPg	2504	2911	+	orf1_relative
GII	OR084264	GII.4	7517	3CLpro	2912	3472	+	orf1_relative
GII	OR084264	GII.4	7517	RdRp	4323	5079	+	inferred_from_region_blast
GII	OR086127	GII.4	6960	VP1	4532	6154	+	genbank
GII	OR086127	GII.4	6960	VP2	6154	6960	+	genbank
GII	OR086127	GII.4	6960	ORF1	1	4551	+	genbank
GII	OR086127	GII.4	6960	p48	1	1183	+	orf1_relative
GII	OR086127	GII.4	6960	NTPase	1184	1866	+	orf1_relative
GII	OR086127	GII.4	6960	p22	1867	2230	+	orf1_relative
GII	OR086127	GII.4	6960	VPg	2231	2594	+	orf1_relative
GII	OR086127	GII.4	6960	3CLpro	2595	3095	+	orf1_relative
GII	OR086127	GII.4	6960	RdRp	3770	4526	+	inferred_from_region_blast
GII	OR262325	GII.4	7567	VP1	5085	6710	+	genbank
GII	OR262325	GII.4	7567	VP2	6710	7516	+	genbank
GII	OR262325	GII.4	7567	ORF1	5	5104	+	genbank
GII	OR262325	GII.4	7567	p48	5	1330	+	orf1_relative
GII	OR262325	GII.4	7567	NTPase	1331	2095	+	orf1_relative
GII	OR262325	GII.4	7567	p22	2096	2503	+	orf1_relative
GII	OR262325	GII.4	7567	VPg	2504	2911	+	orf1_relative
GII	OR262325	GII.4	7567	3CLpro	2912	3472	+	orf1_relative
GII	OR262325	GII.4	7567	RdRp	4323	5079	+	inferred_from_region_blast
GII	OR262326	GII.4	7541	VP1	5064	6689	+	genbank
GII	OR262326	GII.4	7541	VP2	6689	7495	+	genbank
GII	OR262326	GII.4	7541	ORF1	1	5083	+	genbank
GII	OR262326	GII.4	7541	p48	1	1322	+	orf1_relative
GII	OR262326	GII.4	7541	NTPase	1323	2084	+	orf1_relative
GII	OR262326	GII.4	7541	p22	2085	2491	+	orf1_relative
GII	OR262326	GII.4	7541	VPg	2492	2897	+	orf1_relative
GII	OR262326	GII.4	7541	3CLpro	2898	3456	+	orf1_relative
GII	OR262326	GII.4	7541	RdRp	4302	5058	+	inferred_from_region_blast
GII	OR262327	GII.4	7546	VP1	5069	6694	+	genbank
GII	OR262327	GII.4	7546	VP2	6694	7500	+	genbank
GII	OR262327	GII.4	7546	ORF1	1	5088	+	genbank
GII	OR262327	GII.4	7546	p48	1	1323	+	orf1_relative
GII	OR262327	GII.4	7546	NTPase	1324	2086	+	orf1_relative
GII	OR262327	GII.4	7546	p22	2087	2493	+	orf1_relative
GII	OR262327	GII.4	7546	VPg	2494	2900	+	orf1_relative
GII	OR262327	GII.4	7546	3CLpro	2901	3460	+	orf1_relative
GII	OR262327	GII.4	7546	RdRp	4307	5063	+	inferred_from_region_blast
GII	OR262328	GII.4	7551	VP1	5074	6699	+	genbank
GII	OR262328	GII.4	7551	VP2	6699	7505	+	genbank
GII	OR262328	GII.4	7551	ORF1	1	5093	+	genbank
GII	OR262328	GII.4	7551	p48	1	1324	+	orf1_relative
GII	OR262328	GII.4	7551	NTPase	1325	2088	+	orf1_relative
GII	OR262328	GII.4	7551	p22	2089	2496	+	orf1_relative
GII	OR262328	GII.4	7551	VPg	2497	2903	+	orf1_relative
GII	OR262328	GII.4	7551	3CLpro	2904	3463	+	orf1_relative
GII	OR262328	GII.4	7551	RdRp	4314	5068	+	inferred_from_region_blast
GII	OR262329	GII.4	7500	VP1	5059	6684	+	genbank
GII	OR262329	GII.4	7500	VP2	6684	7490	+	genbank
GII	OR262329	GII.4	7500	ORF1	1	5078	+	genbank
GII	OR262329	GII.4	7500	p48	1	1320	+	orf1_relative
GII	OR262329	GII.4	7500	NTPase	1321	2082	+	orf1_relative
GII	OR262329	GII.4	7500	p22	2083	2488	+	orf1_relative
GII	OR262329	GII.4	7500	VPg	2489	2894	+	orf1_relative
GII	OR262329	GII.4	7500	3CLpro	2895	3453	+	orf1_relative
GII	OR262329	GII.4	7500	RdRp	4297	5053	+	inferred_from_region_blast
GII	OR700741	GII.4	7512	VP1	5081	6703	+	genbank
GII	OR700741	GII.4	7512	VP2	6703	7512	+	genbank
GII	OR700741	GII.4	7512	ORF1	1	5100	+	genbank
GII	OR700741	GII.4	7512	p48	1	1326	+	orf1_relative
GII	OR700741	GII.4	7512	NTPase	1327	2091	+	orf1_relative
GII	OR700741	GII.4	7512	p22	2092	2499	+	orf1_relative
GII	OR700741	GII.4	7512	VPg	2500	2907	+	orf1_relative
GII	OR700741	GII.4	7512	3CLpro	2908	3468	+	orf1_relative
GII	OR700741	GII.4	7512	RdRp	4319	5075	+	inferred_from_region_blast
GII	OR700742	GII.4	7509	VP1	5081	6703	+	genbank
GII	OR700742	GII.4	7509	VP2	6703	7509	+	genbank
GII	OR700742	GII.4	7509	ORF1	1	5100	+	genbank
GII	OR700742	GII.4	7509	p48	1	1326	+	orf1_relative
GII	OR700742	GII.4	7509	NTPase	1327	2091	+	orf1_relative
GII	OR700742	GII.4	7509	p22	2092	2499	+	orf1_relative
GII	OR700742	GII.4	7509	VPg	2500	2907	+	orf1_relative
GII	OR700742	GII.4	7509	3CLpro	2908	3468	+	orf1_relative
GII	OR700742	GII.4	7509	RdRp	4321	5075	+	inferred_from_region_blast
GII	OR700746	GII.4	7509	VP1	5081	6703	+	genbank
GII	OR700746	GII.4	7509	VP2	6703	7509	+	genbank
GII	OR700746	GII.4	7509	ORF1	1	5100	+	genbank
GII	OR700746	GII.4	7509	p48	1	1326	+	orf1_relative
GII	OR700746	GII.4	7509	NTPase	1327	2091	+	orf1_relative
GII	OR700746	GII.4	7509	p22	2092	2499	+	orf1_relative
GII	OR700746	GII.4	7509	VPg	2500	2907	+	orf1_relative
GII	OR700746	GII.4	7509	3CLpro	2908	3468	+	orf1_relative
GII	OR700746	GII.4	7509	RdRp	4319	5071	+	inferred_from_region_blast
GII	OR700747	GII.4	7350	VP1	4919	6541	+	genbank
GII	OR700747	GII.4	7350	VP2	6541	7350	+	genbank
GII	OR700747	GII.4	7350	ORF1	1	4938	+	genbank
GII	OR700747	GII.4	7350	p48	1	1284	+	orf1_relative
GII	OR700747	GII.4	7350	NTPase	1285	2025	+	orf1_relative
GII	OR700747	GII.4	7350	p22	2026	2420	+	orf1_relative
GII	OR700747	GII.4	7350	VPg	2421	2815	+	orf1_relative
GII	OR700747	GII.4	7350	3CLpro	2816	3358	+	orf1_relative
GII	OR700747	GII.4	7350	RdRp	4157	4913	+	inferred_from_region_blast
GII	OR844378	GII.4	7559	VP1	5085	6707	+	genbank
GII	OR844378	GII.4	7559	VP2	6707	7513	+	genbank
GII	OR844378	GII.4	7559	ORF1	5	5104	+	genbank
GII	OR844378	GII.4	7559	p48	5	1330	+	orf1_relative
GII	OR844378	GII.4	7559	NTPase	1331	2095	+	orf1_relative
GII	OR844378	GII.4	7559	p22	2096	2503	+	orf1_relative
GII	OR844378	GII.4	7559	VPg	2504	2911	+	orf1_relative
GII	OR844378	GII.4	7559	3CLpro	2912	3472	+	orf1_relative
GII	OR844378	GII.4	7559	RdRp	4323	5079	+	inferred_from_region_blast
GII	OR844379	GII.4	7553	VP1	5085	6707	+	genbank
GII	OR844379	GII.4	7553	VP2	6707	7507	+	genbank
GII	OR844379	GII.4	7553	ORF1	5	5104	+	genbank
GII	OR844379	GII.4	7553	p48	5	1330	+	orf1_relative
GII	OR844379	GII.4	7553	NTPase	1331	2095	+	orf1_relative
GII	OR844379	GII.4	7553	p22	2096	2503	+	orf1_relative
GII	OR844379	GII.4	7553	VPg	2504	2911	+	orf1_relative
GII	OR844379	GII.4	7553	3CLpro	2912	3472	+	orf1_relative
GII	OR844379	GII.4	7553	RdRp	4323	5079	+	inferred_from_region_blast
GII	OR844380	GII.4	7553	VP1	5085	6707	+	genbank
GII	OR844380	GII.4	7553	VP2	6707	7507	+	genbank
GII	OR844380	GII.4	7553	ORF1	5	5104	+	genbank
GII	OR844380	GII.4	7553	p48	5	1330	+	orf1_relative
GII	OR844380	GII.4	7553	NTPase	1331	2095	+	orf1_relative
GII	OR844380	GII.4	7553	p22	2096	2503	+	orf1_relative
GII	OR844380	GII.4	7553	VPg	2504	2911	+	orf1_relative
GII	OR844380	GII.4	7553	3CLpro	2912	3472	+	orf1_relative
GII	OR844380	GII.4	7553	RdRp	4323	5079	+	inferred_from_region_blast
GII	OR844381	GII.4	7553	VP1	5085	6707	+	genbank
GII	OR844381	GII.4	7553	VP2	6707	7507	+	genbank
GII	OR844381	GII.4	7553	ORF1	5	5104	+	genbank
GII	OR844381	GII.4	7553	p48	5	1330	+	orf1_relative
GII	OR844381	GII.4	7553	NTPase	1331	2095	+	orf1_relative
GII	OR844381	GII.4	7553	p22	2096	2503	+	orf1_relative
GII	OR844381	GII.4	7553	VPg	2504	2911	+	orf1_relative
GII	OR844381	GII.4	7553	3CLpro	2912	3472	+	orf1_relative
GII	OR844381	GII.4	7553	RdRp	4323	5079	+	inferred_from_region_blast
GII	OR844382	GII.4	7559	VP1	5085	6707	+	genbank
GII	OR844382	GII.4	7559	VP2	6707	7513	+	genbank
GII	OR844382	GII.4	7559	ORF1	5	5104	+	genbank
GII	OR844382	GII.4	7559	p48	5	1330	+	orf1_relative
GII	OR844382	GII.4	7559	NTPase	1331	2095	+	orf1_relative
GII	OR844382	GII.4	7559	p22	2096	2503	+	orf1_relative
GII	OR844382	GII.4	7559	VPg	2504	2911	+	orf1_relative
GII	OR844382	GII.4	7559	3CLpro	2912	3472	+	orf1_relative
GII	OR844382	GII.4	7559	RdRp	4323	5079	+	inferred_from_region_blast
GII	OR844383	GII.4	7559	VP1	5085	6707	+	genbank
GII	OR844383	GII.4	7559	VP2	6707	7513	+	genbank
GII	OR844383	GII.4	7559	ORF1	5	5104	+	genbank
GII	OR844383	GII.4	7559	p48	5	1330	+	orf1_relative
GII	OR844383	GII.4	7559	NTPase	1331	2095	+	orf1_relative
GII	OR844383	GII.4	7559	p22	2096	2503	+	orf1_relative
GII	OR844383	GII.4	7559	VPg	2504	2911	+	orf1_relative
GII	OR844383	GII.4	7559	3CLpro	2912	3472	+	orf1_relative
GII	OR844383	GII.4	7559	RdRp	4323	5079	+	inferred_from_region_blast
GII	PP267269	GII.4	7555	VP1	5076	6698	+	genbank
GII	PP267269	GII.4	7555	VP2	6698	7504	+	genbank
GII	PP267269	GII.4	7555	ORF1	1	5095	+	genbank
GII	PP267269	GII.4	7555	p48	1	1325	+	orf1_relative
GII	PP267269	GII.4	7555	NTPase	1326	2089	+	orf1_relative
GII	PP267269	GII.4	7555	p22	2090	2497	+	orf1_relative
GII	PP267269	GII.4	7555	VPg	2498	2904	+	orf1_relative
GII	PP267269	GII.4	7555	3CLpro	2905	3465	+	orf1_relative
GII	PP267269	GII.4	7555	RdRp	4314	5070	+	inferred_from_region_blast
GII	PP267272	GII.4	7531	VP1	5054	6676	+	genbank
GII	PP267272	GII.4	7531	VP2	6676	7482	+	genbank
GII	PP267272	GII.4	7531	ORF1	1	5073	+	genbank
GII	PP267272	GII.4	7531	p48	1	1319	+	orf1_relative
GII	PP267272	GII.4	7531	NTPase	1320	2080	+	orf1_relative
GII	PP267272	GII.4	7531	p22	2081	2486	+	orf1_relative
GII	PP267272	GII.4	7531	VPg	2487	2892	+	orf1_relative
GII	PP267272	GII.4	7531	3CLpro	2893	3450	+	orf1_relative
GII	PP267272	GII.4	7531	RdRp	4292	5048	+	inferred_from_region_blast
GII	PP267275	GII.4	7552	VP1	5064	6686	+	genbank
GII	PP267275	GII.4	7552	VP2	6686	7492	+	genbank
GII	PP267275	GII.4	7552	ORF1	1	5083	+	genbank
GII	PP267275	GII.4	7552	p48	1	1322	+	orf1_relative
GII	PP267275	GII.4	7552	NTPase	1323	2084	+	orf1_relative
GII	PP267275	GII.4	7552	p22	2085	2491	+	orf1_relative
GII	PP267275	GII.4	7552	VPg	2492	2897	+	orf1_relative
GII	PP267275	GII.4	7552	3CLpro	2898	3456	+	orf1_relative
GII	PP267275	GII.4	7552	RdRp	4302	5058	+	inferred_from_region_blast
GII	PP381831	GII.4	7549	VP1	5085	6707	+	genbank
GII	PP381831	GII.4	7549	VP2	6707	7513	+	genbank
GII	PP381831	GII.4	7549	ORF1	5	5104	+	genbank
GII	PP381831	GII.4	7549	p48	5	1330	+	orf1_relative
GII	PP381831	GII.4	7549	NTPase	1331	2095	+	orf1_relative
GII	PP381831	GII.4	7549	p22	2096	2503	+	orf1_relative
GII	PP381831	GII.4	7549	VPg	2504	2911	+	orf1_relative
GII	PP381831	GII.4	7549	3CLpro	2912	3472	+	orf1_relative
GII	PP381831	GII.4	7549	RdRp	4323	5079	+	inferred_from_region_blast
GII	PP498986	GII.4	7556	VP1	5085	6707	+	genbank
GII	PP498986	GII.4	7556	VP2	6707	7513	+	genbank
GII	PP498986	GII.4	7556	ORF1	5	5104	+	genbank
GII	PP498986	GII.4	7556	p48	5	1330	+	orf1_relative
GII	PP498986	GII.4	7556	NTPase	1331	2095	+	orf1_relative
GII	PP498986	GII.4	7556	p22	2096	2503	+	orf1_relative
GII	PP498986	GII.4	7556	VPg	2504	2911	+	orf1_relative
GII	PP498986	GII.4	7556	3CLpro	2912	3472	+	orf1_relative
GII	PP498986	GII.4	7556	RdRp	4323	5079	+	inferred_from_region_blast
GII	PP498987	GII.4	7556	VP1	5085	6707	+	genbank
GII	PP498987	GII.4	7556	VP2	6707	7513	+	genbank
GII	PP498987	GII.4	7556	ORF1	5	5104	+	genbank
GII	PP498987	GII.4	7556	p48	5	1330	+	orf1_relative
GII	PP498987	GII.4	7556	NTPase	1331	2095	+	orf1_relative
GII	PP498987	GII.4	7556	p22	2096	2503	+	orf1_relative
GII	PP498987	GII.4	7556	VPg	2504	2911	+	orf1_relative
GII	PP498987	GII.4	7556	3CLpro	2912	3472	+	orf1_relative
GII	PP498987	GII.4	7556	RdRp	4323	5079	+	inferred_from_region_blast
GII	PP498988	GII.4	7561	VP1	5087	6709	+	genbank
GII	PP498988	GII.4	7561	VP2	6709	7515	+	genbank
GII	PP498988	GII.4	7561	ORF1	7	5106	+	genbank
GII	PP498988	GII.4	7561	p48	7	1332	+	orf1_relative
GII	PP498988	GII.4	7561	NTPase	1333	2097	+	orf1_relative
GII	PP498988	GII.4	7561	p22	2098	2505	+	orf1_relative
GII	PP498988	GII.4	7561	VPg	2506	2913	+	orf1_relative
GII	PP498988	GII.4	7561	3CLpro	2914	3474	+	orf1_relative
GII	PP498988	GII.4	7561	RdRp	4325	5081	+	inferred_from_region_blast
GII	PP498989	GII.4	7552	VP1	5081	6703	+	genbank
GII	PP498989	GII.4	7552	VP2	6703	7509	+	genbank
GII	PP498989	GII.4	7552	ORF1	1	5100	+	genbank
GII	PP498989	GII.4	7552	p48	1	1326	+	orf1_relative
GII	PP498989	GII.4	7552	NTPase	1327	2091	+	orf1_relative
GII	PP498989	GII.4	7552	p22	2092	2499	+	orf1_relative
GII	PP498989	GII.4	7552	VPg	2500	2907	+	orf1_relative
GII	PP498989	GII.4	7552	3CLpro	2908	3468	+	orf1_relative
GII	PP498989	GII.4	7552	RdRp	4319	5075	+	inferred_from_region_blast
GII	PP549876	GII.4	7555	VP1	5085	6707	+	genbank
GII	PP549876	GII.4	7555	VP2	6707	7513	+	genbank
GII	PP549876	GII.4	7555	ORF1	5	5104	+	genbank
GII	PP549876	GII.4	7555	p48	5	1330	+	orf1_relative
GII	PP549876	GII.4	7555	NTPase	1331	2095	+	orf1_relative
GII	PP549876	GII.4	7555	p22	2096	2503	+	orf1_relative
GII	PP549876	GII.4	7555	VPg	2504	2911	+	orf1_relative
GII	PP549876	GII.4	7555	3CLpro	2912	3472	+	orf1_relative
GII	PP549876	GII.4	7555	RdRp	4323	5079	+	inferred_from_region_blast
GII	PP549877	GII.4	7552	VP1	5085	6707	+	genbank
GII	PP549877	GII.4	7552	VP2	6707	7510	+	genbank
GII	PP549877	GII.4	7552	ORF1	5	5104	+	genbank
GII	PP549877	GII.4	7552	p48	5	1330	+	orf1_relative
GII	PP549877	GII.4	7552	NTPase	1331	2095	+	orf1_relative
GII	PP549877	GII.4	7552	p22	2096	2503	+	orf1_relative
GII	PP549877	GII.4	7552	VPg	2504	2911	+	orf1_relative
GII	PP549877	GII.4	7552	3CLpro	2912	3472	+	orf1_relative
GII	PP549877	GII.4	7552	RdRp	4323	5079	+	inferred_from_region_blast
GII	PP549878	GII.4	7562	VP1	5085	6707	+	genbank
GII	PP549878	GII.4	7562	VP2	6707	7510	+	genbank
GII	PP549878	GII.4	7562	ORF1	5	5104	+	genbank
GII	PP549878	GII.4	7562	p48	5	1330	+	orf1_relative
GII	PP549878	GII.4	7562	NTPase	1331	2095	+	orf1_relative
GII	PP549878	GII.4	7562	p22	2096	2503	+	orf1_relative
GII	PP549878	GII.4	7562	VPg	2504	2911	+	orf1_relative
GII	PP549878	GII.4	7562	3CLpro	2912	3472	+	orf1_relative
GII	PP549878	GII.4	7562	RdRp	4323	5079	+	inferred_from_region_blast
GII	PP549879	GII.4	7566	VP1	5085	6707	+	genbank
GII	PP549879	GII.4	7566	VP2	6707	7513	+	genbank
GII	PP549879	GII.4	7566	ORF1	5	5104	+	genbank
GII	PP549879	GII.4	7566	p48	5	1330	+	orf1_relative
GII	PP549879	GII.4	7566	NTPase	1331	2095	+	orf1_relative
GII	PP549879	GII.4	7566	p22	2096	2503	+	orf1_relative
GII	PP549879	GII.4	7566	VPg	2504	2911	+	orf1_relative
GII	PP549879	GII.4	7566	3CLpro	2912	3472	+	orf1_relative
GII	PP549879	GII.4	7566	RdRp	4323	5079	+	inferred_from_region_blast
GII	PP549880	GII.4	7564	VP1	5085	6707	+	genbank
GII	PP549880	GII.4	7564	VP2	6707	7513	+	genbank
GII	PP549880	GII.4	7564	ORF1	5	5104	+	genbank
GII	PP549880	GII.4	7564	p48	5	1330	+	orf1_relative
GII	PP549880	GII.4	7564	NTPase	1331	2095	+	orf1_relative
GII	PP549880	GII.4	7564	p22	2096	2503	+	orf1_relative
GII	PP549880	GII.4	7564	VPg	2504	2911	+	orf1_relative
GII	PP549880	GII.4	7564	3CLpro	2912	3472	+	orf1_relative
GII	PP549880	GII.4	7564	RdRp	4323	5079	+	inferred_from_region_blast
GII	PP549881	GII.4	7572	VP1	5085	6707	+	genbank
GII	PP549881	GII.4	7572	VP2	6707	7513	+	genbank
GII	PP549881	GII.4	7572	ORF1	5	5104	+	genbank
GII	PP549881	GII.4	7572	p48	5	1330	+	orf1_relative
GII	PP549881	GII.4	7572	NTPase	1331	2095	+	orf1_relative
GII	PP549881	GII.4	7572	p22	2096	2503	+	orf1_relative
GII	PP549881	GII.4	7572	VPg	2504	2911	+	orf1_relative
GII	PP549881	GII.4	7572	3CLpro	2912	3472	+	orf1_relative
GII	PP549881	GII.4	7572	RdRp	4323	5079	+	inferred_from_region_blast
GII	PP549882	GII.4	7564	VP1	5085	6707	+	genbank
GII	PP549882	GII.4	7564	VP2	6707	7513	+	genbank
GII	PP549882	GII.4	7564	ORF1	5	5104	+	genbank
GII	PP549882	GII.4	7564	p48	5	1330	+	orf1_relative
GII	PP549882	GII.4	7564	NTPase	1331	2095	+	orf1_relative
GII	PP549882	GII.4	7564	p22	2096	2503	+	orf1_relative
GII	PP549882	GII.4	7564	VPg	2504	2911	+	orf1_relative
GII	PP549882	GII.4	7564	3CLpro	2912	3472	+	orf1_relative
GII	PP549882	GII.4	7564	RdRp	4323	5079	+	inferred_from_region_blast
GII	PP549883	GII.4	7564	VP1	5085	6707	+	genbank
GII	PP549883	GII.4	7564	VP2	6707	7513	+	genbank
GII	PP549883	GII.4	7564	ORF1	5	5104	+	genbank
GII	PP549883	GII.4	7564	p48	5	1330	+	orf1_relative
GII	PP549883	GII.4	7564	NTPase	1331	2095	+	orf1_relative
GII	PP549883	GII.4	7564	p22	2096	2503	+	orf1_relative
GII	PP549883	GII.4	7564	VPg	2504	2911	+	orf1_relative
GII	PP549883	GII.4	7564	3CLpro	2912	3472	+	orf1_relative
GII	PP549883	GII.4	7564	RdRp	4323	5079	+	inferred_from_region_blast
GII	PP549884	GII.4	7569	VP1	5085	6707	+	genbank
GII	PP549884	GII.4	7569	VP2	6707	7513	+	genbank
GII	PP549884	GII.4	7569	ORF1	5	5104	+	genbank
GII	PP549884	GII.4	7569	p48	5	1330	+	orf1_relative
GII	PP549884	GII.4	7569	NTPase	1331	2095	+	orf1_relative
GII	PP549884	GII.4	7569	p22	2096	2503	+	orf1_relative
GII	PP549884	GII.4	7569	VPg	2504	2911	+	orf1_relative
GII	PP549884	GII.4	7569	3CLpro	2912	3472	+	orf1_relative
GII	PP549884	GII.4	7569	RdRp	4323	5079	+	inferred_from_region_blast
GII	PP549885	GII.4	7562	VP1	5085	6707	+	genbank
GII	PP549885	GII.4	7562	VP2	6707	7513	+	genbank
GII	PP549885	GII.4	7562	ORF1	5	5104	+	genbank
GII	PP549885	GII.4	7562	p48	5	1330	+	orf1_relative
GII	PP549885	GII.4	7562	NTPase	1331	2095	+	orf1_relative
GII	PP549885	GII.4	7562	p22	2096	2503	+	orf1_relative
GII	PP549885	GII.4	7562	VPg	2504	2911	+	orf1_relative
GII	PP549885	GII.4	7562	3CLpro	2912	3472	+	orf1_relative
GII	PP549885	GII.4	7562	RdRp	4323	5079	+	inferred_from_region_blast
GII	PP564826	GII.4	7549	VP1	5085	6707	+	genbank
GII	PP564826	GII.4	7549	VP2	6707	7513	+	genbank
GII	PP564826	GII.4	7549	ORF1	5	5104	+	genbank
GII	PP564826	GII.4	7549	p48	5	1330	+	orf1_relative
GII	PP564826	GII.4	7549	NTPase	1331	2095	+	orf1_relative
GII	PP564826	GII.4	7549	p22	2096	2503	+	orf1_relative
GII	PP564826	GII.4	7549	VPg	2504	2911	+	orf1_relative
GII	PP564826	GII.4	7549	3CLpro	2912	3472	+	orf1_relative
GII	PP564826	GII.4	7549	RdRp	4323	5079	+	inferred_from_region_blast
GII	PP564827	GII.4	7513	VP1	5085	6707	+	genbank
GII	PP564827	GII.4	7513	VP2	6707	7513	+	genbank
GII	PP564827	GII.4	7513	ORF1	5	5104	+	genbank
GII	PP564827	GII.4	7513	p48	5	1330	+	orf1_relative
GII	PP564827	GII.4	7513	NTPase	1331	2095	+	orf1_relative
GII	PP564827	GII.4	7513	p22	2096	2503	+	orf1_relative
GII	PP564827	GII.4	7513	VPg	2504	2911	+	orf1_relative
GII	PP564827	GII.4	7513	3CLpro	2912	3472	+	orf1_relative
GII	PP564827	GII.4	7513	RdRp	4323	5079	+	inferred_from_region_blast
GII	PP564828	GII.4	7549	VP1	5085	6707	+	genbank
GII	PP564828	GII.4	7549	VP2	6707	7513	+	genbank
GII	PP564828	GII.4	7549	ORF1	5	5104	+	genbank
GII	PP564828	GII.4	7549	p48	5	1330	+	orf1_relative
GII	PP564828	GII.4	7549	NTPase	1331	2095	+	orf1_relative
GII	PP564828	GII.4	7549	p22	2096	2503	+	orf1_relative
GII	PP564828	GII.4	7549	VPg	2504	2911	+	orf1_relative
GII	PP564828	GII.4	7549	3CLpro	2912	3472	+	orf1_relative
GII	PP564828	GII.4	7549	RdRp	4323	5079	+	inferred_from_region_blast
GII	PP564829	GII.4	7547	VP1	5085	6707	+	genbank
GII	PP564829	GII.4	7547	VP2	6707	7513	+	genbank
GII	PP564829	GII.4	7547	ORF1	5	5104	+	genbank
GII	PP564829	GII.4	7547	p48	5	1330	+	orf1_relative
GII	PP564829	GII.4	7547	NTPase	1331	2095	+	orf1_relative
GII	PP564829	GII.4	7547	p22	2096	2503	+	orf1_relative
GII	PP564829	GII.4	7547	VPg	2504	2911	+	orf1_relative
GII	PP564829	GII.4	7547	3CLpro	2912	3472	+	orf1_relative
GII	PP564829	GII.4	7547	RdRp	4323	5079	+	inferred_from_region_blast
GII	PP564830	GII.4	7549	VP1	5085	6707	+	genbank
GII	PP564830	GII.4	7549	VP2	6707	7513	+	genbank
GII	PP564830	GII.4	7549	ORF1	5	5104	+	genbank
GII	PP564830	GII.4	7549	p48	5	1330	+	orf1_relative
GII	PP564830	GII.4	7549	NTPase	1331	2095	+	orf1_relative
GII	PP564830	GII.4	7549	p22	2096	2503	+	orf1_relative
GII	PP564830	GII.4	7549	VPg	2504	2911	+	orf1_relative
GII	PP564830	GII.4	7549	3CLpro	2912	3472	+	orf1_relative
GII	PP564830	GII.4	7549	RdRp	4323	5079	+	inferred_from_region_blast
GII	PP564831	GII.4	7549	VP1	5085	6707	+	genbank
GII	PP564831	GII.4	7549	VP2	6707	7513	+	genbank
GII	PP564831	GII.4	7549	ORF1	5	5104	+	genbank
GII	PP564831	GII.4	7549	p48	5	1330	+	orf1_relative
GII	PP564831	GII.4	7549	NTPase	1331	2095	+	orf1_relative
GII	PP564831	GII.4	7549	p22	2096	2503	+	orf1_relative
GII	PP564831	GII.4	7549	VPg	2504	2911	+	orf1_relative
GII	PP564831	GII.4	7549	3CLpro	2912	3472	+	orf1_relative
GII	PP564831	GII.4	7549	RdRp	4323	5079	+	inferred_from_region_blast
GII	PP564832	GII.4	7549	VP1	5085	6707	+	genbank
GII	PP564832	GII.4	7549	VP2	6707	7513	+	genbank
GII	PP564832	GII.4	7549	ORF1	5	5104	+	genbank
GII	PP564832	GII.4	7549	p48	5	1330	+	orf1_relative
GII	PP564832	GII.4	7549	NTPase	1331	2095	+	orf1_relative
GII	PP564832	GII.4	7549	p22	2096	2503	+	orf1_relative
GII	PP564832	GII.4	7549	VPg	2504	2911	+	orf1_relative
GII	PP564832	GII.4	7549	3CLpro	2912	3472	+	orf1_relative
GII	PP564832	GII.4	7549	RdRp	4323	5079	+	inferred_from_region_blast
GII	PP564833	GII.4	7549	VP1	5085	6707	+	genbank
GII	PP564833	GII.4	7549	VP2	6707	7513	+	genbank
GII	PP564833	GII.4	7549	ORF1	5	5104	+	genbank
GII	PP564833	GII.4	7549	p48	5	1330	+	orf1_relative
GII	PP564833	GII.4	7549	NTPase	1331	2095	+	orf1_relative
GII	PP564833	GII.4	7549	p22	2096	2503	+	orf1_relative
GII	PP564833	GII.4	7549	VPg	2504	2911	+	orf1_relative
GII	PP564833	GII.4	7549	3CLpro	2912	3472	+	orf1_relative
GII	PP564833	GII.4	7549	RdRp	4323	5079	+	inferred_from_region_blast
GII	PP564834	GII.4	7549	VP1	5085	6707	+	genbank
GII	PP564834	GII.4	7549	VP2	6707	7513	+	genbank
GII	PP564834	GII.4	7549	ORF1	5	5104	+	genbank
GII	PP564834	GII.4	7549	p48	5	1330	+	orf1_relative
GII	PP564834	GII.4	7549	NTPase	1331	2095	+	orf1_relative
GII	PP564834	GII.4	7549	p22	2096	2503	+	orf1_relative
GII	PP564834	GII.4	7549	VPg	2504	2911	+	orf1_relative
GII	PP564834	GII.4	7549	3CLpro	2912	3472	+	orf1_relative
GII	PP564834	GII.4	7549	RdRp	4323	5079	+	inferred_from_region_blast
GII	PP658551	GII.4	7539	VP1	5085	6710	+	genbank
GII	PP658551	GII.4	7539	VP2	6710	7516	+	genbank
GII	PP658551	GII.4	7539	ORF1	5	5104	+	genbank
GII	PP658551	GII.4	7539	p48	5	1330	+	orf1_relative
GII	PP658551	GII.4	7539	NTPase	1331	2095	+	orf1_relative
GII	PP658551	GII.4	7539	p22	2096	2503	+	orf1_relative
GII	PP658551	GII.4	7539	VPg	2504	2911	+	orf1_relative
GII	PP658551	GII.4	7539	3CLpro	2912	3472	+	orf1_relative
GII	PP658551	GII.4	7539	RdRp	4323	5079	+	inferred_from_region_blast
GII	PP658552	GII.4	7562	VP1	5085	6710	+	genbank
GII	PP658552	GII.4	7562	VP2	6710	7516	+	genbank
GII	PP658552	GII.4	7562	ORF1	5	5104	+	genbank
GII	PP658552	GII.4	7562	p48	5	1330	+	orf1_relative
GII	PP658552	GII.4	7562	NTPase	1331	2095	+	orf1_relative
GII	PP658552	GII.4	7562	p22	2096	2503	+	orf1_relative
GII	PP658552	GII.4	7562	VPg	2504	2911	+	orf1_relative
GII	PP658552	GII.4	7562	3CLpro	2912	3472	+	orf1_relative
GII	PP658552	GII.4	7562	RdRp	4323	5079	+	inferred_from_region_blast
GII	PP658557	GII.4	7514	VP1	5084	6706	+	genbank
GII	PP658557	GII.4	7514	VP2	6706	7512	+	genbank
GII	PP658557	GII.4	7514	ORF1	4	5103	+	genbank
GII	PP658557	GII.4	7514	p48	4	1329	+	orf1_relative
GII	PP658557	GII.4	7514	NTPase	1330	2094	+	orf1_relative
GII	PP658557	GII.4	7514	p22	2095	2502	+	orf1_relative
GII	PP658557	GII.4	7514	VPg	2503	2910	+	orf1_relative
GII	PP658557	GII.4	7514	3CLpro	2911	3471	+	orf1_relative
GII	PP658557	GII.4	7514	RdRp	4322	5078	+	inferred_from_region_blast
GII	PP658558	GII.4	7527	VP1	5084	6706	+	genbank
GII	PP658558	GII.4	7527	VP2	6706	7512	+	genbank
GII	PP658558	GII.4	7527	ORF1	4	5103	+	genbank
GII	PP658558	GII.4	7527	p48	4	1329	+	orf1_relative
GII	PP658558	GII.4	7527	NTPase	1330	2094	+	orf1_relative
GII	PP658558	GII.4	7527	p22	2095	2502	+	orf1_relative
GII	PP658558	GII.4	7527	VPg	2503	2910	+	orf1_relative
GII	PP658558	GII.4	7527	3CLpro	2911	3471	+	orf1_relative
GII	PP658558	GII.4	7527	RdRp	4322	5078	+	inferred_from_region_blast
GII	PP658559	GII.4	7526	VP1	5084	6706	+	genbank
GII	PP658559	GII.4	7526	VP2	6706	7512	+	genbank
GII	PP658559	GII.4	7526	ORF1	4	5103	+	genbank
GII	PP658559	GII.4	7526	p48	4	1329	+	orf1_relative
GII	PP658559	GII.4	7526	NTPase	1330	2094	+	orf1_relative
GII	PP658559	GII.4	7526	p22	2095	2502	+	orf1_relative
GII	PP658559	GII.4	7526	VPg	2503	2910	+	orf1_relative
GII	PP658559	GII.4	7526	3CLpro	2911	3471	+	orf1_relative
GII	PP658559	GII.4	7526	RdRp	4322	5078	+	inferred_from_region_blast
GII	PP658561	GII.4	7566	VP1	5084	6706	+	genbank
GII	PP658561	GII.4	7566	VP2	6706	7512	+	genbank
GII	PP658561	GII.4	7566	ORF1	4	5103	+	genbank
GII	PP658561	GII.4	7566	p48	4	1329	+	orf1_relative
GII	PP658561	GII.4	7566	NTPase	1330	2094	+	orf1_relative
GII	PP658561	GII.4	7566	p22	2095	2502	+	orf1_relative
GII	PP658561	GII.4	7566	VPg	2503	2910	+	orf1_relative
GII	PP658561	GII.4	7566	3CLpro	2911	3471	+	orf1_relative
GII	PP658561	GII.4	7566	RdRp	4322	5078	+	inferred_from_region_blast
GII	PP661667	GII.4	7571	VP1	5085	6707	+	genbank
GII	PP661667	GII.4	7571	VP2	6707	7513	+	genbank
GII	PP661667	GII.4	7571	ORF1	5	5104	+	genbank
GII	PP661667	GII.4	7571	p48	5	1330	+	orf1_relative
GII	PP661667	GII.4	7571	NTPase	1331	2095	+	orf1_relative
GII	PP661667	GII.4	7571	p22	2096	2503	+	orf1_relative
GII	PP661667	GII.4	7571	VPg	2504	2911	+	orf1_relative
GII	PP661667	GII.4	7571	3CLpro	2912	3472	+	orf1_relative
GII	PP661667	GII.4	7571	RdRp	4323	5079	+	inferred_from_region_blast
GII	PQ507169	GII.4	7507	VP1	5073	6695	+	genbank
GII	PQ507169	GII.4	7507	VP2	6695	7501	+	genbank
GII	PQ507169	GII.4	7507	ORF1	1	5092	+	genbank
GII	PQ507169	GII.4	7507	p48	1	1324	+	orf1_relative
GII	PQ507169	GII.4	7507	NTPase	1325	2088	+	orf1_relative
GII	PQ507169	GII.4	7507	p22	2089	2495	+	orf1_relative
GII	PQ507169	GII.4	7507	VPg	2496	2902	+	orf1_relative
GII	PQ507169	GII.4	7507	3CLpro	2903	3463	+	orf1_relative
GII	PQ507169	GII.4	7507	RdRp	4311	5067	+	inferred_from_region_blast
GII	PQ507170	GII.4	7487	VP1	5058	6680	+	genbank
GII	PQ507170	GII.4	7487	VP2	6680	7486	+	genbank
GII	PQ507170	GII.4	7487	ORF1	1	5077	+	genbank
GII	PQ507170	GII.4	7487	p48	1	1320	+	orf1_relative
GII	PQ507170	GII.4	7487	NTPase	1321	2082	+	orf1_relative
GII	PQ507170	GII.4	7487	p22	2083	2488	+	orf1_relative
GII	PQ507170	GII.4	7487	VPg	2489	2894	+	orf1_relative
GII	PQ507170	GII.4	7487	3CLpro	2895	3452	+	orf1_relative
GII	PQ507170	GII.4	7487	RdRp	4296	5052	+	inferred_from_region_blast
GII	PQ507171	GII.4	7512	VP1	5085	6707	+	genbank
GII	PQ507171	GII.4	7512	VP2	6707	7512	+	genbank
GII	PQ507171	GII.4	7512	ORF1	5	5104	+	genbank
GII	PQ507171	GII.4	7512	p48	5	1330	+	orf1_relative
GII	PQ507171	GII.4	7512	NTPase	1331	2095	+	orf1_relative
GII	PQ507171	GII.4	7512	p22	2096	2503	+	orf1_relative
GII	PQ507171	GII.4	7512	VPg	2504	2911	+	orf1_relative
GII	PQ507171	GII.4	7512	3CLpro	2912	3472	+	orf1_relative
GII	PQ507171	GII.4	7512	RdRp	4323	5079	+	inferred_from_region_blast
GII	PQ507172	GII.4	7512	VP1	5085	6707	+	genbank
GII	PQ507172	GII.4	7512	VP2	6707	7512	+	genbank
GII	PQ507172	GII.4	7512	ORF1	5	5104	+	genbank
GII	PQ507172	GII.4	7512	p48	5	1330	+	orf1_relative
GII	PQ507172	GII.4	7512	NTPase	1331	2095	+	orf1_relative
GII	PQ507172	GII.4	7512	p22	2096	2503	+	orf1_relative
GII	PQ507172	GII.4	7512	VPg	2504	2911	+	orf1_relative
GII	PQ507172	GII.4	7512	3CLpro	2912	3472	+	orf1_relative
GII	PQ507172	GII.4	7512	RdRp	4323	5079	+	inferred_from_region_blast
GII	PQ507174	GII.4	7518	VP1	5085	6707	+	genbank
GII	PQ507174	GII.4	7518	VP2	6707	7513	+	genbank
GII	PQ507174	GII.4	7518	ORF1	5	5104	+	genbank
GII	PQ507174	GII.4	7518	p48	5	1330	+	orf1_relative
GII	PQ507174	GII.4	7518	NTPase	1331	2095	+	orf1_relative
GII	PQ507174	GII.4	7518	p22	2096	2503	+	orf1_relative
GII	PQ507174	GII.4	7518	VPg	2504	2911	+	orf1_relative
GII	PQ507174	GII.4	7518	3CLpro	2912	3472	+	orf1_relative
GII	PQ507174	GII.4	7518	RdRp	4323	5078	+	inferred_from_region_blast
GII	PQ507175	GII.4	7493	VP1	5066	6688	+	genbank
GII	PQ507175	GII.4	7493	VP2	6688	7493	+	genbank
GII	PQ507175	GII.4	7493	ORF1	1	5085	+	genbank
GII	PQ507175	GII.4	7493	p48	1	1322	+	orf1_relative
GII	PQ507175	GII.4	7493	NTPase	1323	2085	+	orf1_relative
GII	PQ507175	GII.4	7493	p22	2086	2492	+	orf1_relative
GII	PQ507175	GII.4	7493	VPg	2493	2898	+	orf1_relative
GII	PQ507175	GII.4	7493	3CLpro	2899	3458	+	orf1_relative
GII	PQ507175	GII.4	7493	RdRp	4304	5060	+	inferred_from_region_blast
GII	PQ507176	GII.4	7499	VP1	5066	6688	+	genbank
GII	PQ507176	GII.4	7499	VP2	6688	7494	+	genbank
GII	PQ507176	GII.4	7499	ORF1	1	5085	+	genbank
GII	PQ507176	GII.4	7499	p48	1	1322	+	orf1_relative
GII	PQ507176	GII.4	7499	NTPase	1323	2085	+	orf1_relative
GII	PQ507176	GII.4	7499	p22	2086	2492	+	orf1_relative
GII	PQ507176	GII.4	7499	VPg	2493	2898	+	orf1_relative
GII	PQ507176	GII.4	7499	3CLpro	2899	3458	+	orf1_relative
GII	PQ507176	GII.4	7499	RdRp	4304	5060	+	inferred_from_region_blast
GII	PQ507177	GII.4	7480	VP1	5057	6679	+	genbank
GII	PQ507177	GII.4	7480	VP2	6679	7480	+	genbank
GII	PQ507177	GII.4	7480	ORF1	1	5076	+	genbank
GII	PQ507177	GII.4	7480	p48	1	1320	+	orf1_relative
GII	PQ507177	GII.4	7480	NTPase	1321	2081	+	orf1_relative
GII	PQ507177	GII.4	7480	p22	2082	2487	+	orf1_relative
GII	PQ507177	GII.4	7480	VPg	2488	2893	+	orf1_relative
GII	PQ507177	GII.4	7480	3CLpro	2894	3452	+	orf1_relative
GII	PQ507177	GII.4	7480	RdRp	4295	5051	+	inferred_from_region_blast
GII	PQ507178	GII.4	7514	VP1	5085	6707	+	genbank
GII	PQ507178	GII.4	7514	VP2	6707	7513	+	genbank
GII	PQ507178	GII.4	7514	ORF1	5	5104	+	genbank
GII	PQ507178	GII.4	7514	p48	5	1330	+	orf1_relative
GII	PQ507178	GII.4	7514	NTPase	1331	2095	+	orf1_relative
GII	PQ507178	GII.4	7514	p22	2096	2503	+	orf1_relative
GII	PQ507178	GII.4	7514	VPg	2504	2911	+	orf1_relative
GII	PQ507178	GII.4	7514	3CLpro	2912	3472	+	orf1_relative
GII	PQ507178	GII.4	7514	RdRp	4323	5079	+	inferred_from_region_blast
GII	PQ507179	GII.4	7517	VP1	5085	6707	+	genbank
GII	PQ507179	GII.4	7517	VP2	6707	7513	+	genbank
GII	PQ507179	GII.4	7517	ORF1	5	5104	+	genbank
GII	PQ507179	GII.4	7517	p48	5	1330	+	orf1_relative
GII	PQ507179	GII.4	7517	NTPase	1331	2095	+	orf1_relative
GII	PQ507179	GII.4	7517	p22	2096	2503	+	orf1_relative
GII	PQ507179	GII.4	7517	VPg	2504	2911	+	orf1_relative
GII	PQ507179	GII.4	7517	3CLpro	2912	3472	+	orf1_relative
GII	PQ507179	GII.4	7517	RdRp	4323	5079	+	inferred_from_region_blast
GII	PQ507181	GII.4	7509	VP1	5082	6704	+	genbank
GII	PQ507181	GII.4	7509	VP2	6704	7509	+	genbank
GII	PQ507181	GII.4	7509	ORF1	2	5101	+	genbank
GII	PQ507181	GII.4	7509	p48	2	1327	+	orf1_relative
GII	PQ507181	GII.4	7509	NTPase	1328	2092	+	orf1_relative
GII	PQ507181	GII.4	7509	p22	2093	2500	+	orf1_relative
GII	PQ507181	GII.4	7509	VPg	2501	2908	+	orf1_relative
GII	PQ507181	GII.4	7509	3CLpro	2909	3469	+	orf1_relative
GII	PQ507181	GII.4	7509	RdRp	4320	5076	+	inferred_from_region_blast
GII	PQ507182	GII.4	7501	VP1	5074	6696	+	genbank
GII	PQ507182	GII.4	7501	VP2	6696	7501	+	genbank
GII	PQ507182	GII.4	7501	ORF1	1	5093	+	genbank
GII	PQ507182	GII.4	7501	p48	1	1324	+	orf1_relative
GII	PQ507182	GII.4	7501	NTPase	1325	2088	+	orf1_relative
GII	PQ507182	GII.4	7501	p22	2089	2496	+	orf1_relative
GII	PQ507182	GII.4	7501	VPg	2497	2903	+	orf1_relative
GII	PQ507182	GII.4	7501	3CLpro	2904	3463	+	orf1_relative
GII	PQ507182	GII.4	7501	RdRp	4312	5068	+	inferred_from_region_blast
GII	PQ507183	GII.4	7516	VP1	5077	6699	+	genbank
GII	PQ507183	GII.4	7516	VP2	6699	7505	+	genbank
GII	PQ507183	GII.4	7516	ORF1	1	5096	+	genbank
GII	PQ507183	GII.4	7516	p48	1	1325	+	orf1_relative
GII	PQ507183	GII.4	7516	NTPase	1326	2089	+	orf1_relative
GII	PQ507183	GII.4	7516	p22	2090	2497	+	orf1_relative
GII	PQ507183	GII.4	7516	VPg	2498	2905	+	orf1_relative
GII	PQ507183	GII.4	7516	3CLpro	2906	3465	+	orf1_relative
GII	PQ507183	GII.4	7516	RdRp	4315	5071	+	inferred_from_region_blast
GII	PQ507185	GII.4	7512	VP1	5085	6707	+	genbank
GII	PQ507185	GII.4	7512	VP2	6707	7512	+	genbank
GII	PQ507185	GII.4	7512	ORF1	5	5104	+	genbank
GII	PQ507185	GII.4	7512	p48	5	1330	+	orf1_relative
GII	PQ507185	GII.4	7512	NTPase	1331	2095	+	orf1_relative
GII	PQ507185	GII.4	7512	p22	2096	2503	+	orf1_relative
GII	PQ507185	GII.4	7512	VPg	2504	2911	+	orf1_relative
GII	PQ507185	GII.4	7512	3CLpro	2912	3472	+	orf1_relative
GII	PQ507185	GII.4	7512	RdRp	4323	5078	+	inferred_from_region_blast
GII	MW009068	GII.5	7553	VP1	5120	6742	+	genbank
GII	MW009068	GII.5	7553	VP2	6742	7518	+	genbank
GII	MW009068	GII.5	7553	ORF1	4	5139	+	genbank
GII	MW009068	GII.5	7553	p48	4	1338	+	orf1_relative
GII	MW009068	GII.5	7553	NTPase	1339	2109	+	orf1_relative
GII	MW009068	GII.5	7553	p22	2110	2520	+	orf1_relative
GII	MW009068	GII.5	7553	VPg	2521	2931	+	orf1_relative
GII	MW009068	GII.5	7553	3CLpro	2932	3495	+	orf1_relative
GII	MW009068	GII.5	7553	RdRp	4358	5114	+	inferred_from_region_blast
GII	MW009069	GII.5	7526	VP1	5109	6731	+	genbank
GII	MW009069	GII.5	7526	VP2	6731	7507	+	genbank
GII	MW009069	GII.5	7526	ORF1	1	5128	+	genbank
GII	MW009069	GII.5	7526	p48	1	1333	+	orf1_relative
GII	MW009069	GII.5	7526	NTPase	1334	2102	+	orf1_relative
GII	MW009069	GII.5	7526	p22	2103	2513	+	orf1_relative
GII	MW009069	GII.5	7526	VPg	2514	2923	+	orf1_relative
GII	MW009069	GII.5	7526	3CLpro	2924	3487	+	orf1_relative
GII	MW009069	GII.5	7526	RdRp	4347	5103	+	inferred_from_region_blast
GII	MW009072	GII.5	7553	VP1	5120	6742	+	genbank
GII	MW009072	GII.5	7553	VP2	6742	7518	+	genbank
GII	MW009072	GII.5	7553	ORF1	4	5139	+	genbank
GII	MW009072	GII.5	7553	p48	4	1338	+	orf1_relative
GII	MW009072	GII.5	7553	NTPase	1339	2109	+	orf1_relative
GII	MW009072	GII.5	7553	p22	2110	2520	+	orf1_relative
GII	MW009072	GII.5	7553	VPg	2521	2931	+	orf1_relative
GII	MW009072	GII.5	7553	3CLpro	2932	3495	+	orf1_relative
GII	MW009072	GII.5	7553	RdRp	4358	5114	+	inferred_from_region_blast
GII	LC771967	GII.6	7550	VP1	5079	6722	+	genbank
GII	LC771967	GII.6	7550	VP2	6722	7498	+	genbank
GII	LC771967	GII.6	7550	ORF1	5	5098	+	genbank
GII	LC771967	GII.6	7550	p48	5	1328	+	orf1_relative
GII	LC771967	GII.6	7550	NTPase	1329	2093	+	orf1_relative
GII	LC771967	GII.6	7550	p22	2094	2500	+	orf1_relative
GII	LC771967	GII.6	7550	VPg	2501	2908	+	orf1_relative
GII	LC771967	GII.6	7550	3CLpro	2909	3468	+	orf1_relative
GII	LC771967	GII.6	7550	RdRp	4317	5073	+	inferred_from_region_blast
GII	LC790056	GII.6	7511	VP1	5062	6705	+	genbank
GII	LC790056	GII.6	7511	VP2	6705	7481	+	genbank
GII	LC790056	GII.6	7511	ORF1	1	5081	+	genbank
GII	LC790056	GII.6	7511	p48	1	1321	+	orf1_relative
GII	LC790056	GII.6	7511	NTPase	1322	2083	+	orf1_relative
GII	LC790056	GII.6	7511	p22	2084	2490	+	orf1_relative
GII	LC790056	GII.6	7511	VPg	2491	2896	+	orf1_relative
GII	LC790056	GII.6	7511	3CLpro	2897	3455	+	orf1_relative
GII	LC790056	GII.6	7511	RdRp	4300	5056	+	inferred_from_region_blast
GII	MG674720	GII.6	7578	VP1	5079	6722	+	genbank
GII	MG674720	GII.6	7578	VP2	6722	7495	+	genbank
GII	MG674720	GII.6	7578	ORF1	5	5098	+	genbank
GII	MG674720	GII.6	7578	p48	5	1328	+	orf1_relative
GII	MG674720	GII.6	7578	NTPase	1329	2093	+	orf1_relative
GII	MG674720	GII.6	7578	p22	2094	2500	+	orf1_relative
GII	MG674720	GII.6	7578	VPg	2501	2908	+	orf1_relative
GII	MG674720	GII.6	7578	3CLpro	2909	3468	+	orf1_relative
GII	MG674720	GII.6	7578	RdRp	4317	5073	+	inferred_from_region_blast
GII	MH260487	GII.6	7354	VP1	5013	6656	+	genbank
GII	MH260487	GII.6	7354	VP2	6656	7354	+	genbank
GII	MH260487	GII.6	7354	ORF1	1	5032	+	genbank
GII	MH260487	GII.6	7354	p48	1	1308	+	orf1_relative
GII	MH260487	GII.6	7354	NTPase	1309	2063	+	orf1_relative
GII	MH260487	GII.6	7354	p22	2064	2466	+	orf1_relative
GII	MH260487	GII.6	7354	VPg	2467	2868	+	orf1_relative
GII	MH260487	GII.6	7354	3CLpro	2869	3422	+	orf1_relative
GII	MH260487	GII.6	7354	RdRp	4251	5007	+	inferred_from_region_blast
GII	MH279824	GII.6	7365	VP1	5013	6656	+	genbank
GII	MH279824	GII.6	7365	VP2	6656	7365	+	genbank
GII	MH279824	GII.6	7365	ORF1	1	5032	+	genbank
GII	MH279824	GII.6	7365	p48	1	1308	+	orf1_relative
GII	MH279824	GII.6	7365	NTPase	1309	2063	+	orf1_relative
GII	MH279824	GII.6	7365	p22	2064	2466	+	orf1_relative
GII	MH279824	GII.6	7365	VPg	2467	2868	+	orf1_relative
GII	MH279824	GII.6	7365	3CLpro	2869	3422	+	orf1_relative
GII	MH279824	GII.6	7365	RdRp	4251	5007	+	inferred_from_region_blast
GII	MH702284	GII.6	7440	VP1	5066	6709	+	genbank
GII	MH702284	GII.6	7440	VP2	6709	7440	+	genbank
GII	MH702284	GII.6	7440	ORF1	1	5085	+	genbank
GII	MH702284	GII.6	7440	p48	1	1322	+	orf1_relative
GII	MH702284	GII.6	7440	NTPase	1323	2085	+	orf1_relative
GII	MH702284	GII.6	7440	p22	2086	2492	+	orf1_relative
GII	MH702284	GII.6	7440	VPg	2493	2898	+	orf1_relative
GII	MH702284	GII.6	7440	3CLpro	2899	3458	+	orf1_relative
GII	MH702284	GII.6	7440	RdRp	4304	5060	+	inferred_from_region_blast
GII	MH702286	GII.6	7425	VP1	5079	6722	+	genbank
GII	MH702286	GII.6	7425	VP2	6722	7425	+	genbank
GII	MH702286	GII.6	7425	ORF1	5	5098	+	genbank
GII	MH702286	GII.6	7425	p48	5	1328	+	orf1_relative
GII	MH702286	GII.6	7425	NTPase	1329	2093	+	orf1_relative
GII	MH702286	GII.6	7425	p22	2094	2500	+	orf1_relative
GII	MH702286	GII.6	7425	VPg	2501	2908	+	orf1_relative
GII	MH702286	GII.6	7425	3CLpro	2909	3468	+	orf1_relative
GII	MH702286	GII.6	7425	RdRp	4317	5073	+	inferred_from_region_blast
GII	MK301293	GII.6	7534	VP1	5069	6712	+	genbank
GII	MK301293	GII.6	7534	VP2	6712	7491	+	genbank
GII	MK301293	GII.6	7534	ORF1	1	5088	+	genbank
GII	MK301293	GII.6	7534	p48	1	1323	+	orf1_relative
GII	MK301293	GII.6	7534	NTPase	1324	2086	+	orf1_relative
GII	MK301293	GII.6	7534	p22	2087	2493	+	orf1_relative
GII	MK301293	GII.6	7534	VPg	2494	2900	+	orf1_relative
GII	MK301293	GII.6	7534	3CLpro	2901	3460	+	orf1_relative
GII	MK301293	GII.6	7534	RdRp	4307	5063	+	inferred_from_region_blast
GII	MT731279	GII.6	7561	VP1	5079	6722	+	genbank
GII	MT731279	GII.6	7561	VP2	6722	7501	+	genbank
GII	MT731279	GII.6	7561	ORF1	5	5098	+	genbank
GII	MT731279	GII.6	7561	p48	5	1328	+	orf1_relative
GII	MT731279	GII.6	7561	NTPase	1329	2093	+	orf1_relative
GII	MT731279	GII.6	7561	p22	2094	2500	+	orf1_relative
GII	MT731279	GII.6	7561	VPg	2501	2908	+	orf1_relative
GII	MT731279	GII.6	7561	3CLpro	2909	3468	+	orf1_relative
GII	MT731279	GII.6	7561	RdRp	4317	5073	+	inferred_from_region_blast
GII	MW305735	GII.6	7515	VP1	5044	6687	+	genbank
GII	MW305735	GII.6	7515	VP2	6687	7463	+	genbank
GII	MW305735	GII.6	7515	ORF1	1	5063	+	genbank
GII	MW305735	GII.6	7515	p48	1	1316	+	orf1_relative
GII	MW305735	GII.6	7515	NTPase	1317	2076	+	orf1_relative
GII	MW305735	GII.6	7515	p22	2077	2481	+	orf1_relative
GII	MW305735	GII.6	7515	VPg	2482	2886	+	orf1_relative
GII	MW305735	GII.6	7515	3CLpro	2887	3443	+	orf1_relative
GII	MW305735	GII.6	7515	RdRp	4282	5038	+	inferred_from_region_blast
GII	MW661274	GII.6	7550	VP1	5079	6722	+	genbank
GII	MW661274	GII.6	7550	VP2	6722	7501	+	genbank
GII	MW661274	GII.6	7550	ORF1	5	5098	+	genbank
GII	MW661274	GII.6	7550	p48	5	1328	+	orf1_relative
GII	MW661274	GII.6	7550	NTPase	1329	2093	+	orf1_relative
GII	MW661274	GII.6	7550	p22	2094	2500	+	orf1_relative
GII	MW661274	GII.6	7550	VPg	2501	2908	+	orf1_relative
GII	MW661274	GII.6	7550	3CLpro	2909	3468	+	orf1_relative
GII	MW661274	GII.6	7550	RdRp	4317	5073	+	inferred_from_region_blast
GII	MW661275	GII.6	7584	VP1	5079	6722	+	genbank
GII	MW661275	GII.6	7584	VP2	6722	7501	+	genbank
GII	MW661275	GII.6	7584	ORF1	5	5098	+	genbank
GII	MW661275	GII.6	7584	p48	5	1328	+	orf1_relative
GII	MW661275	GII.6	7584	NTPase	1329	2093	+	orf1_relative
GII	MW661275	GII.6	7584	p22	2094	2500	+	orf1_relative
GII	MW661275	GII.6	7584	VPg	2501	2908	+	orf1_relative
GII	MW661275	GII.6	7584	3CLpro	2909	3468	+	orf1_relative
GII	MW661275	GII.6	7584	RdRp	4317	5073	+	inferred_from_region_blast
GII	OP690425	GII.6	7560	VP1	5079	6728	+	genbank
GII	OP690425	GII.6	7560	VP2	6728	7507	+	genbank
GII	OP690425	GII.6	7560	ORF1	5	5098	+	genbank
GII	OP690425	GII.6	7560	p48	5	1328	+	orf1_relative
GII	OP690425	GII.6	7560	NTPase	1329	2093	+	orf1_relative
GII	OP690425	GII.6	7560	p22	2094	2500	+	orf1_relative
GII	OP690425	GII.6	7560	VPg	2501	2908	+	orf1_relative
GII	OP690425	GII.6	7560	3CLpro	2909	3468	+	orf1_relative
GII	OP690425	GII.6	7560	RdRp	4317	5073	+	inferred_from_region_blast
GII	OP690426	GII.6	7560	VP1	5079	6728	+	genbank
GII	OP690426	GII.6	7560	VP2	6728	7507	+	genbank
GII	OP690426	GII.6	7560	ORF1	5	5098	+	genbank
GII	OP690426	GII.6	7560	p48	5	1328	+	orf1_relative
GII	OP690426	GII.6	7560	NTPase	1329	2093	+	orf1_relative
GII	OP690426	GII.6	7560	p22	2094	2500	+	orf1_relative
GII	OP690426	GII.6	7560	VPg	2501	2908	+	orf1_relative
GII	OP690426	GII.6	7560	3CLpro	2909	3468	+	orf1_relative
GII	OP690426	GII.6	7560	RdRp	4317	5073	+	inferred_from_region_blast
GII	OP712196	GII.6	7587	VP1	5079	6722	+	genbank
GII	OP712196	GII.6	7587	VP2	6722	7498	+	genbank
GII	OP712196	GII.6	7587	ORF1	5	5098	+	genbank
GII	OP712196	GII.6	7587	p48	5	1328	+	orf1_relative
GII	OP712196	GII.6	7587	NTPase	1329	2093	+	orf1_relative
GII	OP712196	GII.6	7587	p22	2094	2500	+	orf1_relative
GII	OP712196	GII.6	7587	VPg	2501	2908	+	orf1_relative
GII	OP712196	GII.6	7587	3CLpro	2909	3468	+	orf1_relative
GII	OP712196	GII.6	7587	RdRp	4317	5073	+	inferred_from_region_blast
GII	OP901692	GII.6	7587	VP1	5079	6722	+	genbank
GII	OP901692	GII.6	7587	VP2	6722	7498	+	genbank
GII	OP901692	GII.6	7587	ORF1	5	5098	+	genbank
GII	OP901692	GII.6	7587	p48	5	1328	+	orf1_relative
GII	OP901692	GII.6	7587	NTPase	1329	2093	+	orf1_relative
GII	OP901692	GII.6	7587	p22	2094	2500	+	orf1_relative
GII	OP901692	GII.6	7587	VPg	2501	2908	+	orf1_relative
GII	OP901692	GII.6	7587	3CLpro	2909	3468	+	orf1_relative
GII	OP901692	GII.6	7587	RdRp	4317	5073	+	inferred_from_region_blast
GII	OQ702253	GII.6	7507	VP1	5057	6706	+	genbank
GII	OQ702253	GII.6	7507	VP2	6706	7485	+	genbank
GII	OQ702253	GII.6	7507	ORF1	1	5076	+	genbank
GII	OQ702253	GII.6	7507	p48	1	1320	+	orf1_relative
GII	OQ702253	GII.6	7507	NTPase	1321	2081	+	orf1_relative
GII	OQ702253	GII.6	7507	p22	2082	2487	+	orf1_relative
GII	OQ702253	GII.6	7507	VPg	2488	2893	+	orf1_relative
GII	OQ702253	GII.6	7507	3CLpro	2894	3452	+	orf1_relative
GII	OQ702253	GII.6	7507	RdRp	4295	5051	+	inferred_from_region_blast
GII	OQ702254	GII.6	7516	VP1	5066	6715	+	genbank
GII	OQ702254	GII.6	7516	VP2	6715	7494	+	genbank
GII	OQ702254	GII.6	7516	ORF1	1	5085	+	genbank
GII	OQ702254	GII.6	7516	p48	1	1322	+	orf1_relative
GII	OQ702254	GII.6	7516	NTPase	1323	2085	+	orf1_relative
GII	OQ702254	GII.6	7516	p22	2086	2492	+	orf1_relative
GII	OQ702254	GII.6	7516	VPg	2493	2898	+	orf1_relative
GII	OQ702254	GII.6	7516	3CLpro	2899	3458	+	orf1_relative
GII	OQ702254	GII.6	7516	RdRp	4304	5060	+	inferred_from_region_blast
GII	PP267271	GII.6	7523	VP1	5073	6725	+	genbank
GII	PP267271	GII.6	7523	VP2	6725	7504	+	genbank
GII	PP267271	GII.6	7523	ORF1	1	5092	+	genbank
GII	PP267271	GII.6	7523	p48	1	1324	+	orf1_relative
GII	PP267271	GII.6	7523	NTPase	1325	2088	+	orf1_relative
GII	PP267271	GII.6	7523	p22	2089	2495	+	orf1_relative
GII	PP267271	GII.6	7523	VPg	2496	2902	+	orf1_relative
GII	PP267271	GII.6	7523	3CLpro	2903	3463	+	orf1_relative
GII	PP267271	GII.6	7523	RdRp	4311	5067	+	inferred_from_region_blast
GII	PP267273	GII.6	7508	VP1	5071	6714	+	genbank
GII	PP267273	GII.6	7508	VP2	6714	7490	+	genbank
GII	PP267273	GII.6	7508	ORF1	1	5090	+	genbank
GII	PP267273	GII.6	7508	p48	1	1323	+	orf1_relative
GII	PP267273	GII.6	7508	NTPase	1324	2087	+	orf1_relative
GII	PP267273	GII.6	7508	p22	2088	2494	+	orf1_relative
GII	PP267273	GII.6	7508	VPg	2495	2901	+	orf1_relative
GII	PP267273	GII.6	7508	3CLpro	2902	3461	+	orf1_relative
GII	PP267273	GII.6	7508	RdRp	4309	5065	+	inferred_from_region_blast
GII	PP267274	GII.6	7517	VP1	5065	6717	+	genbank
GII	PP267274	GII.6	7517	VP2	6717	7496	+	genbank
GII	PP267274	GII.6	7517	ORF1	1	5084	+	genbank
GII	PP267274	GII.6	7517	p48	1	1322	+	orf1_relative
GII	PP267274	GII.6	7517	NTPase	1323	2084	+	orf1_relative
GII	PP267274	GII.6	7517	p22	2085	2491	+	orf1_relative
GII	PP267274	GII.6	7517	VPg	2492	2898	+	orf1_relative
GII	PP267274	GII.6	7517	3CLpro	2899	3457	+	orf1_relative
GII	PP267274	GII.6	7517	RdRp	4303	5059	+	inferred_from_region_blast
GII	PP661666	GII.6	7510	VP1	5069	6709	+	genbank
GII	PP661666	GII.6	7510	VP2	6709	7488	+	genbank
GII	PP661666	GII.6	7510	ORF1	1	5088	+	genbank
GII	PP661666	GII.6	7510	p48	1	1323	+	orf1_relative
GII	PP661666	GII.6	7510	NTPase	1324	2086	+	orf1_relative
GII	PP661666	GII.6	7510	p22	2087	2493	+	orf1_relative
GII	PP661666	GII.6	7510	VPg	2494	2900	+	orf1_relative
GII	PP661666	GII.6	7510	3CLpro	2901	3460	+	orf1_relative
GII	PP661666	GII.6	7510	RdRp	4307	5063	+	inferred_from_region_blast
GII	MT731332	GII.7	7553	VP1	5079	6701	+	genbank
GII	MT731332	GII.7	7553	VP2	6701	7474	+	genbank
GII	MT731332	GII.7	7553	ORF1	5	5098	+	genbank
GII	MT731332	GII.7	7553	p48	5	1328	+	orf1_relative
GII	MT731332	GII.7	7553	NTPase	1329	2093	+	orf1_relative
GII	MT731332	GII.7	7553	p22	2094	2500	+	orf1_relative
GII	MT731332	GII.7	7553	VPg	2501	2908	+	orf1_relative
GII	MT731332	GII.7	7553	3CLpro	2909	3468	+	orf1_relative
GII	MT731332	GII.7	7553	RdRp	4317	5073	+	inferred_from_region_blast
GII	MW305573	GII.7	7485	VP1	5041	6663	+	genbank
GII	MW305573	GII.7	7485	VP2	6663	7436	+	genbank
GII	MW305573	GII.7	7485	ORF1	1	5060	+	genbank
GII	MW305573	GII.7	7485	p48	1	1316	+	orf1_relative
GII	MW305573	GII.7	7485	NTPase	1317	2075	+	orf1_relative
GII	MW305573	GII.7	7485	p22	2076	2479	+	orf1_relative
GII	MW305573	GII.7	7485	VPg	2480	2884	+	orf1_relative
GII	MW305573	GII.7	7485	3CLpro	2885	3441	+	orf1_relative
GII	MW305573	GII.7	7485	RdRp	4279	5035	+	inferred_from_region_blast
GII	MW305718	GII.7	7460	VP1	5008	6630	+	genbank
GII	MW305718	GII.7	7460	VP2	6630	7403	+	genbank
GII	MW305718	GII.7	7460	ORF1	1	5027	+	genbank
GII	MW305718	GII.7	7460	p48	1	1307	+	orf1_relative
GII	MW305718	GII.7	7460	NTPase	1308	2061	+	orf1_relative
GII	MW305718	GII.7	7460	p22	2062	2463	+	orf1_relative
GII	MW305718	GII.7	7460	VPg	2464	2865	+	orf1_relative
GII	MW305718	GII.7	7460	3CLpro	2866	3418	+	orf1_relative
GII	MW305718	GII.7	7460	RdRp	4246	5002	+	inferred_from_region_blast
GII	PQ100946	GII.7	7547	VP1	5079	6701	+	genbank
GII	PQ100946	GII.7	7547	VP2	6701	7474	+	genbank
GII	PQ100946	GII.7	7547	ORF1	5	5098	+	genbank
GII	PQ100946	GII.7	7547	p48	5	1328	+	orf1_relative
GII	PQ100946	GII.7	7547	NTPase	1329	2093	+	orf1_relative
GII	PQ100946	GII.7	7547	p22	2094	2500	+	orf1_relative
GII	PQ100946	GII.7	7547	VPg	2501	2908	+	orf1_relative
GII	PQ100946	GII.7	7547	3CLpro	2909	3468	+	orf1_relative
GII	PQ100946	GII.7	7547	RdRp	4319	5073	+	inferred_from_region_blast
GII	PQ100947	GII.7	7547	VP1	5079	6701	+	genbank
GII	PQ100947	GII.7	7547	VP2	6701	7474	+	genbank
GII	PQ100947	GII.7	7547	ORF1	5	5098	+	genbank
GII	PQ100947	GII.7	7547	p48	5	1328	+	orf1_relative
GII	PQ100947	GII.7	7547	NTPase	1329	2093	+	orf1_relative
GII	PQ100947	GII.7	7547	p22	2094	2500	+	orf1_relative
GII	PQ100947	GII.7	7547	VPg	2501	2908	+	orf1_relative
GII	PQ100947	GII.7	7547	3CLpro	2909	3468	+	orf1_relative
GII	PQ100947	GII.7	7547	RdRp	4319	5073	+	inferred_from_region_blast
GII	PQ100948	GII.7	7547	VP1	5079	6701	+	genbank
GII	PQ100948	GII.7	7547	VP2	6701	7474	+	genbank
GII	PQ100948	GII.7	7547	ORF1	5	5098	+	genbank
GII	PQ100948	GII.7	7547	p48	5	1328	+	orf1_relative
GII	PQ100948	GII.7	7547	NTPase	1329	2093	+	orf1_relative
GII	PQ100948	GII.7	7547	p22	2094	2500	+	orf1_relative
GII	PQ100948	GII.7	7547	VPg	2501	2908	+	orf1_relative
GII	PQ100948	GII.7	7547	3CLpro	2909	3468	+	orf1_relative
GII	PQ100948	GII.7	7547	RdRp	4319	5073	+	inferred_from_region_blast
GII	PQ100949	GII.7	7547	VP1	5079	6701	+	genbank
GII	PQ100949	GII.7	7547	VP2	6701	7474	+	genbank
GII	PQ100949	GII.7	7547	ORF1	5	5098	+	genbank
GII	PQ100949	GII.7	7547	p48	5	1328	+	orf1_relative
GII	PQ100949	GII.7	7547	NTPase	1329	2093	+	orf1_relative
GII	PQ100949	GII.7	7547	p22	2094	2500	+	orf1_relative
GII	PQ100949	GII.7	7547	VPg	2501	2908	+	orf1_relative
GII	PQ100949	GII.7	7547	3CLpro	2909	3468	+	orf1_relative
GII	PQ100949	GII.7	7547	RdRp	4319	5073	+	inferred_from_region_blast
GII	PQ507173	GII.7	7478	VP1	5079	6701	+	genbank
GII	PQ507173	GII.7	7478	VP2	6701	7474	+	genbank
GII	PQ507173	GII.7	7478	ORF1	5	5098	+	genbank
GII	PQ507173	GII.7	7478	p48	5	1328	+	orf1_relative
GII	PQ507173	GII.7	7478	NTPase	1329	2093	+	orf1_relative
GII	PQ507173	GII.7	7478	p22	2094	2500	+	orf1_relative
GII	PQ507173	GII.7	7478	VPg	2501	2908	+	orf1_relative
GII	PQ507173	GII.7	7478	3CLpro	2909	3468	+	orf1_relative
GII	PQ507173	GII.7	7478	RdRp	4319	5073	+	inferred_from_region_blast
GII	PQ507186	GII.7	7458	VP1	5077	6699	+	genbank
GII	PQ507186	GII.7	7458	VP2	6699	7458	+	genbank
GII	PQ507186	GII.7	7458	ORF1	3	5096	+	genbank
GII	PQ507186	GII.7	7458	p48	3	1326	+	orf1_relative
GII	PQ507186	GII.7	7458	NTPase	1327	2091	+	orf1_relative
GII	PQ507186	GII.7	7458	p22	2092	2498	+	orf1_relative
GII	PQ507186	GII.7	7458	VPg	2499	2906	+	orf1_relative
GII	PQ507186	GII.7	7458	3CLpro	2907	3466	+	orf1_relative
GII	PQ507186	GII.7	7458	RdRp	4317	5071	+	inferred_from_region_blast
GII	MK213549	GII.8	7475	VP1	5085	6698	+	genbank
GII	MK213549	GII.8	7475	VP2	6698	7471	+	genbank
GII	MK213549	GII.8	7475	RdRp	4323	5079	+	inferred_from_region_blast
GII	MN996298	GII.8	7064	VP1	4673	6286	+	genbank
GII	MN996298	GII.8	7064	VP2	6286	7059	+	genbank
GII	MN996298	GII.8	7064	ORF1	1	4692	+	genbank
GII	MN996298	GII.8	7064	p48	1	1220	+	orf1_relative
GII	MN996298	GII.8	7064	NTPase	1221	1924	+	orf1_relative
GII	MN996298	GII.8	7064	p22	1925	2299	+	orf1_relative
GII	MN996298	GII.8	7064	VPg	2300	2674	+	orf1_relative
GII	MN996298	GII.8	7064	3CLpro	2675	3191	+	orf1_relative
GII	MN996298	GII.8	7064	RdRp	3911	4667	+	inferred_from_region_blast
GII	MW661257	GII.8	7558	VP1	5084	6697	+	genbank
GII	MW661257	GII.8	7558	VP2	6697	7470	+	genbank
GII	MW661257	GII.8	7558	ORF1	4	5103	+	genbank
GII	MW661257	GII.8	7558	p48	4	1329	+	orf1_relative
GII	MW661257	GII.8	7558	NTPase	1330	2094	+	orf1_relative
GII	MW661257	GII.8	7558	p22	2095	2502	+	orf1_relative
GII	MW661257	GII.8	7558	VPg	2503	2910	+	orf1_relative
GII	MW661257	GII.8	7558	3CLpro	2911	3471	+	orf1_relative
GII	MW661257	GII.8	7558	RdRp	4322	5078	+	inferred_from_region_blast
GII	MZ292794	GII.8	7494	VP1	5082	6695	+	genbank
GII	MZ292794	GII.8	7494	VP2	6695	7468	+	genbank
GII	MZ292794	GII.8	7494	ORF1	5	5101	+	genbank
GII	MZ292794	GII.8	7494	p48	5	1329	+	orf1_relative
GII	MZ292794	GII.8	7494	NTPase	1330	2094	+	orf1_relative
GII	MZ292794	GII.8	7494	p22	2095	2502	+	orf1_relative
GII	MZ292794	GII.8	7494	VPg	2503	2909	+	orf1_relative
GII	MZ292794	GII.8	7494	3CLpro	2910	3470	+	orf1_relative
GII	MZ292794	GII.8	7494	RdRp	4320	5076	+	inferred_from_region_blast
GII	OP686904	GII.8	7533	VP1	5085	6698	+	genbank
GII	OP686904	GII.8	7533	VP2	6698	7471	+	genbank
GII	OP686904	GII.8	7533	ORF1	5	5104	+	genbank
GII	OP686904	GII.8	7533	p48	5	1330	+	orf1_relative
GII	OP686904	GII.8	7533	NTPase	1331	2095	+	orf1_relative
GII	OP686904	GII.8	7533	p22	2096	2503	+	orf1_relative
GII	OP686904	GII.8	7533	VPg	2504	2911	+	orf1_relative
GII	OP686904	GII.8	7533	3CLpro	2912	3472	+	orf1_relative
GII	OP686904	GII.8	7533	RdRp	4323	5079	+	inferred_from_region_blast
GII	OR546391	GII.8	7486	VP1	5081	6694	+	genbank
GII	OR546391	GII.8	7486	VP2	6694	7467	+	genbank
GII	OR546391	GII.8	7486	ORF1	1	5100	+	genbank
GII	OR546391	GII.8	7486	p48	1	1326	+	orf1_relative
GII	OR546391	GII.8	7486	NTPase	1327	2091	+	orf1_relative
GII	OR546391	GII.8	7486	p22	2092	2499	+	orf1_relative
GII	OR546391	GII.8	7486	VPg	2500	2907	+	orf1_relative
GII	OR546391	GII.8	7486	3CLpro	2908	3468	+	orf1_relative
GII	OR546391	GII.8	7486	RdRp	4319	5075	+	inferred_from_region_blast
GII	OR546392	GII.8	7486	VP1	5081	6694	+	genbank
GII	OR546392	GII.8	7486	VP2	6694	7467	+	genbank
GII	OR546392	GII.8	7486	ORF1	1	5100	+	genbank
GII	OR546392	GII.8	7486	p48	1	1326	+	orf1_relative
GII	OR546392	GII.8	7486	NTPase	1327	2091	+	orf1_relative
GII	OR546392	GII.8	7486	p22	2092	2499	+	orf1_relative
GII	OR546392	GII.8	7486	VPg	2500	2907	+	orf1_relative
GII	OR546392	GII.8	7486	3CLpro	2908	3468	+	orf1_relative
GII	OR546392	GII.8	7486	RdRp	4319	5075	+	inferred_from_region_blast
GII	OR546393	GII.8	7486	VP1	5081	6694	+	genbank
GII	OR546393	GII.8	7486	VP2	6694	7467	+	genbank
GII	OR546393	GII.8	7486	ORF1	1	5100	+	genbank
GII	OR546393	GII.8	7486	p48	1	1326	+	orf1_relative
GII	OR546393	GII.8	7486	NTPase	1327	2091	+	orf1_relative
GII	OR546393	GII.8	7486	p22	2092	2499	+	orf1_relative
GII	OR546393	GII.8	7486	VPg	2500	2907	+	orf1_relative
GII	OR546393	GII.8	7486	3CLpro	2908	3468	+	orf1_relative
GII	OR546393	GII.8	7486	RdRp	4319	5075	+	inferred_from_region_blast
GII	OR546394	GII.8	7486	VP1	5081	6694	+	genbank
GII	OR546394	GII.8	7486	VP2	6694	7467	+	genbank
GII	OR546394	GII.8	7486	ORF1	1	5100	+	genbank
GII	OR546394	GII.8	7486	p48	1	1326	+	orf1_relative
GII	OR546394	GII.8	7486	NTPase	1327	2091	+	orf1_relative
GII	OR546394	GII.8	7486	p22	2092	2499	+	orf1_relative
GII	OR546394	GII.8	7486	VPg	2500	2907	+	orf1_relative
GII	OR546394	GII.8	7486	3CLpro	2908	3468	+	orf1_relative
GII	OR546394	GII.8	7486	RdRp	4319	5075	+	inferred_from_region_blast
GII	OR546395	GII.8	7486	VP1	5081	6694	+	genbank
GII	OR546395	GII.8	7486	VP2	6694	7467	+	genbank
GII	OR546395	GII.8	7486	ORF1	1	5100	+	genbank
GII	OR546395	GII.8	7486	p48	1	1326	+	orf1_relative
GII	OR546395	GII.8	7486	NTPase	1327	2091	+	orf1_relative
GII	OR546395	GII.8	7486	p22	2092	2499	+	orf1_relative
GII	OR546395	GII.8	7486	VPg	2500	2907	+	orf1_relative
GII	OR546395	GII.8	7486	3CLpro	2908	3468	+	orf1_relative
GII	OR546395	GII.8	7486	RdRp	4319	5075	+	inferred_from_region_blast
GII	OR546396	GII.8	7486	VP1	5081	6694	+	genbank
GII	OR546396	GII.8	7486	VP2	6694	7467	+	genbank
GII	OR546396	GII.8	7486	ORF1	1	5100	+	genbank
GII	OR546396	GII.8	7486	p48	1	1326	+	orf1_relative
GII	OR546396	GII.8	7486	NTPase	1327	2091	+	orf1_relative
GII	OR546396	GII.8	7486	p22	2092	2499	+	orf1_relative
GII	OR546396	GII.8	7486	VPg	2500	2907	+	orf1_relative
GII	OR546396	GII.8	7486	3CLpro	2908	3468	+	orf1_relative
GII	OR546396	GII.8	7486	RdRp	4319	5075	+	inferred_from_region_blast
GII	OR546397	GII.8	7486	VP1	5081	6694	+	genbank
GII	OR546397	GII.8	7486	VP2	6694	7467	+	genbank
GII	OR546397	GII.8	7486	ORF1	1	5100	+	genbank
GII	OR546397	GII.8	7486	p48	1	1326	+	orf1_relative
GII	OR546397	GII.8	7486	NTPase	1327	2091	+	orf1_relative
GII	OR546397	GII.8	7486	p22	2092	2499	+	orf1_relative
GII	OR546397	GII.8	7486	VPg	2500	2907	+	orf1_relative
GII	OR546397	GII.8	7486	3CLpro	2908	3468	+	orf1_relative
GII	OR546397	GII.8	7486	RdRp	4319	5075	+	inferred_from_region_blast
GII	OR546398	GII.8	7486	VP1	5081	6694	+	genbank
GII	OR546398	GII.8	7486	VP2	6694	7467	+	genbank
GII	OR546398	GII.8	7486	ORF1	1	5100	+	genbank
GII	OR546398	GII.8	7486	p48	1	1326	+	orf1_relative
GII	OR546398	GII.8	7486	NTPase	1327	2091	+	orf1_relative
GII	OR546398	GII.8	7486	p22	2092	2499	+	orf1_relative
GII	OR546398	GII.8	7486	VPg	2500	2907	+	orf1_relative
GII	OR546398	GII.8	7486	3CLpro	2908	3468	+	orf1_relative
GII	OR546398	GII.8	7486	RdRp	4319	5075	+	inferred_from_region_blast
GII	OR546399	GII.8	7486	VP1	5081	6694	+	genbank
GII	OR546399	GII.8	7486	VP2	6694	7467	+	genbank
GII	OR546399	GII.8	7486	ORF1	1	5100	+	genbank
GII	OR546399	GII.8	7486	p48	1	1326	+	orf1_relative
GII	OR546399	GII.8	7486	NTPase	1327	2091	+	orf1_relative
GII	OR546399	GII.8	7486	p22	2092	2499	+	orf1_relative
GII	OR546399	GII.8	7486	VPg	2500	2907	+	orf1_relative
GII	OR546399	GII.8	7486	3CLpro	2908	3468	+	orf1_relative
GII	OR546399	GII.8	7486	RdRp	4319	5075	+	inferred_from_region_blast
GII	OR546400	GII.8	7486	VP1	5081	6694	+	genbank
GII	OR546400	GII.8	7486	VP2	6694	7467	+	genbank
GII	OR546400	GII.8	7486	ORF1	1	5100	+	genbank
GII	OR546400	GII.8	7486	p48	1	1326	+	orf1_relative
GII	OR546400	GII.8	7486	NTPase	1327	2091	+	orf1_relative
GII	OR546400	GII.8	7486	p22	2092	2499	+	orf1_relative
GII	OR546400	GII.8	7486	VPg	2500	2907	+	orf1_relative
GII	OR546400	GII.8	7486	3CLpro	2908	3468	+	orf1_relative
GII	OR546400	GII.8	7486	RdRp	4319	5075	+	inferred_from_region_blast
GII	PP645198	GII.8	7315	VP1	4910	6523	+	genbank
GII	PP645198	GII.8	7315	VP2	6523	7296	+	genbank
GII	PP645198	GII.8	7315	ORF1	1	4929	+	genbank
GII	PP645198	GII.8	7315	p48	1	1282	+	orf1_relative
GII	PP645198	GII.8	7315	NTPase	1283	2021	+	orf1_relative
GII	PP645198	GII.8	7315	p22	2022	2415	+	orf1_relative
GII	PP645198	GII.8	7315	VPg	2416	2810	+	orf1_relative
GII	PP645198	GII.8	7315	3CLpro	2811	3352	+	orf1_relative
GII	PP645198	GII.8	7315	RdRp	4148	4904	+	inferred_from_region_blast
GII	PP645199	GII.8	7490	VP1	5085	6698	+	genbank
GII	PP645199	GII.8	7490	VP2	6698	7471	+	genbank
GII	PP645199	GII.8	7490	ORF1	5	5104	+	genbank
GII	PP645199	GII.8	7490	p48	5	1330	+	orf1_relative
GII	PP645199	GII.8	7490	NTPase	1331	2095	+	orf1_relative
GII	PP645199	GII.8	7490	p22	2096	2503	+	orf1_relative
GII	PP645199	GII.8	7490	VPg	2504	2911	+	orf1_relative
GII	PP645199	GII.8	7490	3CLpro	2912	3472	+	orf1_relative
GII	PP645199	GII.8	7490	RdRp	4323	5079	+	inferred_from_region_blast
GII	AB126320	GII.11	7537	VP1	5072	6695	+	inferred_from_region_blast
GII	AB126320	GII.11	7537	ORF1	6	5087	+	genbank
GII	AB126320	GII.11	7537	p48	6	1326	+	orf1_relative
GII	AB126320	GII.11	7537	NTPase	1327	2089	+	orf1_relative
GII	AB126320	GII.11	7537	p22	2090	2495	+	orf1_relative
GII	AB126320	GII.11	7537	VPg	2496	2902	+	orf1_relative
GII	AB126320	GII.11	7537	3CLpro	2903	3461	+	orf1_relative
GII	AB126320	GII.11	7537	RdRp	4309	5065	+	inferred_from_region_blast
GII	AY772730	GII.16	7579	VP1	5085	6701	+	genbank
GII	AY772730	GII.16	7579	VP2	6701	7498	+	genbank
GII	AY772730	GII.16	7579	ORF1	5	5098	+	genbank
GII	AY772730	GII.16	7579	p48	5	1328	+	orf1_relative
GII	AY772730	GII.16	7579	NTPase	1329	2093	+	orf1_relative
GII	AY772730	GII.16	7579	p22	2094	2500	+	orf1_relative
GII	AY772730	GII.16	7579	VPg	2501	2908	+	orf1_relative
GII	AY772730	GII.16	7579	3CLpro	2909	3468	+	orf1_relative
GII	AY772730	GII.16	7579	RdRp	4317	5073	+	inferred_from_region_blast
GII	AY823305	GII.18	7612	VP1	5065	5939	+	inferred_from_region_blast
GII	AY823305	GII.18	7612	VP2	6737	7564	+	genbank
GII	AY823305	GII.18	7612	3'UTR	7565	7612	+	genbank
GII	AY823305	GII.18	7612	RdRp	4302	5058	+	inferred_from_region_blast
GII	AB083780	GII.22	7560	VP1	5122	6727	+	inferred_from_region_blast
GII	AB083780	GII.22	7560	ORF1	5	5140	+	genbank
GII	AB083780	GII.22	7560	p48	5	1339	+	orf1_relative
GII	AB083780	GII.22	7560	NTPase	1340	2110	+	orf1_relative
GII	AB083780	GII.22	7560	p22	2111	2521	+	orf1_relative
GII	AB083780	GII.22	7560	VPg	2522	2932	+	orf1_relative
GII	AB083780	GII.22	7560	3CLpro	2933	3496	+	orf1_relative
GII	AB083780	GII.22	7560	RdRp	4359	5115	+	inferred_from_region_blast
GII	KR232647	GII.23	7259	VP1	4856	6487	+	genbank
GII	KR232647	GII.23	7259	VP2	6487	7251	+	genbank
GII	KR232647	GII.23	7259	ORF1	1	4875	+	genbank
GII	KR232647	GII.23	7259	p48	1	1268	+	orf1_relative
GII	KR232647	GII.23	7259	NTPase	1269	1999	+	orf1_relative
GII	KR232647	GII.23	7259	p22	2000	2389	+	orf1_relative
GII	KR232647	GII.23	7259	VPg	2390	2779	+	orf1_relative
GII	KR232647	GII.23	7259	3CLpro	2780	3315	+	orf1_relative
GII	KR232647	GII.23	7259	3'UTR	7252	7259	+	genbank
GII	KR232647	GII.23	7259	RdRp	4094	4850	+	inferred_from_region_blast
GII	KU306738	GII.26	7233	VP1	4856	6484	+	genbank
GII	KU306738	GII.26	7233	VP2	6484	7233	+	genbank
GII	KU306738	GII.26	7233	ORF1	1	4875	+	genbank
GII	KU306738	GII.26	7233	p48	1	1268	+	orf1_relative
GII	KU306738	GII.26	7233	NTPase	1269	1999	+	orf1_relative
GII	KU306738	GII.26	7233	p22	2000	2389	+	orf1_relative
GII	KU306738	GII.26	7233	VPg	2390	2779	+	orf1_relative
GII	KU306738	GII.26	7233	3CLpro	2780	3315	+	orf1_relative
GII	KU306738	GII.26	7233	RdRp	4094	4850	+	inferred_from_region_blast
GII	MG495077	GII.27	7259	VP1	4856	6487	+	genbank
GII	MG495077	GII.27	7259	VP2	6487	7251	+	genbank
GII	MG495077	GII.27	7259	ORF1	1	4875	+	genbank
GII	MG495077	GII.27	7259	p48	1	1268	+	orf1_relative
GII	MG495077	GII.27	7259	NTPase	1269	1999	+	orf1_relative
GII	MG495077	GII.27	7259	p22	2000	2389	+	orf1_relative
GII	MG495077	GII.27	7259	VPg	2390	2779	+	orf1_relative
GII	MG495077	GII.27	7259	3CLpro	2780	3315	+	orf1_relative
GII	MG495077	GII.27	7259	3'UTR	7252	7259	+	genbank
GII	MG495077	GII.27	7259	RdRp	4094	4850	+	inferred_from_region_blast
GII	MG495079	GII.NA1	7224	VP1	4847	6475	+	genbank
GII	MG495079	GII.NA1	7224	VP2	6475	7224	+	genbank
GII	MG495079	GII.NA1	7224	ORF1	1	4866	+	genbank
GII	MG495079	GII.NA1	7224	p48	1	1265	+	orf1_relative
GII	MG495079	GII.NA1	7224	NTPase	1266	1995	+	orf1_relative
GII	MG495079	GII.NA1	7224	p22	1996	2384	+	orf1_relative
GII	MG495079	GII.NA1	7224	VPg	2385	2774	+	orf1_relative
GII	MG495079	GII.NA1	7224	3CLpro	2775	3309	+	orf1_relative
GII	MG495079	GII.NA1	7224	RdRp	4085	4841	+	inferred_from_region_blast
GII	MW305520	GII.9	7475	ORF1	1	5063	+	genbank
GII	MW305520	GII.9	7475	p48	1	971	+	orf1_relative
GII	MW305520	GII.9	7475	NTPase	972	2069	+	orf1_relative
GII	MW305520	GII.9	7475	p22	2070	2588	+	orf1_relative
GII	MW305520	GII.9	7475	VPg	2589	2987	+	orf1_relative
GII	MW305520	GII.9	7475	3CLpro	2988	3530	+	orf1_relative
GII	MW305520	GII.9	7475	RdRp	3531	5060	+	orf1_relative
GII	MW305520	GII.9	7475	VP1	5044	6657	+	genbank
GII	MW305520	GII.9	7475	VP2	6657	7424	+	genbank
GII	MN227775	GIX.1	7545	ORF1	4	5100	+	genbank
GII	MN227775	GIX.1	7545	p48	4	1005	+	orf1_relative
GII	MN227775	GIX.1	7545	NTPase	1006	2103	+	orf1_relative
GII	MN227775	GIX.1	7545	p22	2104	2625	+	orf1_relative
GII	MN227775	GIX.1	7545	VPg	2626	3024	+	orf1_relative
GII	MN227775	GIX.1	7545	3CLpro	3025	3567	+	orf1_relative
GII	MN227775	GIX.1	7545	RdRp	3568	5097	+	orf1_relative
GII	MN227775	GIX.1	7545	VP1	5081	6748	+	genbank
GII	MN227775	GIX.1	7545	VP2	6748	7479	+	genbank
